INSERT INTO customers (customer_id, line_user_id, last_name, first_name, last_name_kana, first_name_kana, gender, phone_number, email, birth_date, notes, base_visit_count, created_at, updated_at) VALUES
('0104443a-eeef-4265-845e-fc70dad3b4fa', NULL, '佐藤', '陽菜', 'サトウ', 'ヒナ', 'female', '080-1001-0001', 'customer1@example.com', '1993-03-15', NULL, 5, NOW(), NOW()),
('04c5e0ce-b5c1-4cfa-8713-c68e377b0b92', NULL, '鈴木', '蓮', 'スズキ', 'レン', 'male', '090-1002-0002', 'customer2@example.com', '1988-11-20', NULL, 12, NOW(), NOW()),
('0707e314-129a-4faf-babd-f8f50f59b655', NULL, '高橋', '杏', 'タカハシ', 'アン', 'female', '070-1003-0003', 'customer3@example.com', '2001-07-01', 'アレルギーあり', 2, NOW(), NOW()),
('077617fc-b856-4f26-ac0f-b3ff1ea54f0f', NULL, '田中', '蒼', 'タナカ', 'アオイ', 'male', '080-1004-0004', 'customer4@example.com', '1995-01-30', NULL, 21, NOW(), NOW()),
('08bf46c8-8166-4991-9f6b-82c399998b74', NULL, '伊藤', '凛', 'イトウ', 'リン', 'female', '090-1005-0005', 'customer5@example.com', '1998-09-05', NULL, 8, NOW(), NOW()),
('0900e455-b4c5-426e-bbb6-9ff852d7cac3', NULL, '渡辺', '湊', 'ワタナベ', 'ミナト', 'male', '070-1006-0006', 'customer6@example.com', '1985-04-12', NULL, 3, NOW(), NOW()),
('0afe0d0a-dacd-4e62-90a9-3fde0f0d54d1', NULL, '山本', '結月', 'ヤマモト', 'ユヅキ', 'female', '080-1007-0007', 'customer7@example.com', '1991-02-28', NULL, 15, NOW(), NOW()),
('0c80a3b9-fb3a-481a-9db4-8c79c57b9803', NULL, '中村', '樹', 'ナカムラ', 'イツキ', 'male', '090-1008-0008', 'customer8@example.com', '1999-12-10', NULL, 1, NOW(), NOW()),
('0fd875e9-1349-454c-a62e-031e84cad6da', NULL, '小林', '楓', 'コバヤシ', 'カエデ', 'female', '070-1009-0009', 'customer9@example.com', '1996-06-22', NULL, 9, NOW(), NOW()),
('0ff56123-d3d5-4e1f-b1e9-48d1f330a719', NULL, '加藤', '大和', 'カトウ', 'ヤマト', 'male', '080-1010-0010', 'customer10@example.com', '1989-08-14', NULL, 4, NOW(), NOW()),
('11080935-b01c-4485-a600-027012c1429f', NULL, '吉田', '美桜', 'ヨシダ', 'ミオ', 'female', '090-1011-0011', 'customer11@example.com', '2000-05-18', NULL, 6, NOW(), NOW()),
('11bef297-d857-4c94-84b7-58c107b708f3', NULL, '山田', '陽翔', 'ヤマダ', 'ハルト', 'male', '070-1012-0012', 'customer12@example.com', '1994-10-03', '紹介でご来店', 0, NOW(), NOW()),
('1335c189-7a15-448f-bfe4-9e4887311b92', NULL, '佐々木', '莉子', 'ササキ', 'リコ', 'female', '080-1013-0013', 'customer13@example.com', '1992-03-25', NULL, 11, NOW(), NOW()),
('146ccc11-e354-4b0b-93be-0134c2bd67a4', NULL, '山口', '悠真', 'ヤマグチ', 'ユウマ', 'male', '090-1014-0014', 'customer14@example.com', '1987-12-08', NULL, 7, NOW(), NOW()),
('15f6527b-0dd8-4b1c-ab53-c9c50d90f1dc', NULL, '松本', '咲茉', 'マツモト', 'エマ', 'female', '070-1015-0015', 'customer15@example.com', '1997-02-14', NULL, 2, NOW(), NOW()),
('17e3a71b-2642-4370-9490-dfb09edab564', NULL, '井上', '颯', 'イノウエ', 'ハヤテ', 'male', '080-1016-0016', 'customer16@example.com', '1993-09-19', NULL, 18, NOW(), NOW()),
('180a8d94-b378-4faf-9b91-bcaa90a776ea', NULL, '木村', '一華', 'キムラ', 'イチカ', 'female', '090-1017-0017', 'customer17@example.com', '1986-07-29', NULL, 5, NOW(), NOW()),
('182da54d-02ab-46fc-90a2-fa61eb5904f7', NULL, '林', '暖', 'ハヤシ', 'ダン', 'male', '070-1018-0018', 'customer18@example.com', '2002-11-01', NULL, 1, NOW(), NOW()),
('18558043-0b3c-450e-bf03-cfddb0370091', NULL, '森', '結菜', 'モリ', 'ユイナ', 'female', '080-1019-0019', 'customer19@example.com', '1990-06-15', NULL, 14, NOW(), NOW()),
('18a4209e-e90b-40f9-be24-c34c95209da4', NULL, '池田', '律', 'イケダ', 'リツ', 'male', '090-1020-0020', 'customer20@example.com', '1995-04-22', NULL, 25, NOW(), NOW()),
('18c666a0-0112-4f51-97ed-c9543b895757', NULL, '橋本', '芽依', 'ハシモト', 'メイ', 'female', '070-1021-0021', 'customer21@example.com', '1988-01-07', NULL, 9, NOW(), NOW()),
('195f2f94-49d8-4b35-8560-cf45d2cf3e8d', NULL, '清水', '碧', 'シミズ', 'アオ', 'male', '080-1022-0022', 'customer22@example.com', '1996-08-11', NULL, 0, NOW(), NOW()),
('19a3cdef-745f-4e16-bbe3-3ea9229544d2', NULL, '石川', '朱莉', 'イシカワ', 'アカリ', 'female', '090-1023-0023', 'customer23@example.com', '1991-05-24', NULL, 3, NOW(), NOW()),
('1a5f7c16-ef58-4b34-a104-d78921ccc575', NULL, '中山', '絢斗', 'ナカヤマ', 'ケント', 'male', '070-1024-0024', 'customer24@example.com', '1999-03-03', NULL, 8, NOW(), NOW()),
('1ae82d69-ee8c-424b-a5a4-da87feda4e09', NULL, '前田', '愛', 'マエダ', 'アイ', 'female', '080-1025-0025', 'customer25@example.com', '1994-01-16', NULL, 13, NOW(), NOW()),
('1d4c376d-3a93-42f7-9862-cd169b58f2c8', NULL, '藤田', '蒼真', 'フジタ', 'ソウマ', 'male', '090-1026-0026', 'customer26@example.com', '1989-10-27', NULL, 6, NOW(), NOW()),
('1e1e4ee7-98ee-4d65-b596-998ccea70860', NULL, '小川', '琴葉', 'オガワ', 'コトハ', 'female', '070-1027-0027', 'customer27@example.com', '1998-07-08', NULL, 22, NOW(), NOW()),
('1efe902c-1489-41c4-b8b6-4dc6087ee93d', NULL, '岡田', '朔', 'オカダ', 'サク', 'male', '080-1028-0028', 'customer28@example.com', '1992-05-09', NULL, 1, NOW(), NOW()),
('1f7cfc2e-f397-4ffe-9817-8b7953ceba20', NULL, '後藤', '凪', 'ゴトウ', 'ナギ', 'female', '090-1029-0029', 'customer29@example.com', '2001-02-18', NULL, 10, NOW(), NOW()),
('1fc49c5d-8f14-44ac-b212-0baf9722a92a', NULL, '長谷川', '櫂', 'ハセガワ', 'カイ', 'male', '070-1030-0030', 'customer30@example.com', '1997-11-30', NULL, 4, NOW(), NOW()),
('2055e1f1-cc53-4dba-8fc9-de537471fb6e', NULL, '村上', '詩', 'ムラカミ', 'ウタ', 'female', '080-1031-0031', 'customer31@example.com', '1993-06-04', NULL, 17, NOW(), NOW()),
('20d62638-c5be-46cd-94e4-250acfa17405', NULL, '石井', '凪', 'イシイ', 'ナギ', 'male', '090-1032-0032', 'customer32@example.com', '1986-04-14', NULL, 2, NOW(), NOW()),
('224e0fed-0685-4d66-9b52-1c71021bda0a', NULL, '坂本', '紬', 'サカモト', 'ツムギ', 'female', '070-1033-0033', 'customer33@example.com', '1996-01-21', NULL, 8, NOW(), NOW()),
('24c74f4a-0498-4d54-beaa-2442acecdd6e', NULL, '近藤', '新', 'コンドウ', 'アラタ', 'male', '080-1034-0034', 'customer34@example.com', '1990-10-10', NULL, 16, NOW(), NOW()),
('2576372a-b4d7-470d-a65a-a8e6326c73a0', NULL, '遠藤', '凛', 'エンドウ', 'リン', 'female', '090-1035-0035', 'customer35@example.com', '1999-08-02', NULL, 0, NOW(), NOW()),
('2799885e-99a8-4753-9764-205789d730e1', NULL, '藤井', '伊織', 'フジイ', 'イオリ', 'male', '070-1036-0036', 'customer36@example.com', '1992-09-08', NULL, 7, NOW(), NOW()),
('2a0bf9d4-d324-46ec-a95a-df109bc94c54', NULL, '西村', '澪', 'ニシムラ', 'ミオ', 'female', '080-1037-0037', 'customer37@example.com', '1987-07-17', NULL, 12, NOW(), NOW()),
('2c131dbc-f5d9-46d1-b9c1-b549f5ee49c0', NULL, '斉藤', '朔久', 'サイトウ', 'サク', 'male', '090-1038-0038', 'customer38@example.com', '1997-05-11', NULL, 3, NOW(), NOW()),
('2f42f714-14ab-4fb4-acf7-e0d216553834', NULL, '福田', '心春', 'フクダ', 'コハル', 'female', '070-1039-0039', 'customer39@example.com', '1994-03-01', NULL, 20, NOW(), NOW()),
('3142172f-dff2-4f47-a0db-bc31e30367a0', NULL, '三浦', '怜', 'ミウラ', 'レイ', 'male', '080-1040-0040', 'customer40@example.com', '1991-12-25', NULL, 5, NOW(), NOW()),
('317754f8-9bf6-4635-8679-08508e7be0a2', NULL, '岡本', '結愛', 'オカモト', 'ユア', 'female', '090-1041-0041', 'customer41@example.com', '1998-02-03', NULL, 11, NOW(), NOW()),
('31e11987-0326-4d8e-9fee-fefd606ae226', NULL, '西田', '悠', 'ニシダ', 'ユウ', 'male', '070-1042-0042', 'customer42@example.com', '1995-11-13', NULL, 19, NOW(), NOW()),
('31ec8bdf-3ff1-4dbd-8d3c-f684398b6139', NULL, '中野', '百花', 'ナカノ', 'モモカ', 'female', '080-1043-0043', 'customer43@example.com', '1990-01-01', NULL, 6, NOW(), NOW()),
('324796c0-febd-4139-bb9e-0fd095b6f323', NULL, '野口', '蓮', 'ノグチ', 'レン', 'male', '090-1044-0044', 'customer44@example.com', '1985-08-23', NULL, 0, NOW(), NOW()),
('33bd8e46-1ad2-446c-ab58-1db813b714fb', NULL, '武田', '結', 'タケダ', 'ユイ', 'female', '070-1045-0045', 'customer45@example.com', '2000-09-17', NULL, 13, NOW(), NOW()),
('34698cf9-002e-498a-bbc0-cd9c7bf8e071', NULL, '上野', '大輔', 'ウエノ', 'ダイスケ', 'male', '080-1046-0046', 'customer46@example.com', '1996-06-28', NULL, 8, NOW(), NOW()),
('355d756d-0a7f-4897-b31b-cea34ca19460', NULL, '松田', '愛莉', 'マツダ', 'アイリ', 'female', '090-1047-0047', 'customer47@example.com', '1992-04-18', NULL, 4, NOW(), NOW()),
('363ea153-f23d-4f4d-a494-76008650a23f', NULL, '原田', '陸', 'ハラダ', 'リク', 'male', '070-1048-0048', 'customer48@example.com', '1989-02-09', NULL, 23, NOW(), NOW()),
('38096f24-20d5-4955-8030-6600a6e2c559', NULL, '小島', '莉緒', 'コジマ', 'リオ', 'female', '080-1049-0049', 'customer49@example.com', '1997-10-06', NULL, 2, NOW(), NOW()),
('39a62f68-c8cc-4b80-ad7d-f1aff2bf1cdd', NULL, '中島', '翔', 'ナカジマ', 'ショウ', 'male', '090-1050-0050', 'customer50@example.com', '1993-07-13', NULL, 15, NOW(), NOW()),
('3adfe149-1345-4139-aede-e14e68ae95fa', NULL, '今井', '美結', 'イマイ', 'ミユ', 'female', '070-1051-0051', 'customer51@example.com', '1999-05-27', NULL, 9, NOW(), NOW()),
('3c07358a-6321-45a0-8610-bb9b934e813f', NULL, '高田', '健太', 'タカダ', 'ケンタ', 'male', '080-1052-0052', 'customer52@example.com', '1994-08-08', NULL, 1, NOW(), NOW()),
('3f953f36-be5f-47bb-93aa-a465a7f44dd3', NULL, '丸山', '彩葉', 'マルヤマ', 'イロハ', 'female', '090-1053-0053', 'customer53@example.com', '1988-06-01', NULL, 17, NOW(), NOW()),
('4169014a-5d22-4799-bfc5-fe992533d060', NULL, '大塚', '拓海', 'オオツカ', 'タクミ', 'male', '070-1054-0054', 'customer54@example.com', '1996-03-12', NULL, 11, NOW(), NOW()),
('471a2328-5ef3-4a99-a211-881d19ee08a3', NULL, '森田', '陽葵', 'モリタ', 'ヒマリ', 'female', '080-1055-0055', 'customer55@example.com', '1991-01-23', NULL, 5, NOW(), NOW()),
('477b6bb9-f17a-4878-9408-655f7b18ffaf', NULL, '内田', '翔太', 'ウチダ', 'ショウタ', 'male', '090-1056-0056', 'customer56@example.com', '1986-10-15', NULL, 24, NOW(), NOW()),
('4a5b665e-52ed-4d88-a90f-23825be339c3', NULL, '杉山', '心陽', 'スギヤマ', 'コハル', 'female', '070-1057-0057', 'customer57@example.com', '2001-08-20', NULL, 3, NOW(), NOW()),
('4e6aa0ef-0769-44c8-89a0-e4191f14b4b9', NULL, '小野', '大輝', 'オノ', 'ダイキ', 'male', '080-1058-0058', 'customer58@example.com', '1995-06-07', NULL, 10, NOW(), NOW()),
('50d7171f-5104-4e44-9f51-a0a90643e6af', NULL, '桜井', '美月', 'サクライ', 'ミツキ', 'female', '090-1059-0059', 'customer59@example.com', '1990-04-04', NULL, 16, NOW(), NOW()),
('5174cbfb-c8bb-4db5-883c-34fafd00ee9c', NULL, '大西', '悠', 'オオニシ', 'ハルカ', 'male', '070-1060-0060', 'customer60@example.com', '1985-02-11', NULL, 7, NOW(), NOW()),
('5177c495-b60e-4936-9f33-9492c94311fd', NULL, '平野', '莉緒', 'ヒラノ', 'リオ', 'female', '080-1061-0061', 'customer61@example.com', '1999-12-29', NULL, 0, NOW(), NOW()),
('54064ae2-11ed-4604-8cc7-81990723ac1c', NULL, '菊地', '蒼大', 'キクチ', 'ソウタ', 'male', '090-1062-0062', 'customer62@example.com', '1994-10-18', NULL, 14, NOW(), NOW()),
('5422a3b9-3738-4ef7-916d-09743d962cd0', NULL, '久保', '結衣', 'クボ', 'ユイ', 'female', '070-1063-0063', 'customer63@example.com', '1989-08-28', NULL, 9, NOW(), NOW()),
('5430c417-abaa-46b3-bfb0-3fde199ae5db', NULL, '千葉', '蓮', 'チバ', 'レン', 'male', '080-1064-0064', 'customer64@example.com', '1998-06-19', NULL, 2, NOW(), NOW()),
('55d1552d-28e1-412c-969e-992f0058110c', NULL, '野村', 'ひかり', 'ノムラ', 'ヒカリ', 'female', '090-1065-0065', 'customer65@example.com', '1992-04-29', NULL, 21, NOW(), NOW()),
('55f4a889-d991-400b-9715-5cd2aa2143b1', NULL, '谷口', '陽向', 'タニグチ', 'ヒナタ', 'male', '070-1066-0066', 'customer66@example.com', '1987-03-05', NULL, 4, NOW(), NOW()),
('57b75d36-582f-4e95-a617-761ddaed8392', NULL, '新井', '莉央', 'アライ', 'リオ', 'female', '080-1067-0067', 'customer67@example.com', '1997-01-12', NULL, 12, NOW(), NOW()),
('5bb5c3e0-cff0-4bd3-8127-10f7bb396cb9', NULL, '岩崎', '蒼', 'イワサキ', 'アオイ', 'male', '090-1068-0068', 'customer68@example.com', '1993-11-06', NULL, 18, NOW(), NOW()),
('5c599f78-33ec-4063-aa16-39d5612cd773', NULL, '河野', '結月', 'コウノ', 'ユヅキ', 'female', '070-1069-0069', 'customer69@example.com', '1999-09-21', NULL, 6, NOW(), NOW()),
('5f521a0f-74a7-4284-be41-7d9b68f32477', NULL, '篠原', '律', 'シノハラ', 'リツ', 'male', '080-1070-0070', 'customer70@example.com', '1994-07-25', NULL, 1, NOW(), NOW()),
('60c4ceab-a1a3-4c4f-850b-192c82779008', NULL, '宮崎', '咲良', 'ミヤザキ', 'サクラ', 'female', '090-1071-0071', 'customer71@example.com', '1988-05-31', NULL, 19, NOW(), NOW()),
('60ed4116-1a7d-485d-8350-2b55364734ca', NULL, '和田', '朝陽', 'ワダ', 'アサヒ', 'male', '070-1072-0072', 'customer72@example.com', '1996-04-06', NULL, 13, NOW(), NOW()),
('637a914e-4a16-4861-9b8b-8cf1e848b2bb', NULL, '石田', '杏奈', 'イシダ', 'アンナ', 'female', '080-1073-0073', 'customer73@example.com', '1991-02-15', NULL, 7, NOW(), NOW()),
('63ad9ef2-13c5-4d05-833c-c7885d9c35cd', NULL, '上田', '奏太', 'ウエダ', 'ソウタ', 'male', '090-1074-0074', 'customer74@example.com', '1986-12-01', NULL, 2, NOW(), NOW()),
('68fef161-4178-41d3-bed4-d7e5bc6beb2d', NULL, '杉本', '結', 'スギモト', 'ユイ', 'female', '070-1075-0075', 'customer75@example.com', '2001-10-24', NULL, 22, NOW(), NOW()),
('6b2c2617-2fc5-4e5b-94a2-492f1aaccd9f', NULL, '望月', '湊斗', 'モチヅキ', 'ミナト', 'male', '080-1076-0076', 'customer76@example.com', '1995-08-30', NULL, 5, NOW(), NOW()),
('6ca60158-c46e-4f19-9bdb-7fbe780faa6f', NULL, '横山', '莉緒', 'ヨコヤマ', 'リオ', 'female', '090-1077-0077', 'customer77@example.com', '1990-07-07', NULL, 15, NOW(), NOW()),
('6e055a24-65a2-4664-91ab-cea27708d3d2', NULL, '大野', '悠人', 'オオノ', 'ハルト', 'male', '070-1078-0078', 'customer78@example.com', '1985-05-13', NULL, 10, NOW(), NOW()),
('6e66e052-01ff-4de3-8921-da711cb188f9', NULL, '松井', '心春', 'マツイ', 'コハル', 'female', '080-1079-0079', 'customer79@example.com', '2000-03-20', NULL, 3, NOW(), NOW()),
('7026dcd1-d6c3-4ae9-9d83-8a87c63ff6b7', NULL, '小山', '悠生', 'コヤマ', 'ユウセイ', 'male', '090-1080-0080', 'customer80@example.com', '1996-01-28', NULL, 20, NOW(), NOW()),
('70efd43e-9cff-4dbb-890f-7ecc502981d2', NULL, '宮本', '陽菜', 'ミヤモト', 'ヒナ', 'female', '070-1081-0081', 'customer81@example.com', '1992-11-18', NULL, 8, NOW(), NOW()),
('7106e06b-5336-4284-81a0-0adaab02ffde', NULL, '内藤', '結翔', 'ナイトウ', 'ユイト', 'male', '080-1082-0082', 'customer82@example.com', '1987-09-23', NULL, 1, NOW(), NOW()),
('7135a175-242f-48f1-a14b-efcea189c637', NULL, '金子', '咲茉', 'カネコ', 'エマ', 'female', '090-1083-0083', 'customer83@example.com', '1997-08-04', NULL, 17, NOW(), NOW()),
('72f05fc8-5c75-47a6-8ab8-488ed2c17565', NULL, '関', '大和', 'セキ', 'ヤマト', 'male', '070-1084-0084', 'customer84@example.com', '1993-06-11', NULL, 12, NOW(), NOW()),
('73d21f4f-3563-4ef8-868a-6cc44445d29d', NULL, '木下', '一華', 'キノシタ', 'イチカ', 'female', '080-1085-0085', 'customer85@example.com', '1988-04-16', NULL, 6, NOW(), NOW()),
('74e7aa9f-ec0e-4104-8a1d-5bc6e3e93fae', NULL, '飯田', '暖', 'イイダ', 'ダン', 'male', '090-1086-0086', 'customer86@example.com', '1998-02-21', NULL, 25, NOW(), NOW()),
('74ed7838-680b-48df-88b0-59997f54b787', NULL, '本田', '朱莉', 'ホンダ', 'アカリ', 'female', '070-1087-0087', 'customer87@example.com', '1994-12-07', NULL, 4, NOW(), NOW()),
('75b1fffd-95c9-411a-9215-a4ce2899860a', NULL, '小松', '颯真', 'コマツ', 'ソウマ', 'male', '080-1088-0088', 'customer88@example.com', '1989-10-23', NULL, 11, NOW(), NOW()),
('78a76b0c-0d20-4e35-957e-5dc19f92f381', NULL, '辻', '愛', 'ツジ', 'アイ', 'female', '090-1089-0089', 'customer89@example.com', '1999-09-02', NULL, 19, NOW(), NOW()),
('794ed345-59a9-49af-a6a5-79d3bc86fae1', NULL, '中川', '悠', 'ナカガワ', 'ユウ', 'male', '070-1090-0090', 'customer90@example.com', '1995-07-09', NULL, 7, NOW(), NOW()),
('7a1b6707-2126-48d9-a6b9-e05e367d74c1', NULL, '岡', '琴葉', 'オカ', 'コトハ', 'female', '080-1091-0091', 'customer91@example.com', '1990-05-15', NULL, 0, NOW(), NOW()),
('7ba9a7d9-9c01-4678-8a90-e518fa02d1db', NULL, '田村', '陽翔', 'タムラ', 'ハルト', 'male', '090-1092-0092', 'customer92@example.com', '1985-03-22', NULL, 16, NOW(), NOW()),
('7e3cfb36-e1a3-4209-a2dc-93e6ecc9c3de', NULL, '荒木', '凪', 'アラキ', 'ナギ', 'female', '070-1093-0093', 'customer93@example.com', '2000-01-29', NULL, 10, NOW(), NOW()),
('7ed1f4bb-3b94-4cdc-a12f-1c9baeabb2b3', NULL, '工藤', '蓮', 'クドウ', 'レン', 'male', '080-1094-0094', 'customer94@example.com', '1996-11-14', NULL, 3, NOW(), NOW()),
('7f4596ba-f527-4f21-865b-7222bf3971c5', NULL, '福井', '凛', 'フクイ', 'リン', 'female', '090-1095-0095', 'customer95@example.com', '1992-09-20', NULL, 23, NOW(), NOW()),
('7f7c7af1-ea6b-406c-9161-b38481627bcd', NULL, '安田', '伊織', 'ヤスダ', 'イオリ', 'male', '070-1096-0096', 'customer96@example.com', '1987-07-26', NULL, 8, NOW(), NOW()),
('7f90cd11-5a26-4966-a11d-b208a0785d5c', NULL, '松尾', '結菜', 'マツオ', 'ユイナ', 'female', '080-1097-0097', 'customer97@example.com', '1997-06-02', NULL, 1, NOW(), NOW()),
('7f9957e8-ff02-49c6-9b20-3ae310abb9c9', NULL, '小沢', '大輝', 'オザワ', 'ダイキ', 'male', '090-1098-0098', 'customer98@example.com', '1993-04-08', NULL, 18, NOW(), NOW()),
('80227226-45e9-416f-8e87-1c73aebecd9f', NULL, '川崎', '莉子', 'カワサキ', 'リコ', 'female', '070-1099-0099', 'customer99@example.com', '1988-02-12', NULL, 12, NOW(), NOW()),
('804eca98-3699-4ad7-b932-844762cdf6da', NULL, '水野', '律', 'ミズノ', 'リツ', 'male', '080-1100-0100', 'customer100@example.com', '1998-12-02', NULL, 5, NOW(), NOW()),
('812bd1da-73f0-46e1-a586-6fa793bee4a9', NULL, '吉川', '芽依', 'ヨシカワ', 'メイ', 'female', '090-1101-0101', 'customer101@example.com', '1994-10-09', NULL, 22, NOW(), NOW()),
('826b8617-2232-4afd-9eb7-01be72c12eb0', NULL, '古川', '悠真', 'フルカワ', 'ユウマ', 'male', '070-1102-0102', 'customer102@example.com', '1989-08-15', NULL, 9, NOW(), NOW()),
('8956e044-41f7-4b34-aed6-303ed0425b62', NULL, '三宅', '心陽', 'ミヤケ', 'コハル', 'female', '080-1103-0103', 'customer103@example.com', '1999-06-25', NULL, 2, NOW(), NOW()),
('8ac1a81f-0caf-4a80-bd54-7026f9e54bdd', NULL, '鎌田', '陽向', 'カマタ', 'ヒナタ', 'male', '090-1104-0104', 'customer104@example.com', '1995-04-30', NULL, 20, NOW(), NOW()),
('8e1c674a-8759-49e9-bc93-0a5c776f2439', NULL, '青木', '紬', 'アオキ', 'ツムギ', 'female', '070-1105-0105', 'customer105@example.com', '1990-03-07', NULL, 14, NOW(), NOW()),
('8ebea2bc-3a58-4fb8-89ae-1fd58ed770f7', NULL, '太田', '新', 'オオタ', 'アラタ', 'male', '080-1106-0106', 'customer106@example.com', '1985-01-14', NULL, 6, NOW(), NOW()),
('94a93d15-a12b-4cbb-87be-76c2c6c88d60', NULL, '佐野', '詩', 'サノ', 'ウタ', 'female', '090-1107-0107', 'customer107@example.com', '2000-11-23', NULL, 1, NOW(), NOW()),
('94c21ab7-5aec-4a8c-88f5-aa4fdec4365c', NULL, '柴田', '蒼大', 'シバタ', 'ソウタ', 'male', '070-1108-0108', 'customer108@example.com', '1996-09-28', NULL, 17, NOW(), NOW()),
('9691cb96-6932-42dc-889b-2b2a390b08fd', NULL, '大橋', '楓', 'オオハシ', 'カエデ', 'female', '080-1109-0109', 'customer109@example.com', '1992-08-03', NULL, 11, NOW(), NOW()),
('97381e89-c3ea-48ca-ab4c-6dbb5a1c5f9e', NULL, '矢野', '櫂', 'ヤノ', 'カイ', 'male', '090-1110-0110', 'customer110@example.com', '1987-06-09', NULL, 4, NOW(), NOW()),
('9c3302bf-9f9d-4063-aefc-17cc6a68c30f', NULL, '根本', 'ひかり', 'ネモト', 'ヒカリ', 'female', '070-1111-0111', 'customer111@example.com', '1997-04-15', NULL, 24, NOW(), NOW()),
('9fd0f5bd-c4dd-4898-b405-1171ae99b017', NULL, '浜田', '絢斗', 'ハマダ', 'ケント', 'male', '080-1112-0112', 'customer112@example.com', '1993-02-19', NULL, 9, NOW(), NOW()),
('a0202f7e-4806-4f0a-95e6-cdf0d000029e', NULL, '小田', '美結', 'オダ', 'ミユ', 'female', '090-1113-0113', 'customer113@example.com', '1988-12-05', NULL, 2, NOW(), NOW()),
('a18b6cd3-0dfe-4231-9a91-4948cdfad1b5', NULL, '川口', '朔', 'カワグチ', 'サク', 'male', '070-1114-0114', 'customer114@example.com', '1998-10-12', NULL, 21, NOW(), NOW()),
('a21902e0-9ce5-4997-884a-d8fb29f1bbb0', NULL, '服部', '結愛', 'ハットリ', 'ユア', 'female', '080-1115-0115', 'customer115@example.com', '1994-08-18', NULL, 7, NOW(), NOW()),
('a58158b8-2ac7-4b1e-be53-5d3a2e4378e6', NULL, '岩田', '大和', 'イワタ', 'ヤマト', 'male', '090-1116-0116', 'customer116@example.com', '1989-06-24', NULL, 15, NOW(), NOW()),
('a5896fb8-0354-46a8-bac1-fa6d0be6d540', NULL, '中島', '心春', 'ナカシマ', 'コハル', 'female', '070-1117-0117', 'customer117@example.com', '1999-04-30', NULL, 10, NOW(), NOW()),
('a6b07c79-fb94-44b9-9693-2b109daa6bd3', NULL, '久保田', '蓮', 'クボタ', 'レン', 'male', '080-1118-0118', 'customer118@example.com', '1995-03-06', NULL, 3, NOW(), NOW()),
('a81978a1-cda1-4f10-9dfc-81d37f0c5e8d', NULL, '石橋', '咲良', 'イシバシ', 'サクラ', 'female', '090-1119-0119', 'customer119@example.com', '1990-01-11', NULL, 20, NOW(), NOW()),
('a9686b75-f12a-4c30-86c0-bfaafe495964', NULL, '田辺', '悠生', 'タナベ', 'ユウセイ', 'male', '070-1120-0120', 'customer120@example.com', '1985-11-17', NULL, 13, NOW(), NOW()),
('aaabf464-29f3-4f98-bf83-30eaf713f013', NULL, '山下', '美月', 'ヤマシタ', 'ミツキ', 'female', '080-1121-0121', 'customer121@example.com', '2000-09-22', NULL, 6, NOW(), NOW()),
('aab84bc0-4e1c-4170-9e63-987e56ce595a', NULL, '五十嵐', '陸', 'イガラシ', 'リク', 'male', '090-1122-0122', 'customer122@example.com', '1996-07-28', NULL, 1, NOW(), NOW()),
('ab19345d-dcdd-44ee-be38-5420bc4bf673', NULL, '堀', '愛莉', 'ホリ', 'アイリ', 'female', '070-1123-0123', 'customer123@example.com', '1992-06-03', NULL, 18, NOW(), NOW()),
('ad1fb91b-92f3-42a7-9a86-edaeea16e034', NULL, '松浦', '悠', 'マツウラ', 'ハルカ', 'male', '080-1124-0124', 'customer124@example.com', '1987-04-09', NULL, 12, NOW(), NOW()),
('af90eae1-e44e-4686-be1a-061032e9b76b', NULL, '吉岡', '結', 'ヨシオカ', 'ユイ', 'female', '090-1125-0125', 'customer125@example.com', '1997-02-13', NULL, 5, NOW(), NOW()),
('af9f8277-950a-4de7-a9b4-54143c5fbc75', NULL, '渡部', '陽翔', 'ワタベ', 'ハルト', 'male', '070-1126-0126', 'customer126@example.com', '1993-12-01', NULL, 25, NOW(), NOW()),
('afe196af-21ff-464d-bfee-b9bb9d72922d', NULL, '伊東', '莉央', 'イトウ', 'リオ', 'female', '080-1127-0127', 'customer127@example.com', '1999-10-08', NULL, 8, NOW(), NOW()),
('b02b238f-a5f6-41f3-b8de-6111b0d1889b', NULL, '水野', '悠人', 'ミズノ', 'ユウト', 'male', '090-1128-0128', 'customer128@example.com', '1994-08-14', NULL, 2, NOW(), NOW()),
('b491b638-88e9-42c9-92be-78a715a8017f', NULL, '吉川', '陽菜', 'キッカワ', 'ヒナ', 'female', '070-1129-0129', 'customer129@example.com', '1989-06-20', NULL, 21, NOW(), NOW()),
('b5ed4270-bc36-42e9-8a96-c0bc0bb0ddfb', NULL, '古川', '蓮', 'フルカワ', 'レン', 'male', '080-1130-0130', 'customer130@example.com', '1999-04-26', NULL, 7, NOW(), NOW()),
('b65c3b0a-8487-462b-8464-f1abb402a53d', NULL, '三宅', '咲茉', 'ミヤケ', 'エマ', 'female', '090-1131-0131', 'customer131@example.com', '1995-03-02', NULL, 16, NOW(), NOW()),
('baa50e29-0f30-4715-91ef-c05e2cb2706b', NULL, '鎌田', '朝陽', 'カマタ', 'アサヒ', 'male', '070-1132-0132', 'customer132@example.com', '1990-01-08', NULL, 11, NOW(), NOW()),
('bda602e1-c69a-496c-a58a-c5677c605d49', NULL, '青木', '紬', 'アオキ', 'ツムギ', 'female', '080-1133-0133', 'customer133@example.com', '1985-11-14', NULL, 4, NOW(), NOW()),
('bf262864-2243-4b35-856b-476679819729', NULL, '太田', '伊織', 'オオタ', 'イオリ', 'male', '090-1134-0134', 'customer134@example.com', '2000-09-19', NULL, 24, NOW(), NOW()),
('c0b5499f-86c7-4f6a-ac72-d44682610684', NULL, '佐野', '心春', 'サノ', 'コハル', 'female', '070-1135-0135', 'customer135@example.com', '1996-07-25', NULL, 9, NOW(), NOW()),
('c479fc7e-4dce-4e3c-ac1d-a1533a2b3416', NULL, '柴田', '大和', 'シバタ', 'ヤマト', 'male', '080-1136-0136', 'customer136@example.com', '1992-05-31', NULL, 2, NOW(), NOW()),
('c4bd394c-3e30-44fe-9606-3fb4bfbe6fd4', NULL, '大橋', '咲良', 'オオハシ', 'サクラ', 'female', '090-1137-0137', 'customer137@example.com', '1987-04-06', NULL, 21, NOW(), NOW()),
('c708f4d3-da8c-4b84-b8c8-94e7cea58dc7', NULL, '矢野', '蓮', 'ヤノ', 'レン', 'male', '070-1138-0138', 'customer138@example.com', '1997-02-10', NULL, 15, NOW(), NOW()),
('c8f25991-3289-43d7-8c17-5682cdd75890', NULL, '根本', '美桜', 'ネモト', 'ミオ', 'female', '080-1139-0139', 'customer139@example.com', '1993-12-17', NULL, 8, NOW(), NOW()),
('c97365cb-6ef5-4b22-aa55-7c1cdcf42356', NULL, '浜田', '陽翔', 'ハマダ', 'ハルト', 'male', '090-1140-0140', 'customer140@example.com', '1988-10-23', NULL, 1, NOW(), NOW()),
('ca863843-78d3-4655-bc6b-91741d36074c', NULL, '小田', '一華', 'オダ', 'イチカ', 'female', '070-1141-0141', 'customer141@example.com', '1998-08-29', NULL, 18, NOW(), NOW()),
('caa08af1-50e4-4672-b0d3-0b89d1a7ac08', NULL, '川口', '悠', 'カワグチ', 'ユウ', 'male', '080-1142-0142', 'customer142@example.com', '1994-07-05', NULL, 13, NOW(), NOW()),
('cb4c727d-4226-480e-9edf-709aa4048e22', NULL, '服部', '結菜', 'ハットリ', 'ユイナ', 'female', '090-1143-0143', 'customer143@example.com', '1989-05-11', NULL, 6, NOW(), NOW()),
('cb4eb827-433f-4678-be90-624fab269afa', NULL, '岩田', '大輝', 'イワタ', 'ダイキ', 'male', '070-1144-0144', 'customer144@example.com', '1999-03-18', NULL, 25, NOW(), NOW()),
('cb9bc4b9-210c-41df-a0c7-228d66dd0b3a', NULL, '中島', '楓', 'ナカシマ', 'カエデ', 'female', '080-1145-0145', 'customer145@example.com', '1995-01-24', NULL, 10, NOW(), NOW()),
('cd0ca976-551d-4012-87a0-a016a6794e86', NULL, '久保田', '颯', 'クボタ', 'ハヤテ', 'male', '090-1146-0146', 'customer146@example.com', '1990-11-30', NULL, 3, NOW(), NOW()),
('cd411240-8ea8-4736-aa09-b6cdf32d0514', NULL, '石橋', '結', 'イシバシ', 'ユイ', 'female', '070-1147-0147', 'customer147@example.com', '1985-10-06', NULL, 22, NOW(), NOW()),
('cd66d3b2-c0ee-4978-a70a-0adc74e7463e', NULL, '田辺', '陽向', 'タナベ', 'ヒナタ', 'male', '080-1148-0148', 'customer148@example.com', '2000-08-12', NULL, 15, NOW(), NOW()),
('d0fb0a65-ed17-4945-8e2e-12e524a94cc4', NULL, '山下', '美月', 'ヤマシタ', 'ミツキ', 'female', '090-1149-0149', 'customer149@example.com', '1996-06-18', NULL, 8, NOW(), NOW()),
('d22bf811-e177-4cf2-82e9-3c223da9a431', NULL, '五十嵐', '新', 'イガラシ', 'アラタ', 'male', '070-1150-0150', 'customer150@example.com', '1992-04-24', NULL, 1, NOW(), NOW()),
('d2ec3b95-1326-4beb-9183-2275954d8b98', NULL, '堀', '愛莉', 'ホリ', 'アイリ', 'female', '080-1151-0151', 'customer151@example.com', '1987-03-01', NULL, 20, NOW(), NOW()),
('d36ae62f-107b-46a6-b842-596d9a5c978a', NULL, '松浦', '悠人', 'マツウラ', 'ユウト', 'male', '090-1152-0152', 'customer152@example.com', '1997-01-05', NULL, 13, NOW(), NOW()),
('d41d540a-b1f3-4888-a11e-b8ed75ebf93d', NULL, '吉岡', '陽葵', 'ヨシオカ', 'ヒマリ', 'female', '070-1153-0153', 'customer153@example.com', '1993-11-11', NULL, 6, NOW(), NOW()),
('d48499d8-03ff-4d00-814b-a43b5ef1f9cb', NULL, '渡部', '蓮', 'ワタベ', 'レン', 'male', '080-1154-0154', 'customer154@example.com', '1988-09-17', NULL, 25, NOW(), NOW()),
('d60cfbe9-395e-435e-9e5c-457b54ff1fed', NULL, '伊東', '凛', 'イトウ', 'リン', 'female', '090-1155-0155', 'customer155@example.com', '1998-07-23', NULL, 10, NOW(), NOW()),
('d6aa386d-6c7d-4927-88d9-11bd31fff2e0', NULL, '水野', '悠', 'ミズノ', 'ユウ', 'male', '070-1156-0156', 'customer156@example.com', '1994-05-29', NULL, 3, NOW(), NOW()),
('d6e97e9c-3b16-437b-86f8-8bd2e1b95fea', NULL, '吉川', '結菜', 'キッカワ', 'ユイナ', 'female', '080-1157-0157', 'customer157@example.com', '1989-04-04', NULL, 22, NOW(), NOW()),
('d7c78419-8b83-4244-8109-458c588d8687', NULL, '古川', '大輝', 'フルカワ', 'ダイキ', 'male', '090-1158-0158', 'customer158@example.com', '1999-02-08', NULL, 15, NOW(), NOW()),
('ddd79fd0-bd34-4ede-9edd-5c2e5e1e2a6b', NULL, '三宅', '莉子', 'ミヤケ', 'リコ', 'female', '070-1159-0159', 'customer159@example.com', '1995-12-15', NULL, 8, NOW(), NOW()),
('df610126-78b4-45ac-803c-b3e95f980504', NULL, '鎌田', '律', 'カマタ', 'リツ', 'male', '080-1160-0160', 'customer160@example.com', '1990-10-21', NULL, 1, NOW(), NOW()),
('e0908974-12e9-44df-ab0d-4613f7368112', NULL, '青木', '芽依', 'アオキ', 'メイ', 'female', '090-1161-0161', 'customer161@example.com', '1985-08-27', NULL, 20, NOW(), NOW()),
('e0c664d9-c274-4f40-af3d-9c5f220c6027', NULL, '太田', '悠真', 'オオタ', 'ユウマ', 'male', '070-1162-0162', 'customer162@example.com', '2000-07-03', NULL, 13, NOW(), NOW()),
('e32fe5a8-d923-4c3b-a6ea-3f4e03ad4979', NULL, '佐野', '心陽', 'サノ', 'コハル', 'female', '080-1163-0163', 'customer163@example.com', '1996-05-09', NULL, 6, NOW(), NOW()),
('e84ecdf7-3f08-4aeb-b365-72a8dbc48b6a', NULL, '柴田', '陽向', 'シバタ', 'ヒナタ', 'male', '090-1164-0164', 'customer164@example.com', '1992-03-15', NULL, 25, NOW(), NOW()),
('e8f615bb-837c-4e0f-ba43-04feb135967e', NULL, '大橋', '紬', 'オオハシ', 'ツムギ', 'female', '070-1165-0165', 'customer165@example.com', '1987-01-20', NULL, 10, NOW(), NOW()),
('e96b8f7a-4341-4c54-a1f1-673ba9596f5c', NULL, '矢野', '蓮', 'ヤノ', 'レン', 'male', '080-1166-0166', 'customer166@example.com', '1997-11-26', NULL, 3, NOW(), NOW()),
('ed5a32e3-b73c-4428-91fc-205bf720302d', NULL, '根本', '詩', 'ネモト', 'ウタ', 'female', '090-1167-0167', 'customer167@example.com', '1993-10-02', NULL, 22, NOW(), NOW()),
('edb3a1cd-40c8-4957-9989-4262a5529c72', NULL, '浜田', '蒼大', 'ハマダ', 'ソウタ', 'male', '070-1168-0168', 'customer168@example.com', '1988-08-08', NULL, 15, NOW(), NOW()),
('ee65db69-1bd0-48be-be1d-594516246397', NULL, '小田', '楓', 'オダ', 'カエデ', 'female', '080-1169-0169', 'customer169@example.com', '1998-06-14', NULL, 8, NOW(), NOW()),
('f0a006b8-802d-42e0-b7e2-93eddcfb4cb4', NULL, '川口', '櫂', 'カワグチ', 'カイ', 'male', '090-1170-0170', 'customer170@example.com', '1994-04-20', NULL, 1, NOW(), NOW()),
('f2d5c138-db8b-4146-b18e-2bc04f741321', NULL, '服部', 'ひかり', 'ハットリ', 'ヒカリ', 'female', '070-1171-0171', 'customer171@example.com', '1989-02-24', NULL, 20, NOW(), NOW()),
('f3c3d835-948f-4039-b01e-f9858addbfd2', NULL, '岩田', '絢斗', 'イワタ', 'ケント', 'male', '080-1172-0172', 'customer172@example.com', '1999-12-31', NULL, 13, NOW(), NOW()),
('f40a31db-628e-490a-99dd-c7cade26c0cf', NULL, '中島', '美結', 'ナカシマ', 'ミユ', 'female', '090-1173-0173', 'customer173@example.com', '1995-11-06', NULL, 6, NOW(), NOW()),
('f5a4ebef-eb66-456a-bed4-f9b4554b5b09', NULL, '久保田', '朔', 'クボタ', 'サク', 'male', '070-1174-0174', 'customer174@example.com', '1990-09-12', NULL, 25, NOW(), NOW()),
('f83a7d9f-2e5e-47a4-817d-cafd0bb12641', NULL, '石橋', '結愛', 'イシバシ', 'ユア', 'female', '080-1175-0175', 'customer175@example.com', '1985-07-19', NULL, 10, NOW(), NOW()),
('f88eec2e-c74c-4298-8e5f-3f3377909b34', NULL, '田辺', '大和', 'タナベ', 'ヤマト', 'male', '090-1176-0176', 'customer176@example.com', '2000-05-25', NULL, 3, NOW(), NOW()),
('f9f283ca-006f-4b53-838e-c54d32c26275', NULL, '山下', '心春', 'ヤマシタ', 'コハル', 'female', '070-1177-0177', 'customer177@example.com', '1996-04-01', NULL, 22, NOW(), NOW()),
('fa6a69d1-61f3-41d8-9c50-197b00480dda', NULL, '五十嵐', '蓮', 'イガラシ', 'レン', 'male', '080-1178-0178', 'customer178@example.com', '1992-02-05', NULL, 15, NOW(), NOW()),
('fbe4f5b8-7f93-4b50-b014-d345928c6fb3', NULL, '堀', '咲良', 'ホリ', 'サクラ', 'female', '090-1179-0179', 'customer179@example.com', '1987-12-12', NULL, 8, NOW(), NOW()),
('fc69de9e-74df-4ae6-acdb-2c6ad01296c1', NULL, '松浦', '悠生', 'マツウラ', 'ユウセイ', 'male', '070-1180-0180', 'customer180@example.com', '1997-10-18', NULL, 1, NOW(), NOW()),
('fc946845-e671-4b00-a7ed-f0c64b6820cb', NULL, '吉岡', '美月', 'ヨシオカ', 'ミツキ', 'female', '080-1181-0181', 'customer181@example.com', '1993-08-24', NULL, 20, NOW(), NOW()),
('fecf3701-fac9-4e9f-837c-c20c8a045760', NULL, '渡部', '陸', 'ワタベ', 'リク', 'male', '090-1182-0182', 'customer182@example.com', '1988-06-30', NULL, 13, NOW(), NOW()),
('ff2dd329-57d1-436d-9236-3219e210a4b2', NULL, '伊東', '愛莉', 'イトウ', 'アイリ', 'female', '070-1183-0183', 'customer183@example.com', '1998-05-06', NULL, 6, NOW(), NOW());
INSERT INTO payments (payment_id, customer_id, staff_id, payment_date, service_id, service_name, total_amount, payment_method, cash_amount, card_amount, created_at, updated_at) VALUES ('cc832c32-d09d-4844-af35-16d7ac8e5213', '0fd875e9-1349-454c-a62e-031e84cad6da', 'deabe83a-9b97-11f0-b7ae-5a93b150659e', '2025-04-06', '7cfc9898-9d10-11f0-8e8d-b2353c7546ec', '美骨小顔コルギ(60分)', 15000, 'cash', 0, 0, '2025-04-06', '2025-04-06');
INSERT INTO payments (payment_id, customer_id, staff_id, payment_date, service_id, service_name, total_amount, payment_method, cash_amount, card_amount, created_at, updated_at) VALUES ('b93d34e4-3065-40d5-867d-cae10a08890d', '68fef161-4178-41d3-bed4-d7e5bc6beb2d', 'deabe83a-9b97-11f0-b7ae-5a93b150659e', '2024-05-25', '937a225d-9d10-11f0-8e8d-b2353c7546ec', '美骨小顔コルギ(90分)', 19000, 'card', 0, 19000, '2024-05-25', '2024-05-25');
INSERT INTO payments (payment_id, customer_id, staff_id, payment_date, service_id, service_name, total_amount, payment_method, cash_amount, card_amount, created_at, updated_at) VALUES ('3dec6117-aa47-4c4f-aa45-8ceec6a609ae', 'd7c78419-8b83-4244-8109-458c588d8687', 'deabe83a-9b97-11f0-b7ae-5a93b150659e', '2025-01-19', '7cfc9898-9d10-11f0-8e8d-b2353c7546ec', '美骨小顔コルギ(60分)', 15000, 'cash', 15000, 0, '2025-01-19', '2025-01-19');
INSERT INTO payments (payment_id, customer_id, staff_id, payment_date, service_id, service_name, total_amount, payment_method, cash_amount, card_amount, created_at, updated_at) VALUES ('70f56002-71ab-4b3a-8ade-381114704996', 'e32fe5a8-d923-4c3b-a6ea-3f4e03ad4979', 'f5b5eecc-9b97-11f0-b7ae-5a93b150659e', '2025-04-12', '7cfc9898-9d10-11f0-8e8d-b2353c7546ec', '美骨小顔コルギ(60分)', 15000, 'cash', 15000, 0, '2025-04-12', '2025-04-12');
INSERT INTO payments (payment_id, customer_id, staff_id, payment_date, service_id, service_name, total_amount, payment_method, cash_amount, card_amount, created_at, updated_at) VALUES ('6955a4b7-2abf-415c-8518-8606c9fb5ebf', '72f05fc8-5c75-47a6-8ab8-488ed2c17565', 'deabe83a-9b97-11f0-b7ae-5a93b150659e', '2025-01-29', '7cfc9898-9d10-11f0-8e8d-b2353c7546ec', '美骨小顔コルギ(60分)', 15000, 'cash', 15000, 0, '2025-01-29', '2025-01-29');
INSERT INTO payments (payment_id, customer_id, staff_id, payment_date, service_id, service_name, total_amount, payment_method, cash_amount, card_amount, created_at, updated_at) VALUES ('91da0ccd-44df-4306-affd-0232a3c07501', 'ab19345d-dcdd-44ee-be38-5420bc4bf673', 'f5b5eecc-9b97-11f0-b7ae-5a93b150659e', '2025-06-09', '937a225d-9d10-11f0-8e8d-b2353c7546ec', '美骨小顔コルギ(90分)', 19000, 'cash', 19000, 0, '2025-06-09', '2025-06-09');
INSERT INTO payments (payment_id, customer_id, staff_id, payment_date, service_id, service_name, total_amount, payment_method, cash_amount, card_amount, created_at, updated_at) VALUES ('095bffc3-a6d3-4963-9a06-a9083fc242cb', '637a914e-4a16-4861-9b8b-8cf1e848b2bb', 'deabe83a-9b97-11f0-b7ae-5a93b150659e', '2024-01-28', '7cfc9898-9d10-11f0-8e8d-b2353c7546ec', '美骨小顔コルギ(60分)', 15000, 'card', 0, 15000, '2024-01-28', '2024-01-28');
INSERT INTO customer_tickets (customer_ticket_id, customer_id, plan_id, purchase_date, expiry_date, sessions_remaining, purchase_price) VALUES ('a3d06e88-22df-4957-a868-f27cd163b495', '0afe0d0a-dacd-4e62-90a9-3fde0f0d54d1', '5b17a109-9d29-11f0-8e8d-b2353c7546ec', '2025-06-23', '2026-06-23', 5, 42500);
INSERT INTO payments (payment_id, customer_id, staff_id, payment_date, service_name, total_amount, payment_method, cash_amount, card_amount, created_at, updated_at) VALUES ('95a2a85b-a977-4c64-a5fb-dd0366bc23a8', '0afe0d0a-dacd-4e62-90a9-3fde0f0d54d1', 'deabe83a-9b97-11f0-b7ae-5a93b150659e', '2025-06-23', '60分5回券(会員男性)', 42500, 'card', 0, 42500, '2025-06-23', '2025-06-23');
INSERT INTO ticket_payments (payment_id, customer_ticket_id, payment_date, amount_paid, payment_method) VALUES ('95a2a85b-a977-4c64-a5fb-dd0366bc23a8', 'a3d06e88-22df-4957-a868-f27cd163b495', '2025-06-23', 42500, 'card');
INSERT INTO payments (payment_id, customer_id, staff_id, payment_date, service_id, service_name, total_amount, payment_method, cash_amount, card_amount, created_at, updated_at) VALUES ('ae19f212-2ca9-47f5-ac81-b96b4d27db49', '2f42f714-14ab-4fb4-acf7-e0d216553834', 'cc69b300-9b97-11f0-b7ae-5a93b150659e', '2025-10-30', '7cfc9898-9d10-11f0-8e8d-b2353c7546ec', '美骨小顔コルギ(60分)', 15000, 'card', 0, 15000, '2025-10-30', '2025-10-30');
INSERT INTO customer_tickets (customer_ticket_id, customer_id, plan_id, purchase_date, expiry_date, sessions_remaining, purchase_price) VALUES ('49161b14-65c5-4560-81b4-a0486b3c3b64', 'ddd79fd0-bd34-4ede-9edd-5c2e5e1e2a6b', '6d51a07c-9eae-11f0-a8d1-362b931374cc', '2024-12-08', '2025-12-08', 3, 16500);
INSERT INTO payments (payment_id, customer_id, staff_id, payment_date, service_name, total_amount, payment_method, cash_amount, card_amount, created_at, updated_at) VALUES ('8f05a28c-91ed-4b95-b321-ff5f7f40e4fa', 'ddd79fd0-bd34-4ede-9edd-5c2e5e1e2a6b', 'deabe83a-9b97-11f0-b7ae-5a93b150659e', '2024-12-08', 'キャビテーション3回券', 16500, 'cash', 16500, 0, '2024-12-08', '2024-12-08');
INSERT INTO ticket_payments (payment_id, customer_ticket_id, payment_date, amount_paid, payment_method) VALUES ('8f05a28c-91ed-4b95-b321-ff5f7f40e4fa', '49161b14-65c5-4560-81b4-a0486b3c3b64', '2024-12-08', 16500, 'cash');
INSERT INTO customer_tickets (customer_ticket_id, customer_id, plan_id, purchase_date, expiry_date, sessions_remaining, purchase_price) VALUES ('32d8139e-3e25-4c01-b779-4f90f15af685', 'f5a4ebef-eb66-456a-bed4-f9b4554b5b09', '7d0b8322-9eae-11f0-a8d1-362b931374cc', '2024-10-08', '2025-10-08', 2, 25000);
INSERT INTO payments (payment_id, customer_id, staff_id, payment_date, service_name, total_amount, payment_method, cash_amount, card_amount, created_at, updated_at) VALUES ('906e04b0-5390-4a49-b8ec-75c0bcad1636', 'f5a4ebef-eb66-456a-bed4-f9b4554b5b09', 'deabe83a-9b97-11f0-b7ae-5a93b150659e', '2024-10-08', 'キャビテーション5回券', 25000, 'card', 0, 25000, '2024-10-08', '2024-10-08');
INSERT INTO ticket_payments (payment_id, customer_ticket_id, payment_date, amount_paid, payment_method) VALUES ('906e04b0-5390-4a49-b8ec-75c0bcad1636', '32d8139e-3e25-4c01-b779-4f90f15af685', '2024-10-08', 25000, 'card');
INSERT INTO payments (payment_id, customer_id, staff_id, payment_date, service_id, service_name, total_amount, payment_method, cash_amount, card_amount, created_at, updated_at) VALUES ('81a91024-3922-4ab0-a194-28f2d4620644', 'caa08af1-50e4-4672-b0d3-0b89d1a7ac08', 'f5b5eecc-9b97-11f0-b7ae-5a93b150659e', '2025-02-07', '7cfc9898-9d10-11f0-8e8d-b2353c7546ec', '美骨小顔コルギ(60分)', 15000, 'cash', 15000, 0, '2025-02-07', '2025-02-07');
INSERT INTO payments (payment_id, customer_id, staff_id, payment_date, service_id, service_name, total_amount, payment_method, cash_amount, card_amount, created_at, updated_at) VALUES ('5021a532-2b64-432d-bc05-faa990ca53a2', 'c0b5499f-86c7-4f6a-ac72-d44682610684', 'cc69b300-9b97-11f0-b7ae-5a93b150659e', '2025-03-23', '7cfc9898-9d10-11f0-8e8d-b2353c7546ec', '美骨小顔コルギ(60分)', 15000, 'card', 0, 15000, '2025-03-23', '2025-03-23');
INSERT INTO customer_tickets (customer_ticket_id, customer_id, plan_id, purchase_date, expiry_date, sessions_remaining, purchase_price) VALUES ('7708696c-8913-4252-b4c3-530541a4afe3', '7f4596ba-f527-4f21-865b-7222bf3971c5', '5b17a109-9d29-11f0-8e8d-b2353c7546ec', '2024-12-21', '2025-12-21', 5, 42500);
INSERT INTO payments (payment_id, customer_id, staff_id, payment_date, service_name, total_amount, payment_method, cash_amount, card_amount, created_at, updated_at) VALUES ('ce2ca225-70ce-4fef-aec1-766f3ac39143', '7f4596ba-f527-4f21-865b-7222bf3971c5', 'cc69b300-9b97-11f0-b7ae-5a93b150659e', '2024-12-21', '60分5回券(会員男性)', 42500, 'cash', 0, 0, '2024-12-21', '2024-12-21');
INSERT INTO ticket_payments (payment_id, customer_ticket_id, payment_date, amount_paid, payment_method) VALUES ('ce2ca225-70ce-4fef-aec1-766f3ac39143', '7708696c-8913-4252-b4c3-530541a4afe3', '2024-12-21', 42500, 'cash');
INSERT INTO customer_tickets (customer_ticket_id, customer_id, plan_id, purchase_date, expiry_date, sessions_remaining, purchase_price) VALUES ('e1acdd2d-54dd-4814-89be-fb423c33902e', '0707e314-129a-4faf-babd-f8f50f59b655', '5b17a109-9d29-11f0-8e8d-b2353c7546ec', '2024-09-17', '2025-09-17', 2, 42500);
INSERT INTO payments (payment_id, customer_id, staff_id, payment_date, service_name, total_amount, payment_method, cash_amount, card_amount, created_at, updated_at) VALUES ('b4715335-5f45-46af-a9db-8fecf78768fd', '0707e314-129a-4faf-babd-f8f50f59b655', 'deabe83a-9b97-11f0-b7ae-5a93b150659e', '2024-09-17', '60分5回券(会員男性)', 42500, 'cash', 42500, 0, '2024-09-17', '2024-09-17');
INSERT INTO ticket_payments (payment_id, customer_ticket_id, payment_date, amount_paid, payment_method) VALUES ('b4715335-5f45-46af-a9db-8fecf78768fd', 'e1acdd2d-54dd-4814-89be-fb423c33902e', '2024-09-17', 42500, 'cash');
INSERT INTO payments (payment_id, customer_id, staff_id, payment_date, service_id, service_name, total_amount, payment_method, cash_amount, card_amount, created_at, updated_at) VALUES ('960689ad-2e30-43d8-9e46-1de9e1315a01', 'b65c3b0a-8487-462b-8464-f1abb402a53d', 'f5b5eecc-9b97-11f0-b7ae-5a93b150659e', '2024-09-06', '937a225d-9d10-11f0-8e8d-b2353c7546ec', '美骨小顔コルギ(90分)', 19000, 'cash', 19000, 0, '2024-09-06', '2024-09-06');
INSERT INTO payments (payment_id, customer_id, staff_id, payment_date, service_id, service_name, total_amount, payment_method, cash_amount, card_amount, created_at, updated_at) VALUES ('9c552d8b-fcee-4785-80e1-eff618bee527', '077617fc-b856-4f26-ac0f-b3ff1ea54f0f', 'deabe83a-9b97-11f0-b7ae-5a93b150659e', '2025-01-11', '2ffd7ad2-9eae-11f0-a8d1-362b931374cc', 'キャビテーション', 6000, 'card', 0, 6000, '2025-01-11', '2025-01-11');
INSERT INTO payments (payment_id, customer_id, staff_id, payment_date, service_id, service_name, total_amount, payment_method, cash_amount, card_amount, created_at, updated_at) VALUES ('e6fd762e-4105-400d-8457-fc68543d0a08', '180a8d94-b378-4faf-9b91-bcaa90a776ea', 'f5b5eecc-9b97-11f0-b7ae-5a93b150659e', '2025-01-03', '2ffd7ad2-9eae-11f0-a8d1-362b931374cc', 'キャビテーション', 6000, 'card', 0, 6000, '2025-01-03', '2025-01-03');
INSERT INTO payments (payment_id, customer_id, staff_id, payment_date, service_id, service_name, total_amount, payment_method, cash_amount, card_amount, created_at, updated_at) VALUES ('d3ca1948-aae6-4031-af55-03e7d52d7c7d', '4e6aa0ef-0769-44c8-89a0-e4191f14b4b9', 'f5b5eecc-9b97-11f0-b7ae-5a93b150659e', '2024-08-03', '937a225d-9d10-11f0-8e8d-b2353c7546ec', '美骨小顔コルギ(90分)', 19000, 'card', 0, 19000, '2024-08-03', '2024-08-03');
INSERT INTO customer_tickets (customer_ticket_id, customer_id, plan_id, purchase_date, expiry_date, sessions_remaining, purchase_price) VALUES ('a778a097-42f1-4b14-8c04-837f495af228', 'baa50e29-0f30-4715-91ef-c05e2cb2706b', '5b17a109-9d29-11f0-8e8d-b2353c7546ec', '2024-07-24', '2025-07-24', 2, 42500);
INSERT INTO payments (payment_id, customer_id, staff_id, payment_date, service_name, total_amount, payment_method, cash_amount, card_amount, created_at, updated_at) VALUES ('5691e268-cbf2-413a-a79e-8125e0a681aa', 'baa50e29-0f30-4715-91ef-c05e2cb2706b', 'deabe83a-9b97-11f0-b7ae-5a93b150659e', '2024-07-24', '60分5回券(会員男性)', 42500, 'cash', 42500, 0, '2024-07-24', '2024-07-24');
INSERT INTO ticket_payments (payment_id, customer_ticket_id, payment_date, amount_paid, payment_method) VALUES ('5691e268-cbf2-413a-a79e-8125e0a681aa', 'a778a097-42f1-4b14-8c04-837f495af228', '2024-07-24', 42500, 'cash');
INSERT INTO payments (payment_id, customer_id, staff_id, payment_date, service_id, service_name, total_amount, payment_method, cash_amount, card_amount, created_at, updated_at) VALUES ('9075f4ac-6e53-4f42-8496-5415ca30b5bb', 'f40a31db-628e-490a-99dd-c7cade26c0cf', 'cc69b300-9b97-11f0-b7ae-5a93b150659e', '2024-08-17', '2ffd7ad2-9eae-11f0-a8d1-362b931374cc', 'キャビテーション', 6000, 'cash', 0, 0, '2024-08-17', '2024-08-17');
INSERT INTO customer_tickets (customer_ticket_id, customer_id, plan_id, purchase_date, expiry_date, sessions_remaining, purchase_price) VALUES ('099ba7bb-dae4-40cf-b59d-72d44237e32e', 'c708f4d3-da8c-4b84-b8c8-94e7cea58dc7', '7d0b8322-9eae-11f0-a8d1-362b931374cc', '2024-10-18', '2025-10-18', 3, 25000);
INSERT INTO payments (payment_id, customer_id, staff_id, payment_date, service_name, total_amount, payment_method, cash_amount, card_amount, created_at, updated_at) VALUES ('238ce085-9137-411f-b092-64ffa5006e5c', 'c708f4d3-da8c-4b84-b8c8-94e7cea58dc7', 'deabe83a-9b97-11f0-b7ae-5a93b150659e', '2024-10-18', 'キャビテーション5回券', 25000, 'card', 0, 25000, '2024-10-18', '2024-10-18');
INSERT INTO ticket_payments (payment_id, customer_ticket_id, payment_date, amount_paid, payment_method) VALUES ('238ce085-9137-411f-b092-64ffa5006e5c', '099ba7bb-dae4-40cf-b59d-72d44237e32e', '2024-10-18', 25000, 'card');
INSERT INTO customer_tickets (customer_ticket_id, customer_id, plan_id, purchase_date, expiry_date, sessions_remaining, purchase_price) VALUES ('69e6c9ab-bd3d-4ec1-959e-60e225d01ddd', 'a58158b8-2ac7-4b1e-be53-5d3a2e4378e6', '6d51a07c-9eae-11f0-a8d1-362b931374cc', '2024-06-24', '2025-06-24', 4, 16500);
INSERT INTO payments (payment_id, customer_id, staff_id, payment_date, service_name, total_amount, payment_method, cash_amount, card_amount, created_at, updated_at) VALUES ('981cfc7f-5ed3-4dab-9a19-f0f09c3cbe0a', 'a58158b8-2ac7-4b1e-be53-5d3a2e4378e6', 'cc69b300-9b97-11f0-b7ae-5a93b150659e', '2024-06-24', 'キャビテーション3回券', 16500, 'cash', 16500, 0, '2024-06-24', '2024-06-24');
INSERT INTO ticket_payments (payment_id, customer_ticket_id, payment_date, amount_paid, payment_method) VALUES ('981cfc7f-5ed3-4dab-9a19-f0f09c3cbe0a', '69e6c9ab-bd3d-4ec1-959e-60e225d01ddd', '2024-06-24', 16500, 'cash');
INSERT INTO payments (payment_id, customer_id, staff_id, payment_date, service_id, service_name, total_amount, payment_method, cash_amount, card_amount, created_at, updated_at) VALUES ('8c9c0e0c-aab0-4e27-a3b8-c3c08db3d348', '0ff56123-d3d5-4e1f-b1e9-48d1f330a719', 'cc69b300-9b97-11f0-b7ae-5a93b150659e', '2025-04-20', '7cfc9898-9d10-11f0-8e8d-b2353c7546ec', '美骨小顔コルギ(60分)', 15000, 'cash', 0, 0, '2025-04-20', '2025-04-20');
INSERT INTO customer_tickets (customer_ticket_id, customer_id, plan_id, purchase_date, expiry_date, sessions_remaining, purchase_price) VALUES ('03cfce89-f5b0-4e49-9594-a68bedf35990', 'f5a4ebef-eb66-456a-bed4-f9b4554b5b09', '6d51a07c-9eae-11f0-a8d1-362b931374cc', '2024-09-05', '2025-09-05', 5, 16500);
INSERT INTO payments (payment_id, customer_id, staff_id, payment_date, service_name, total_amount, payment_method, cash_amount, card_amount, created_at, updated_at) VALUES ('2371e85f-95d4-43a9-ab66-cc5b16386fdf', 'f5a4ebef-eb66-456a-bed4-f9b4554b5b09', 'f5b5eecc-9b97-11f0-b7ae-5a93b150659e', '2024-09-05', 'キャビテーション3回券', 16500, 'card', 0, 16500, '2024-09-05', '2024-09-05');
INSERT INTO ticket_payments (payment_id, customer_ticket_id, payment_date, amount_paid, payment_method) VALUES ('2371e85f-95d4-43a9-ab66-cc5b16386fdf', '03cfce89-f5b0-4e49-9594-a68bedf35990', '2024-09-05', 16500, 'card');
INSERT INTO payments (payment_id, customer_id, staff_id, payment_date, service_id, service_name, total_amount, payment_method, cash_amount, card_amount, created_at, updated_at) VALUES ('8f61eeaf-0499-4c33-9b1e-c3611d9e9ef4', 'f9f283ca-006f-4b53-838e-c54d32c26275', 'deabe83a-9b97-11f0-b7ae-5a93b150659e', '2024-12-27', '2ffd7ad2-9eae-11f0-a8d1-362b931374cc', 'キャビテーション', 6000, 'cash', 6000, 0, '2024-12-27', '2024-12-27');
INSERT INTO payments (payment_id, customer_id, staff_id, payment_date, service_id, service_name, total_amount, payment_method, cash_amount, card_amount, created_at, updated_at) VALUES ('58f13f06-8cd9-449d-a70a-b50d49d82417', 'af9f8277-950a-4de7-a9b4-54143c5fbc75', 'cc69b300-9b97-11f0-b7ae-5a93b150659e', '2024-09-02', '2ffd7ad2-9eae-11f0-a8d1-362b931374cc', 'キャビテーション', 6000, 'cash', 0, 0, '2024-09-02', '2024-09-02');
INSERT INTO payments (payment_id, customer_id, staff_id, payment_date, service_id, service_name, total_amount, payment_method, cash_amount, card_amount, created_at, updated_at) VALUES ('0478ba4e-d838-41f3-b0d8-1c7f7ad8ebce', '0707e314-129a-4faf-babd-f8f50f59b655', 'f5b5eecc-9b97-11f0-b7ae-5a93b150659e', '2024-12-30', '2ffd7ad2-9eae-11f0-a8d1-362b931374cc', 'キャビテーション', 6000, 'cash', 0, 0, '2024-12-30', '2024-12-30');
INSERT INTO payments (payment_id, customer_id, staff_id, payment_date, service_id, service_name, total_amount, payment_method, cash_amount, card_amount, created_at, updated_at) VALUES ('35a584eb-88f5-46c8-8761-6ed721ac2599', 'b5ed4270-bc36-42e9-8a96-c0bc0bb0ddfb', 'deabe83a-9b97-11f0-b7ae-5a93b150659e', '2024-04-29', '2ffd7ad2-9eae-11f0-a8d1-362b931374cc', 'キャビテーション', 6000, 'cash', 0, 0, '2024-04-29', '2024-04-29');
INSERT INTO payments (payment_id, customer_id, staff_id, payment_date, service_id, service_name, total_amount, payment_method, cash_amount, card_amount, created_at, updated_at) VALUES ('25ab1f33-a9ba-4d57-8b3d-a8fcb18b0fef', 'd7c78419-8b83-4244-8109-458c588d8687', 'f5b5eecc-9b97-11f0-b7ae-5a93b150659e', '2025-11-09', '937a225d-9d10-11f0-8e8d-b2353c7546ec', '美骨小顔コルギ(90分)', 19000, 'card', 0, 19000, '2025-11-09', '2025-11-09');
INSERT INTO customer_tickets (customer_ticket_id, customer_id, plan_id, purchase_date, expiry_date, sessions_remaining, purchase_price) VALUES ('b22003c1-48e0-49e9-8b45-e3bcfd0430a6', 'cd411240-8ea8-4736-aa09-b6cdf32d0514', '5b17a109-9d29-11f0-8e8d-b2353c7546ec', '2024-08-06', '2025-08-06', 8, 42500);
INSERT INTO payments (payment_id, customer_id, staff_id, payment_date, service_name, total_amount, payment_method, cash_amount, card_amount, created_at, updated_at) VALUES ('033173c8-d82f-4e15-836d-856c8fe15c46', 'cd411240-8ea8-4736-aa09-b6cdf32d0514', 'f5b5eecc-9b97-11f0-b7ae-5a93b150659e', '2024-08-06', '60分5回券(会員男性)', 42500, 'cash', 0, 0, '2024-08-06', '2024-08-06');
INSERT INTO ticket_payments (payment_id, customer_ticket_id, payment_date, amount_paid, payment_method) VALUES ('033173c8-d82f-4e15-836d-856c8fe15c46', 'b22003c1-48e0-49e9-8b45-e3bcfd0430a6', '2024-08-06', 42500, 'cash');
INSERT INTO payments (payment_id, customer_id, staff_id, payment_date, service_id, service_name, total_amount, payment_method, cash_amount, card_amount, created_at, updated_at) VALUES ('db38e2c2-717d-4013-8bf6-6ac1ee57fbc1', '5bb5c3e0-cff0-4bd3-8127-10f7bb396cb9', 'f5b5eecc-9b97-11f0-b7ae-5a93b150659e', '2025-07-20', '2ffd7ad2-9eae-11f0-a8d1-362b931374cc', 'キャビテーション', 6000, 'cash', 0, 0, '2025-07-20', '2025-07-20');
INSERT INTO customer_tickets (customer_ticket_id, customer_id, plan_id, purchase_date, expiry_date, sessions_remaining, purchase_price) VALUES ('337992cb-d2c1-4ef6-bc53-38b3a352b2f2', 'e96b8f7a-4341-4c54-a1f1-673ba9596f5c', '5b17a109-9d29-11f0-8e8d-b2353c7546ec', '2025-03-08', '2026-03-08', 1, 42500);
INSERT INTO payments (payment_id, customer_id, staff_id, payment_date, service_name, total_amount, payment_method, cash_amount, card_amount, created_at, updated_at) VALUES ('e9a3b60d-3edf-48b8-a652-6c75fd4c7814', 'e96b8f7a-4341-4c54-a1f1-673ba9596f5c', 'deabe83a-9b97-11f0-b7ae-5a93b150659e', '2025-03-08', '60分5回券(会員男性)', 42500, 'cash', 42500, 0, '2025-03-08', '2025-03-08');
INSERT INTO ticket_payments (payment_id, customer_ticket_id, payment_date, amount_paid, payment_method) VALUES ('e9a3b60d-3edf-48b8-a652-6c75fd4c7814', '337992cb-d2c1-4ef6-bc53-38b3a352b2f2', '2025-03-08', 42500, 'cash');
INSERT INTO payments (payment_id, customer_id, staff_id, payment_date, service_id, service_name, total_amount, payment_method, cash_amount, card_amount, created_at, updated_at) VALUES ('0f172809-cc1f-4ca2-8f15-852f3d133158', '9c3302bf-9f9d-4063-aefc-17cc6a68c30f', 'cc69b300-9b97-11f0-b7ae-5a93b150659e', '2024-02-15', '2ffd7ad2-9eae-11f0-a8d1-362b931374cc', 'キャビテーション', 6000, 'card', 0, 6000, '2024-02-15', '2024-02-15');
INSERT INTO payments (payment_id, customer_id, staff_id, payment_date, service_id, service_name, total_amount, payment_method, cash_amount, card_amount, created_at, updated_at) VALUES ('52aea05e-e14d-463f-92bc-09ad38045e67', '08bf46c8-8166-4991-9f6b-82c399998b74', 'cc69b300-9b97-11f0-b7ae-5a93b150659e', '2024-12-21', '7cfc9898-9d10-11f0-8e8d-b2353c7546ec', '美骨小顔コルギ(60分)', 15000, 'cash', 15000, 0, '2024-12-21', '2024-12-21');
INSERT INTO customer_tickets (customer_ticket_id, customer_id, plan_id, purchase_date, expiry_date, sessions_remaining, purchase_price) VALUES ('78ff18e6-f7bb-4c51-9a12-4bacebe409ac', '18a4209e-e90b-40f9-be24-c34c95209da4', '5b17a109-9d29-11f0-8e8d-b2353c7546ec', '2024-02-08', '2025-02-07', 4, 42500);
INSERT INTO payments (payment_id, customer_id, staff_id, payment_date, service_name, total_amount, payment_method, cash_amount, card_amount, created_at, updated_at) VALUES ('a6790163-407d-4032-9c7a-f3cda1f9bbdc', '18a4209e-e90b-40f9-be24-c34c95209da4', 'deabe83a-9b97-11f0-b7ae-5a93b150659e', '2024-02-08', '60分5回券(会員男性)', 42500, 'cash', 42500, 0, '2024-02-08', '2024-02-08');
INSERT INTO ticket_payments (payment_id, customer_ticket_id, payment_date, amount_paid, payment_method) VALUES ('a6790163-407d-4032-9c7a-f3cda1f9bbdc', '78ff18e6-f7bb-4c51-9a12-4bacebe409ac', '2024-02-08', 42500, 'cash');
INSERT INTO payments (payment_id, customer_id, staff_id, payment_date, service_id, service_name, total_amount, payment_method, cash_amount, card_amount, created_at, updated_at) VALUES ('892785a0-8bce-4f53-b1e5-022ca5f7171a', '6ca60158-c46e-4f19-9bdb-7fbe780faa6f', 'f5b5eecc-9b97-11f0-b7ae-5a93b150659e', '2024-03-27', '937a225d-9d10-11f0-8e8d-b2353c7546ec', '美骨小顔コルギ(90分)', 19000, 'cash', 0, 0, '2024-03-27', '2024-03-27');
INSERT INTO payments (payment_id, customer_id, staff_id, payment_date, service_id, service_name, total_amount, payment_method, cash_amount, card_amount, created_at, updated_at) VALUES ('b0142d47-688e-4d70-a440-fbf1d158b4fe', '9fd0f5bd-c4dd-4898-b405-1171ae99b017', 'f5b5eecc-9b97-11f0-b7ae-5a93b150659e', '2024-04-29', '937a225d-9d10-11f0-8e8d-b2353c7546ec', '美骨小顔コルギ(90分)', 19000, 'cash', 0, 0, '2024-04-29', '2024-04-29');
INSERT INTO payments (payment_id, customer_id, staff_id, payment_date, service_id, service_name, total_amount, payment_method, cash_amount, card_amount, created_at, updated_at) VALUES ('5938c240-f164-4918-84fc-129576759728', 'cb9bc4b9-210c-41df-a0c7-228d66dd0b3a', 'f5b5eecc-9b97-11f0-b7ae-5a93b150659e', '2024-03-20', '937a225d-9d10-11f0-8e8d-b2353c7546ec', '美骨小顔コルギ(90分)', 19000, 'card', 0, 19000, '2024-03-20', '2024-03-20');
INSERT INTO payments (payment_id, customer_id, staff_id, payment_date, service_id, service_name, total_amount, payment_method, cash_amount, card_amount, created_at, updated_at) VALUES ('e1baf70c-d695-4f6b-91c9-b80776f3545f', '324796c0-febd-4139-bb9e-0fd095b6f323', 'f5b5eecc-9b97-11f0-b7ae-5a93b150659e', '2025-06-08', '7cfc9898-9d10-11f0-8e8d-b2353c7546ec', '美骨小顔コルギ(60分)', 15000, 'cash', 15000, 0, '2025-06-08', '2025-06-08');
INSERT INTO payments (payment_id, customer_id, staff_id, payment_date, service_id, service_name, total_amount, payment_method, cash_amount, card_amount, created_at, updated_at) VALUES ('721e5ebd-9e8e-49b2-b308-ae5352436684', '04c5e0ce-b5c1-4cfa-8713-c68e377b0b92', 'f5b5eecc-9b97-11f0-b7ae-5a93b150659e', '2025-11-24', '2ffd7ad2-9eae-11f0-a8d1-362b931374cc', 'キャビテーション', 6000, 'card', 0, 6000, '2025-11-24', '2025-11-24');
INSERT INTO payments (payment_id, customer_id, staff_id, payment_date, service_id, service_name, total_amount, payment_method, cash_amount, card_amount, created_at, updated_at) VALUES ('50a98c78-bac7-41a8-9135-b4720afd7126', '180a8d94-b378-4faf-9b91-bcaa90a776ea', 'cc69b300-9b97-11f0-b7ae-5a93b150659e', '2024-09-19', '937a225d-9d10-11f0-8e8d-b2353c7546ec', '美骨小顔コルギ(90分)', 19000, 'cash', 19000, 0, '2024-09-19', '2024-09-19');
INSERT INTO payments (payment_id, customer_id, staff_id, payment_date, service_id, service_name, total_amount, payment_method, cash_amount, card_amount, created_at, updated_at) VALUES ('9ff4926b-3197-43df-8092-997de3fe4dfc', 'd60cfbe9-395e-435e-9e5c-457b54ff1fed', 'cc69b300-9b97-11f0-b7ae-5a93b150659e', '2024-11-26', '2ffd7ad2-9eae-11f0-a8d1-362b931374cc', 'キャビテーション', 6000, 'card', 0, 6000, '2024-11-26', '2024-11-26');
INSERT INTO payments (payment_id, customer_id, staff_id, payment_date, service_id, service_name, total_amount, payment_method, cash_amount, card_amount, created_at, updated_at) VALUES ('f43a298e-0c13-4b13-a631-df57b9b0632d', 'd48499d8-03ff-4d00-814b-a43b5ef1f9cb', 'deabe83a-9b97-11f0-b7ae-5a93b150659e', '2025-09-29', '937a225d-9d10-11f0-8e8d-b2353c7546ec', '美骨小顔コルギ(90分)', 19000, 'cash', 19000, 0, '2025-09-29', '2025-09-29');
INSERT INTO payments (payment_id, customer_id, staff_id, payment_date, service_id, service_name, total_amount, payment_method, cash_amount, card_amount, created_at, updated_at) VALUES ('f53cc9ca-bf7c-4d9c-863b-9be5b6ca2af1', '324796c0-febd-4139-bb9e-0fd095b6f323', 'deabe83a-9b97-11f0-b7ae-5a93b150659e', '2025-03-14', '937a225d-9d10-11f0-8e8d-b2353c7546ec', '美骨小顔コルギ(90分)', 19000, 'card', 0, 19000, '2025-03-14', '2025-03-14');
INSERT INTO payments (payment_id, customer_id, staff_id, payment_date, service_id, service_name, total_amount, payment_method, cash_amount, card_amount, created_at, updated_at) VALUES ('d86ca169-1c41-4de2-906e-487c9e016e8f', 'a0202f7e-4806-4f0a-95e6-cdf0d000029e', 'deabe83a-9b97-11f0-b7ae-5a93b150659e', '2025-02-01', '937a225d-9d10-11f0-8e8d-b2353c7546ec', '美骨小顔コルギ(90分)', 19000, 'card', 0, 19000, '2025-02-01', '2025-02-01');
INSERT INTO customer_tickets (customer_ticket_id, customer_id, plan_id, purchase_date, expiry_date, sessions_remaining, purchase_price) VALUES ('3663c795-dd57-41c1-b054-445e1729b40d', '97381e89-c3ea-48ca-ab4c-6dbb5a1c5f9e', '6d51a07c-9eae-11f0-a8d1-362b931374cc', '2025-05-17', '2026-05-17', 4, 16500);
INSERT INTO payments (payment_id, customer_id, staff_id, payment_date, service_name, total_amount, payment_method, cash_amount, card_amount, created_at, updated_at) VALUES ('3ea27a48-2286-4f07-b9a3-842838e18917', '97381e89-c3ea-48ca-ab4c-6dbb5a1c5f9e', 'deabe83a-9b97-11f0-b7ae-5a93b150659e', '2025-05-17', 'キャビテーション3回券', 16500, 'cash', 16500, 0, '2025-05-17', '2025-05-17');
INSERT INTO ticket_payments (payment_id, customer_ticket_id, payment_date, amount_paid, payment_method) VALUES ('3ea27a48-2286-4f07-b9a3-842838e18917', '3663c795-dd57-41c1-b054-445e1729b40d', '2025-05-17', 16500, 'cash');
INSERT INTO payments (payment_id, customer_id, staff_id, payment_date, service_id, service_name, total_amount, payment_method, cash_amount, card_amount, created_at, updated_at) VALUES ('e90e69e4-f660-4bc6-bba1-89dc0d20405e', 'e0908974-12e9-44df-ab0d-4613f7368112', 'cc69b300-9b97-11f0-b7ae-5a93b150659e', '2025-02-21', '7cfc9898-9d10-11f0-8e8d-b2353c7546ec', '美骨小顔コルギ(60分)', 15000, 'cash', 0, 0, '2025-02-21', '2025-02-21');
INSERT INTO payments (payment_id, customer_id, staff_id, payment_date, service_id, service_name, total_amount, payment_method, cash_amount, card_amount, created_at, updated_at) VALUES ('85c078cb-06c5-4ec9-bc8e-3f2cb4e41ee2', 'ca863843-78d3-4655-bc6b-91741d36074c', 'cc69b300-9b97-11f0-b7ae-5a93b150659e', '2025-09-05', '937a225d-9d10-11f0-8e8d-b2353c7546ec', '美骨小顔コルギ(90分)', 19000, 'cash', 0, 0, '2025-09-05', '2025-09-05');
INSERT INTO payments (payment_id, customer_id, staff_id, payment_date, service_id, service_name, total_amount, payment_method, cash_amount, card_amount, created_at, updated_at) VALUES ('ea791f05-770b-4c48-a493-d5a022be523b', '31ec8bdf-3ff1-4dbd-8d3c-f684398b6139', 'deabe83a-9b97-11f0-b7ae-5a93b150659e', '2024-04-13', '2ffd7ad2-9eae-11f0-a8d1-362b931374cc', 'キャビテーション', 6000, 'cash', 0, 0, '2024-04-13', '2024-04-13');
INSERT INTO payments (payment_id, customer_id, staff_id, payment_date, service_id, service_name, total_amount, payment_method, cash_amount, card_amount, created_at, updated_at) VALUES ('26e89e2a-4e2e-4fe8-9eff-04adeec7d545', '477b6bb9-f17a-4878-9408-655f7b18ffaf', 'cc69b300-9b97-11f0-b7ae-5a93b150659e', '2024-09-19', '7cfc9898-9d10-11f0-8e8d-b2353c7546ec', '美骨小顔コルギ(60分)', 15000, 'cash', 15000, 0, '2024-09-19', '2024-09-19');
INSERT INTO payments (payment_id, customer_id, staff_id, payment_date, service_id, service_name, total_amount, payment_method, cash_amount, card_amount, created_at, updated_at) VALUES ('1d9ece04-1493-4774-b922-a262486f21d3', '2f42f714-14ab-4fb4-acf7-e0d216553834', 'cc69b300-9b97-11f0-b7ae-5a93b150659e', '2025-12-27', '7cfc9898-9d10-11f0-8e8d-b2353c7546ec', '美骨小顔コルギ(60分)', 15000, 'cash', 15000, 0, '2025-12-27', '2025-12-27');
INSERT INTO payments (payment_id, customer_id, staff_id, payment_date, service_id, service_name, total_amount, payment_method, cash_amount, card_amount, created_at, updated_at) VALUES ('5d301e59-4ef2-4b07-ba48-ff5f6dbcbde6', '08bf46c8-8166-4991-9f6b-82c399998b74', 'f5b5eecc-9b97-11f0-b7ae-5a93b150659e', '2025-01-17', '937a225d-9d10-11f0-8e8d-b2353c7546ec', '美骨小顔コルギ(90分)', 19000, 'cash', 19000, 0, '2025-01-17', '2025-01-17');
INSERT INTO payments (payment_id, customer_id, staff_id, payment_date, service_id, service_name, total_amount, payment_method, cash_amount, card_amount, created_at, updated_at) VALUES ('a8b1d30a-54e0-47f1-aa0f-7a1fcb00e9f9', '31e11987-0326-4d8e-9fee-fefd606ae226', 'f5b5eecc-9b97-11f0-b7ae-5a93b150659e', '2024-11-12', '7cfc9898-9d10-11f0-8e8d-b2353c7546ec', '美骨小顔コルギ(60分)', 15000, 'cash', 15000, 0, '2024-11-12', '2024-11-12');
INSERT INTO payments (payment_id, customer_id, staff_id, payment_date, service_id, service_name, total_amount, payment_method, cash_amount, card_amount, created_at, updated_at) VALUES ('957be033-3b28-4d04-8f25-d3c1895f4966', 'ed5a32e3-b73c-4428-91fc-205bf720302d', 'cc69b300-9b97-11f0-b7ae-5a93b150659e', '2025-06-21', '7cfc9898-9d10-11f0-8e8d-b2353c7546ec', '美骨小顔コルギ(60分)', 15000, 'card', 0, 15000, '2025-06-21', '2025-06-21');
INSERT INTO payments (payment_id, customer_id, staff_id, payment_date, service_id, service_name, total_amount, payment_method, cash_amount, card_amount, created_at, updated_at) VALUES ('ef1e391b-a6e6-465f-ada0-fe8a05374e02', '9fd0f5bd-c4dd-4898-b405-1171ae99b017', 'f5b5eecc-9b97-11f0-b7ae-5a93b150659e', '2025-08-22', '7cfc9898-9d10-11f0-8e8d-b2353c7546ec', '美骨小顔コルギ(60分)', 15000, 'cash', 0, 0, '2025-08-22', '2025-08-22');
INSERT INTO customer_tickets (customer_ticket_id, customer_id, plan_id, purchase_date, expiry_date, sessions_remaining, purchase_price) VALUES ('0112b498-a491-4a88-8556-f1fb125e8b0d', '2c131dbc-f5d9-46d1-b9c1-b549f5ee49c0', '6d51a07c-9eae-11f0-a8d1-362b931374cc', '2024-03-30', '2025-03-30', 2, 16500);
INSERT INTO payments (payment_id, customer_id, staff_id, payment_date, service_name, total_amount, payment_method, cash_amount, card_amount, created_at, updated_at) VALUES ('b06d9f29-bdfa-4dfc-8f19-ddea764ac2db', '2c131dbc-f5d9-46d1-b9c1-b549f5ee49c0', 'deabe83a-9b97-11f0-b7ae-5a93b150659e', '2024-03-30', 'キャビテーション3回券', 16500, 'cash', 0, 0, '2024-03-30', '2024-03-30');
INSERT INTO ticket_payments (payment_id, customer_ticket_id, payment_date, amount_paid, payment_method) VALUES ('b06d9f29-bdfa-4dfc-8f19-ddea764ac2db', '0112b498-a491-4a88-8556-f1fb125e8b0d', '2024-03-30', 16500, 'cash');
INSERT INTO payments (payment_id, customer_id, staff_id, payment_date, service_id, service_name, total_amount, payment_method, cash_amount, card_amount, created_at, updated_at) VALUES ('8829396e-c257-4cdd-8e33-981a24ea0562', '794ed345-59a9-49af-a6a5-79d3bc86fae1', 'f5b5eecc-9b97-11f0-b7ae-5a93b150659e', '2024-05-19', '2ffd7ad2-9eae-11f0-a8d1-362b931374cc', 'キャビテーション', 6000, 'cash', 0, 0, '2024-05-19', '2024-05-19');
INSERT INTO customer_tickets (customer_ticket_id, customer_id, plan_id, purchase_date, expiry_date, sessions_remaining, purchase_price) VALUES ('1cfdc209-faac-4e08-82c9-a71cc65fb317', '317754f8-9bf6-4635-8679-08508e7be0a2', '5b17a109-9d29-11f0-8e8d-b2353c7546ec', '2025-04-11', '2026-04-11', 10, 42500);
INSERT INTO payments (payment_id, customer_id, staff_id, payment_date, service_name, total_amount, payment_method, cash_amount, card_amount, created_at, updated_at) VALUES ('28977b95-f8c4-40ea-98fa-7f80143c6405', '317754f8-9bf6-4635-8679-08508e7be0a2', 'cc69b300-9b97-11f0-b7ae-5a93b150659e', '2025-04-11', '60分5回券(会員男性)', 42500, 'card', 0, 42500, '2025-04-11', '2025-04-11');
INSERT INTO ticket_payments (payment_id, customer_ticket_id, payment_date, amount_paid, payment_method) VALUES ('28977b95-f8c4-40ea-98fa-7f80143c6405', '1cfdc209-faac-4e08-82c9-a71cc65fb317', '2025-04-11', 42500, 'card');
INSERT INTO payments (payment_id, customer_id, staff_id, payment_date, service_id, service_name, total_amount, payment_method, cash_amount, card_amount, created_at, updated_at) VALUES ('e242e963-eaa0-47d8-bc51-26a57e72431f', '6e055a24-65a2-4664-91ab-cea27708d3d2', 'f5b5eecc-9b97-11f0-b7ae-5a93b150659e', '2025-02-14', '7cfc9898-9d10-11f0-8e8d-b2353c7546ec', '美骨小顔コルギ(60分)', 15000, 'card', 0, 15000, '2025-02-14', '2025-02-14');
INSERT INTO customer_tickets (customer_ticket_id, customer_id, plan_id, purchase_date, expiry_date, sessions_remaining, purchase_price) VALUES ('27b1551b-71a8-46b4-9c86-4542d3d00a17', 'c708f4d3-da8c-4b84-b8c8-94e7cea58dc7', '5b17a109-9d29-11f0-8e8d-b2353c7546ec', '2024-12-06', '2025-12-06', 5, 42500);
INSERT INTO payments (payment_id, customer_id, staff_id, payment_date, service_name, total_amount, payment_method, cash_amount, card_amount, created_at, updated_at) VALUES ('b590e8ae-d671-40b5-94a8-c4da31526501', 'c708f4d3-da8c-4b84-b8c8-94e7cea58dc7', 'cc69b300-9b97-11f0-b7ae-5a93b150659e', '2024-12-06', '60分5回券(会員男性)', 42500, 'card', 0, 42500, '2024-12-06', '2024-12-06');
INSERT INTO ticket_payments (payment_id, customer_ticket_id, payment_date, amount_paid, payment_method) VALUES ('b590e8ae-d671-40b5-94a8-c4da31526501', '27b1551b-71a8-46b4-9c86-4542d3d00a17', '2024-12-06', 42500, 'card');
INSERT INTO payments (payment_id, customer_id, staff_id, payment_date, service_id, service_name, total_amount, payment_method, cash_amount, card_amount, created_at, updated_at) VALUES ('ff50df12-211b-40e9-bb39-fa76bd4d64f0', '97381e89-c3ea-48ca-ab4c-6dbb5a1c5f9e', 'cc69b300-9b97-11f0-b7ae-5a93b150659e', '2025-09-21', '2ffd7ad2-9eae-11f0-a8d1-362b931374cc', 'キャビテーション', 6000, 'cash', 0, 0, '2025-09-21', '2025-09-21');
INSERT INTO payments (payment_id, customer_id, staff_id, payment_date, service_id, service_name, total_amount, payment_method, cash_amount, card_amount, created_at, updated_at) VALUES ('9a71116f-8d63-48ee-914b-59572d70d1f8', '1d4c376d-3a93-42f7-9862-cd169b58f2c8', 'cc69b300-9b97-11f0-b7ae-5a93b150659e', '2025-04-19', '2ffd7ad2-9eae-11f0-a8d1-362b931374cc', 'キャビテーション', 6000, 'cash', 0, 0, '2025-04-19', '2025-04-19');
INSERT INTO payments (payment_id, customer_id, staff_id, payment_date, service_id, service_name, total_amount, payment_method, cash_amount, card_amount, created_at, updated_at) VALUES ('42e44448-7326-4038-a1d9-20ed571186a7', 'a81978a1-cda1-4f10-9dfc-81d37f0c5e8d', 'cc69b300-9b97-11f0-b7ae-5a93b150659e', '2025-12-01', '2ffd7ad2-9eae-11f0-a8d1-362b931374cc', 'キャビテーション', 6000, 'cash', 0, 0, '2025-12-01', '2025-12-01');
INSERT INTO payments (payment_id, customer_id, staff_id, payment_date, service_id, service_name, total_amount, payment_method, cash_amount, card_amount, created_at, updated_at) VALUES ('02e65ab9-8941-44dd-9a0d-3f32a9fe787f', '5422a3b9-3738-4ef7-916d-09743d962cd0', 'cc69b300-9b97-11f0-b7ae-5a93b150659e', '2025-07-28', '937a225d-9d10-11f0-8e8d-b2353c7546ec', '美骨小顔コルギ(90分)', 19000, 'cash', 0, 0, '2025-07-28', '2025-07-28');
INSERT INTO payments (payment_id, customer_id, staff_id, payment_date, service_id, service_name, total_amount, payment_method, cash_amount, card_amount, created_at, updated_at) VALUES ('61f46353-3f9d-4117-9723-bdf14934682a', '15f6527b-0dd8-4b1c-ab53-c9c50d90f1dc', 'cc69b300-9b97-11f0-b7ae-5a93b150659e', '2025-09-14', '2ffd7ad2-9eae-11f0-a8d1-362b931374cc', 'キャビテーション', 6000, 'card', 0, 6000, '2025-09-14', '2025-09-14');
INSERT INTO payments (payment_id, customer_id, staff_id, payment_date, service_id, service_name, total_amount, payment_method, cash_amount, card_amount, created_at, updated_at) VALUES ('2881d639-eb11-4b40-9477-adc3000c7398', 'f5a4ebef-eb66-456a-bed4-f9b4554b5b09', 'deabe83a-9b97-11f0-b7ae-5a93b150659e', '2025-11-02', '7cfc9898-9d10-11f0-8e8d-b2353c7546ec', '美骨小顔コルギ(60分)', 15000, 'card', 0, 15000, '2025-11-02', '2025-11-02');
INSERT INTO payments (payment_id, customer_id, staff_id, payment_date, service_id, service_name, total_amount, payment_method, cash_amount, card_amount, created_at, updated_at) VALUES ('feb42f9b-c82d-4d49-a6c0-7caaf1226068', '0afe0d0a-dacd-4e62-90a9-3fde0f0d54d1', 'f5b5eecc-9b97-11f0-b7ae-5a93b150659e', '2024-09-03', '937a225d-9d10-11f0-8e8d-b2353c7546ec', '美骨小顔コルギ(90分)', 19000, 'cash', 0, 0, '2024-09-03', '2024-09-03');
INSERT INTO customer_tickets (customer_ticket_id, customer_id, plan_id, purchase_date, expiry_date, sessions_remaining, purchase_price) VALUES ('04a25535-646e-4f80-bab8-58257b7cd494', 'c97365cb-6ef5-4b22-aa55-7c1cdcf42356', '6d51a07c-9eae-11f0-a8d1-362b931374cc', '2024-02-22', '2025-02-21', 2, 16500);
INSERT INTO payments (payment_id, customer_id, staff_id, payment_date, service_name, total_amount, payment_method, cash_amount, card_amount, created_at, updated_at) VALUES ('6a149b0f-e86a-4c00-bcac-49bb37dc759b', 'c97365cb-6ef5-4b22-aa55-7c1cdcf42356', 'deabe83a-9b97-11f0-b7ae-5a93b150659e', '2024-02-22', 'キャビテーション3回券', 16500, 'cash', 16500, 0, '2024-02-22', '2024-02-22');
INSERT INTO ticket_payments (payment_id, customer_ticket_id, payment_date, amount_paid, payment_method) VALUES ('6a149b0f-e86a-4c00-bcac-49bb37dc759b', '04a25535-646e-4f80-bab8-58257b7cd494', '2024-02-22', 16500, 'cash');
INSERT INTO payments (payment_id, customer_id, staff_id, payment_date, service_id, service_name, total_amount, payment_method, cash_amount, card_amount, created_at, updated_at) VALUES ('13fa0926-51bf-4922-9cbc-4481d6486b89', '80227226-45e9-416f-8e87-1c73aebecd9f', 'cc69b300-9b97-11f0-b7ae-5a93b150659e', '2024-08-19', '937a225d-9d10-11f0-8e8d-b2353c7546ec', '美骨小顔コルギ(90分)', 19000, 'cash', 19000, 0, '2024-08-19', '2024-08-19');
INSERT INTO payments (payment_id, customer_id, staff_id, payment_date, service_id, service_name, total_amount, payment_method, cash_amount, card_amount, created_at, updated_at) VALUES ('6503dbc1-08d7-4447-a9e9-cc113d91bfea', '1fc49c5d-8f14-44ac-b212-0baf9722a92a', 'deabe83a-9b97-11f0-b7ae-5a93b150659e', '2025-11-11', '2ffd7ad2-9eae-11f0-a8d1-362b931374cc', 'キャビテーション', 6000, 'cash', 6000, 0, '2025-11-11', '2025-11-11');
INSERT INTO payments (payment_id, customer_id, staff_id, payment_date, service_id, service_name, total_amount, payment_method, cash_amount, card_amount, created_at, updated_at) VALUES ('823c777c-facc-445a-ab50-613700ac5c59', '5430c417-abaa-46b3-bfb0-3fde199ae5db', 'cc69b300-9b97-11f0-b7ae-5a93b150659e', '2025-02-05', '937a225d-9d10-11f0-8e8d-b2353c7546ec', '美骨小顔コルギ(90分)', 19000, 'card', 0, 19000, '2025-02-05', '2025-02-05');
INSERT INTO payments (payment_id, customer_id, staff_id, payment_date, service_id, service_name, total_amount, payment_method, cash_amount, card_amount, created_at, updated_at) VALUES ('32ad4523-8bcc-45c9-9c09-9f0aafec81b6', 'ed5a32e3-b73c-4428-91fc-205bf720302d', 'cc69b300-9b97-11f0-b7ae-5a93b150659e', '2025-04-06', '7cfc9898-9d10-11f0-8e8d-b2353c7546ec', '美骨小顔コルギ(60分)', 15000, 'cash', 15000, 0, '2025-04-06', '2025-04-06');
INSERT INTO payments (payment_id, customer_id, staff_id, payment_date, service_id, service_name, total_amount, payment_method, cash_amount, card_amount, created_at, updated_at) VALUES ('399ec421-b728-435b-9583-3630940b7fad', '2576372a-b4d7-470d-a65a-a8e6326c73a0', 'deabe83a-9b97-11f0-b7ae-5a93b150659e', '2024-08-19', '7cfc9898-9d10-11f0-8e8d-b2353c7546ec', '美骨小顔コルギ(60分)', 15000, 'cash', 0, 0, '2024-08-19', '2024-08-19');
INSERT INTO payments (payment_id, customer_id, staff_id, payment_date, service_id, service_name, total_amount, payment_method, cash_amount, card_amount, created_at, updated_at) VALUES ('5478bd98-9bdb-4683-9497-9d4b9d7afa65', '2055e1f1-cc53-4dba-8fc9-de537471fb6e', 'cc69b300-9b97-11f0-b7ae-5a93b150659e', '2024-11-22', '937a225d-9d10-11f0-8e8d-b2353c7546ec', '美骨小顔コルギ(90分)', 19000, 'cash', 19000, 0, '2024-11-22', '2024-11-22');
INSERT INTO payments (payment_id, customer_id, staff_id, payment_date, service_id, service_name, total_amount, payment_method, cash_amount, card_amount, created_at, updated_at) VALUES ('dc3aba6d-c8cb-4b55-92e4-f886f19d4370', '2c131dbc-f5d9-46d1-b9c1-b549f5ee49c0', 'cc69b300-9b97-11f0-b7ae-5a93b150659e', '2025-10-18', '2ffd7ad2-9eae-11f0-a8d1-362b931374cc', 'キャビテーション', 6000, 'card', 0, 6000, '2025-10-18', '2025-10-18');
INSERT INTO payments (payment_id, customer_id, staff_id, payment_date, service_id, service_name, total_amount, payment_method, cash_amount, card_amount, created_at, updated_at) VALUES ('83161dae-f2fc-41d7-9f3d-a37aa374372e', '1ae82d69-ee8c-424b-a5a4-da87feda4e09', 'f5b5eecc-9b97-11f0-b7ae-5a93b150659e', '2024-05-16', '7cfc9898-9d10-11f0-8e8d-b2353c7546ec', '美骨小顔コルギ(60分)', 15000, 'cash', 0, 0, '2024-05-16', '2024-05-16');
INSERT INTO payments (payment_id, customer_id, staff_id, payment_date, service_id, service_name, total_amount, payment_method, cash_amount, card_amount, created_at, updated_at) VALUES ('8df38810-fd1b-48ce-ade3-b61514308c69', 'ff2dd329-57d1-436d-9236-3219e210a4b2', 'cc69b300-9b97-11f0-b7ae-5a93b150659e', '2024-12-25', '7cfc9898-9d10-11f0-8e8d-b2353c7546ec', '美骨小顔コルギ(60分)', 15000, 'card', 0, 15000, '2024-12-25', '2024-12-25');
INSERT INTO customer_tickets (customer_ticket_id, customer_id, plan_id, purchase_date, expiry_date, sessions_remaining, purchase_price) VALUES ('924b7878-d938-4a13-86fd-b88232d9059b', 'cb9bc4b9-210c-41df-a0c7-228d66dd0b3a', '6d51a07c-9eae-11f0-a8d1-362b931374cc', '2024-05-23', '2025-05-23', 10, 16500);
INSERT INTO payments (payment_id, customer_id, staff_id, payment_date, service_name, total_amount, payment_method, cash_amount, card_amount, created_at, updated_at) VALUES ('6dee9556-1773-409a-a07a-84fd7e392354', 'cb9bc4b9-210c-41df-a0c7-228d66dd0b3a', 'f5b5eecc-9b97-11f0-b7ae-5a93b150659e', '2024-05-23', 'キャビテーション3回券', 16500, 'cash', 16500, 0, '2024-05-23', '2024-05-23');
INSERT INTO ticket_payments (payment_id, customer_ticket_id, payment_date, amount_paid, payment_method) VALUES ('6dee9556-1773-409a-a07a-84fd7e392354', '924b7878-d938-4a13-86fd-b88232d9059b', '2024-05-23', 16500, 'cash');
INSERT INTO payments (payment_id, customer_id, staff_id, payment_date, service_id, service_name, total_amount, payment_method, cash_amount, card_amount, created_at, updated_at) VALUES ('bae77ddc-461d-4c11-92a7-710580873d0d', '317754f8-9bf6-4635-8679-08508e7be0a2', 'cc69b300-9b97-11f0-b7ae-5a93b150659e', '2025-06-03', '937a225d-9d10-11f0-8e8d-b2353c7546ec', '美骨小顔コルギ(90分)', 19000, 'card', 0, 19000, '2025-06-03', '2025-06-03');
INSERT INTO payments (payment_id, customer_id, staff_id, payment_date, service_id, service_name, total_amount, payment_method, cash_amount, card_amount, created_at, updated_at) VALUES ('362c6077-0ccd-4e31-b8ed-b46a79ce4de1', '54064ae2-11ed-4604-8cc7-81990723ac1c', 'f5b5eecc-9b97-11f0-b7ae-5a93b150659e', '2025-01-31', '7cfc9898-9d10-11f0-8e8d-b2353c7546ec', '美骨小顔コルギ(60分)', 15000, 'cash', 15000, 0, '2025-01-31', '2025-01-31');
INSERT INTO customer_tickets (customer_ticket_id, customer_id, plan_id, purchase_date, expiry_date, sessions_remaining, purchase_price) VALUES ('7f3911c8-ebe8-4ae2-a372-0a2f33515b8c', '324796c0-febd-4139-bb9e-0fd095b6f323', '5b17a109-9d29-11f0-8e8d-b2353c7546ec', '2024-09-29', '2025-09-29', 4, 42500);
INSERT INTO payments (payment_id, customer_id, staff_id, payment_date, service_name, total_amount, payment_method, cash_amount, card_amount, created_at, updated_at) VALUES ('625f39ea-bd7f-49a0-a9ba-20af00dff6ac', '324796c0-febd-4139-bb9e-0fd095b6f323', 'f5b5eecc-9b97-11f0-b7ae-5a93b150659e', '2024-09-29', '60分5回券(会員男性)', 42500, 'cash', 42500, 0, '2024-09-29', '2024-09-29');
INSERT INTO ticket_payments (payment_id, customer_ticket_id, payment_date, amount_paid, payment_method) VALUES ('625f39ea-bd7f-49a0-a9ba-20af00dff6ac', '7f3911c8-ebe8-4ae2-a372-0a2f33515b8c', '2024-09-29', 42500, 'cash');
INSERT INTO payments (payment_id, customer_id, staff_id, payment_date, service_id, service_name, total_amount, payment_method, cash_amount, card_amount, created_at, updated_at) VALUES ('93a62c8f-ce43-42eb-a616-defc60987d5b', 'af90eae1-e44e-4686-be1a-061032e9b76b', 'f5b5eecc-9b97-11f0-b7ae-5a93b150659e', '2025-09-13', '7cfc9898-9d10-11f0-8e8d-b2353c7546ec', '美骨小顔コルギ(60分)', 15000, 'cash', 0, 0, '2025-09-13', '2025-09-13');
INSERT INTO payments (payment_id, customer_id, staff_id, payment_date, service_id, service_name, total_amount, payment_method, cash_amount, card_amount, created_at, updated_at) VALUES ('ba0b8392-2539-49dd-91ec-f7682e68f9ad', 'f9f283ca-006f-4b53-838e-c54d32c26275', 'f5b5eecc-9b97-11f0-b7ae-5a93b150659e', '2024-07-27', '7cfc9898-9d10-11f0-8e8d-b2353c7546ec', '美骨小顔コルギ(60分)', 15000, 'cash', 0, 0, '2024-07-27', '2024-07-27');
INSERT INTO payments (payment_id, customer_id, staff_id, payment_date, service_id, service_name, total_amount, payment_method, cash_amount, card_amount, created_at, updated_at) VALUES ('e55b46e8-35a0-4afb-afbe-d67aa82a6872', '7026dcd1-d6c3-4ae9-9d83-8a87c63ff6b7', 'deabe83a-9b97-11f0-b7ae-5a93b150659e', '2024-07-15', '937a225d-9d10-11f0-8e8d-b2353c7546ec', '美骨小顔コルギ(90分)', 19000, 'card', 0, 19000, '2024-07-15', '2024-07-15');
INSERT INTO customer_tickets (customer_ticket_id, customer_id, plan_id, purchase_date, expiry_date, sessions_remaining, purchase_price) VALUES ('4e2ed1d6-d1b3-4477-9c6b-1f59b616a515', '9691cb96-6932-42dc-889b-2b2a390b08fd', '7d0b8322-9eae-11f0-a8d1-362b931374cc', '2024-07-17', '2025-07-17', 10, 25000);
INSERT INTO payments (payment_id, customer_id, staff_id, payment_date, service_name, total_amount, payment_method, cash_amount, card_amount, created_at, updated_at) VALUES ('bd39528e-872a-4c23-b18e-660404cf6911', '9691cb96-6932-42dc-889b-2b2a390b08fd', 'cc69b300-9b97-11f0-b7ae-5a93b150659e', '2024-07-17', 'キャビテーション5回券', 25000, 'cash', 25000, 0, '2024-07-17', '2024-07-17');
INSERT INTO ticket_payments (payment_id, customer_ticket_id, payment_date, amount_paid, payment_method) VALUES ('bd39528e-872a-4c23-b18e-660404cf6911', '4e2ed1d6-d1b3-4477-9c6b-1f59b616a515', '2024-07-17', 25000, 'cash');
INSERT INTO payments (payment_id, customer_id, staff_id, payment_date, service_id, service_name, total_amount, payment_method, cash_amount, card_amount, created_at, updated_at) VALUES ('ed84f097-7a5d-4d0a-92f0-1b56938a1461', 'b5ed4270-bc36-42e9-8a96-c0bc0bb0ddfb', 'deabe83a-9b97-11f0-b7ae-5a93b150659e', '2025-06-29', '2ffd7ad2-9eae-11f0-a8d1-362b931374cc', 'キャビテーション', 6000, 'cash', 0, 0, '2025-06-29', '2025-06-29');
INSERT INTO payments (payment_id, customer_id, staff_id, payment_date, service_id, service_name, total_amount, payment_method, cash_amount, card_amount, created_at, updated_at) VALUES ('4309b456-670d-40a9-9a29-34aad5c2cf2e', 'f83a7d9f-2e5e-47a4-817d-cafd0bb12641', 'deabe83a-9b97-11f0-b7ae-5a93b150659e', '2025-06-04', '2ffd7ad2-9eae-11f0-a8d1-362b931374cc', 'キャビテーション', 6000, 'cash', 0, 0, '2025-06-04', '2025-06-04');
INSERT INTO payments (payment_id, customer_id, staff_id, payment_date, service_id, service_name, total_amount, payment_method, cash_amount, card_amount, created_at, updated_at) VALUES ('efeeea90-07e9-49e6-a20c-161283381982', '794ed345-59a9-49af-a6a5-79d3bc86fae1', 'f5b5eecc-9b97-11f0-b7ae-5a93b150659e', '2024-09-24', '937a225d-9d10-11f0-8e8d-b2353c7546ec', '美骨小顔コルギ(90分)', 19000, 'card', 0, 19000, '2024-09-24', '2024-09-24');
INSERT INTO payments (payment_id, customer_id, staff_id, payment_date, service_id, service_name, total_amount, payment_method, cash_amount, card_amount, created_at, updated_at) VALUES ('8123c13b-a121-45e8-9df1-da0ab58c03a4', '1efe902c-1489-41c4-b8b6-4dc6087ee93d', 'f5b5eecc-9b97-11f0-b7ae-5a93b150659e', '2024-06-29', '937a225d-9d10-11f0-8e8d-b2353c7546ec', '美骨小顔コルギ(90分)', 19000, 'cash', 0, 0, '2024-06-29', '2024-06-29');
INSERT INTO customer_tickets (customer_ticket_id, customer_id, plan_id, purchase_date, expiry_date, sessions_remaining, purchase_price) VALUES ('5d95dc80-656a-473d-9ca8-8700a1572fe1', 'd22bf811-e177-4cf2-82e9-3c223da9a431', '6d51a07c-9eae-11f0-a8d1-362b931374cc', '2025-10-18', '2026-10-18', 7, 16500);
INSERT INTO payments (payment_id, customer_id, staff_id, payment_date, service_name, total_amount, payment_method, cash_amount, card_amount, created_at, updated_at) VALUES ('df5ce752-8d9e-4ef9-be0a-38010b8e48ef', 'd22bf811-e177-4cf2-82e9-3c223da9a431', 'deabe83a-9b97-11f0-b7ae-5a93b150659e', '2025-10-18', 'キャビテーション3回券', 16500, 'cash', 16500, 0, '2025-10-18', '2025-10-18');
INSERT INTO ticket_payments (payment_id, customer_ticket_id, payment_date, amount_paid, payment_method) VALUES ('df5ce752-8d9e-4ef9-be0a-38010b8e48ef', '5d95dc80-656a-473d-9ca8-8700a1572fe1', '2025-10-18', 16500, 'cash');
INSERT INTO customer_tickets (customer_ticket_id, customer_id, plan_id, purchase_date, expiry_date, sessions_remaining, purchase_price) VALUES ('d6234989-1512-41d9-bec3-71812a119b44', 'cb4eb827-433f-4678-be90-624fab269afa', '6d51a07c-9eae-11f0-a8d1-362b931374cc', '2025-08-30', '2026-08-30', 2, 16500);
INSERT INTO payments (payment_id, customer_id, staff_id, payment_date, service_name, total_amount, payment_method, cash_amount, card_amount, created_at, updated_at) VALUES ('a2a4c373-8442-4a55-af88-4e859c28c912', 'cb4eb827-433f-4678-be90-624fab269afa', 'deabe83a-9b97-11f0-b7ae-5a93b150659e', '2025-08-30', 'キャビテーション3回券', 16500, 'cash', 16500, 0, '2025-08-30', '2025-08-30');
INSERT INTO ticket_payments (payment_id, customer_ticket_id, payment_date, amount_paid, payment_method) VALUES ('a2a4c373-8442-4a55-af88-4e859c28c912', 'd6234989-1512-41d9-bec3-71812a119b44', '2025-08-30', 16500, 'cash');
INSERT INTO payments (payment_id, customer_id, staff_id, payment_date, service_id, service_name, total_amount, payment_method, cash_amount, card_amount, created_at, updated_at) VALUES ('f204649b-db99-42f7-ac95-a60482765eab', 'e0908974-12e9-44df-ab0d-4613f7368112', 'cc69b300-9b97-11f0-b7ae-5a93b150659e', '2024-05-09', '7cfc9898-9d10-11f0-8e8d-b2353c7546ec', '美骨小顔コルギ(60分)', 15000, 'cash', 15000, 0, '2024-05-09', '2024-05-09');
INSERT INTO customer_tickets (customer_ticket_id, customer_id, plan_id, purchase_date, expiry_date, sessions_remaining, purchase_price) VALUES ('304ad6a0-93c7-4146-b667-df27549e4044', '55d1552d-28e1-412c-969e-992f0058110c', '5b17a109-9d29-11f0-8e8d-b2353c7546ec', '2025-05-14', '2026-05-14', 3, 42500);
INSERT INTO payments (payment_id, customer_id, staff_id, payment_date, service_name, total_amount, payment_method, cash_amount, card_amount, created_at, updated_at) VALUES ('d213d29e-fb37-44ec-9819-1bf28b13031f', '55d1552d-28e1-412c-969e-992f0058110c', 'deabe83a-9b97-11f0-b7ae-5a93b150659e', '2025-05-14', '60分5回券(会員男性)', 42500, 'cash', 42500, 0, '2025-05-14', '2025-05-14');
INSERT INTO ticket_payments (payment_id, customer_ticket_id, payment_date, amount_paid, payment_method) VALUES ('d213d29e-fb37-44ec-9819-1bf28b13031f', '304ad6a0-93c7-4146-b667-df27549e4044', '2025-05-14', 42500, 'cash');
INSERT INTO payments (payment_id, customer_id, staff_id, payment_date, service_id, service_name, total_amount, payment_method, cash_amount, card_amount, created_at, updated_at) VALUES ('c7f9a4a0-9cc0-42df-a0ad-28a8081647df', '5430c417-abaa-46b3-bfb0-3fde199ae5db', 'f5b5eecc-9b97-11f0-b7ae-5a93b150659e', '2025-06-13', '2ffd7ad2-9eae-11f0-a8d1-362b931374cc', 'キャビテーション', 6000, 'cash', 0, 0, '2025-06-13', '2025-06-13');
INSERT INTO payments (payment_id, customer_id, staff_id, payment_date, service_id, service_name, total_amount, payment_method, cash_amount, card_amount, created_at, updated_at) VALUES ('274bc850-9baa-449b-8088-13965de4ccab', '7e3cfb36-e1a3-4209-a2dc-93e6ecc9c3de', 'cc69b300-9b97-11f0-b7ae-5a93b150659e', '2024-10-29', '937a225d-9d10-11f0-8e8d-b2353c7546ec', '美骨小顔コルギ(90分)', 19000, 'cash', 19000, 0, '2024-10-29', '2024-10-29');
INSERT INTO payments (payment_id, customer_id, staff_id, payment_date, service_id, service_name, total_amount, payment_method, cash_amount, card_amount, created_at, updated_at) VALUES ('3aec266f-998c-4171-b141-c20364d4f42c', 'fc69de9e-74df-4ae6-acdb-2c6ad01296c1', 'deabe83a-9b97-11f0-b7ae-5a93b150659e', '2024-12-20', '7cfc9898-9d10-11f0-8e8d-b2353c7546ec', '美骨小顔コルギ(60分)', 15000, 'cash', 0, 0, '2024-12-20', '2024-12-20');
INSERT INTO customer_tickets (customer_ticket_id, customer_id, plan_id, purchase_date, expiry_date, sessions_remaining, purchase_price) VALUES ('d35d7b02-6c14-4a4d-9324-df0976d5bdf5', 'caa08af1-50e4-4672-b0d3-0b89d1a7ac08', '5b17a109-9d29-11f0-8e8d-b2353c7546ec', '2025-12-24', '2026-12-24', 3, 42500);
INSERT INTO payments (payment_id, customer_id, staff_id, payment_date, service_name, total_amount, payment_method, cash_amount, card_amount, created_at, updated_at) VALUES ('c667bdc0-0bea-4282-8732-538abd7f713b', 'caa08af1-50e4-4672-b0d3-0b89d1a7ac08', 'deabe83a-9b97-11f0-b7ae-5a93b150659e', '2025-12-24', '60分5回券(会員男性)', 42500, 'cash', 0, 0, '2025-12-24', '2025-12-24');
INSERT INTO ticket_payments (payment_id, customer_ticket_id, payment_date, amount_paid, payment_method) VALUES ('c667bdc0-0bea-4282-8732-538abd7f713b', 'd35d7b02-6c14-4a4d-9324-df0976d5bdf5', '2025-12-24', 42500, 'cash');
INSERT INTO payments (payment_id, customer_id, staff_id, payment_date, service_id, service_name, total_amount, payment_method, cash_amount, card_amount, created_at, updated_at) VALUES ('444c1a9d-e4ec-4d8b-9e7b-0bb95f49b994', 'b65c3b0a-8487-462b-8464-f1abb402a53d', 'cc69b300-9b97-11f0-b7ae-5a93b150659e', '2025-08-10', '7cfc9898-9d10-11f0-8e8d-b2353c7546ec', '美骨小顔コルギ(60分)', 15000, 'card', 0, 15000, '2025-08-10', '2025-08-10');
INSERT INTO payments (payment_id, customer_id, staff_id, payment_date, service_id, service_name, total_amount, payment_method, cash_amount, card_amount, created_at, updated_at) VALUES ('3abd51f2-d05a-4bab-b79f-b68f26fa1909', 'cb4eb827-433f-4678-be90-624fab269afa', 'deabe83a-9b97-11f0-b7ae-5a93b150659e', '2025-03-11', '937a225d-9d10-11f0-8e8d-b2353c7546ec', '美骨小顔コルギ(90分)', 19000, 'cash', 0, 0, '2025-03-11', '2025-03-11');
INSERT INTO payments (payment_id, customer_id, staff_id, payment_date, service_id, service_name, total_amount, payment_method, cash_amount, card_amount, created_at, updated_at) VALUES ('28b580b9-7cfa-4099-9daf-3318585f8464', '7f7c7af1-ea6b-406c-9161-b38481627bcd', 'deabe83a-9b97-11f0-b7ae-5a93b150659e', '2025-08-08', '2ffd7ad2-9eae-11f0-a8d1-362b931374cc', 'キャビテーション', 6000, 'cash', 0, 0, '2025-08-08', '2025-08-08');
INSERT INTO customer_tickets (customer_ticket_id, customer_id, plan_id, purchase_date, expiry_date, sessions_remaining, purchase_price) VALUES ('dc1468cd-6a3d-44f1-8ab3-30194ebdff31', '826b8617-2232-4afd-9eb7-01be72c12eb0', '5b17a109-9d29-11f0-8e8d-b2353c7546ec', '2024-11-16', '2025-11-16', 10, 42500);
INSERT INTO payments (payment_id, customer_id, staff_id, payment_date, service_name, total_amount, payment_method, cash_amount, card_amount, created_at, updated_at) VALUES ('3a5a624e-c703-462d-8200-aa9407ea787c', '826b8617-2232-4afd-9eb7-01be72c12eb0', 'f5b5eecc-9b97-11f0-b7ae-5a93b150659e', '2024-11-16', '60分5回券(会員男性)', 42500, 'cash', 0, 0, '2024-11-16', '2024-11-16');
INSERT INTO ticket_payments (payment_id, customer_ticket_id, payment_date, amount_paid, payment_method) VALUES ('3a5a624e-c703-462d-8200-aa9407ea787c', 'dc1468cd-6a3d-44f1-8ab3-30194ebdff31', '2024-11-16', 42500, 'cash');
INSERT INTO payments (payment_id, customer_id, staff_id, payment_date, service_id, service_name, total_amount, payment_method, cash_amount, card_amount, created_at, updated_at) VALUES ('4015ecdd-5b6d-4be3-9fe9-08055d3c929c', 'd60cfbe9-395e-435e-9e5c-457b54ff1fed', 'deabe83a-9b97-11f0-b7ae-5a93b150659e', '2025-05-14', '937a225d-9d10-11f0-8e8d-b2353c7546ec', '美骨小顔コルギ(90分)', 19000, 'card', 0, 19000, '2025-05-14', '2025-05-14');
INSERT INTO customer_tickets (customer_ticket_id, customer_id, plan_id, purchase_date, expiry_date, sessions_remaining, purchase_price) VALUES ('d7fb9b12-c4ef-4619-9752-e220029e0f65', '812bd1da-73f0-46e1-a586-6fa793bee4a9', '6d51a07c-9eae-11f0-a8d1-362b931374cc', '2025-05-15', '2026-05-15', 2, 16500);
INSERT INTO payments (payment_id, customer_id, staff_id, payment_date, service_name, total_amount, payment_method, cash_amount, card_amount, created_at, updated_at) VALUES ('7cc6e3dc-c56a-40c2-8d32-f02f317ef364', '812bd1da-73f0-46e1-a586-6fa793bee4a9', 'cc69b300-9b97-11f0-b7ae-5a93b150659e', '2025-05-15', 'キャビテーション3回券', 16500, 'cash', 0, 0, '2025-05-15', '2025-05-15');
INSERT INTO ticket_payments (payment_id, customer_ticket_id, payment_date, amount_paid, payment_method) VALUES ('7cc6e3dc-c56a-40c2-8d32-f02f317ef364', 'd7fb9b12-c4ef-4619-9752-e220029e0f65', '2025-05-15', 16500, 'cash');
INSERT INTO customer_tickets (customer_ticket_id, customer_id, plan_id, purchase_date, expiry_date, sessions_remaining, purchase_price) VALUES ('12601095-6452-4944-bf6c-ea47a8ad7d2a', 'e0908974-12e9-44df-ab0d-4613f7368112', '6d51a07c-9eae-11f0-a8d1-362b931374cc', '2024-01-26', '2025-01-25', 1, 16500);
INSERT INTO payments (payment_id, customer_id, staff_id, payment_date, service_name, total_amount, payment_method, cash_amount, card_amount, created_at, updated_at) VALUES ('183beb11-5228-41ff-bf87-cf517cf65250', 'e0908974-12e9-44df-ab0d-4613f7368112', 'cc69b300-9b97-11f0-b7ae-5a93b150659e', '2024-01-26', 'キャビテーション3回券', 16500, 'card', 0, 16500, '2024-01-26', '2024-01-26');
INSERT INTO ticket_payments (payment_id, customer_ticket_id, payment_date, amount_paid, payment_method) VALUES ('183beb11-5228-41ff-bf87-cf517cf65250', '12601095-6452-4944-bf6c-ea47a8ad7d2a', '2024-01-26', 16500, 'card');
INSERT INTO customer_tickets (customer_ticket_id, customer_id, plan_id, purchase_date, expiry_date, sessions_remaining, purchase_price) VALUES ('872da8fd-b9bd-4712-aec9-77ef2a382dcb', '57b75d36-582f-4e95-a617-761ddaed8392', '6d51a07c-9eae-11f0-a8d1-362b931374cc', '2025-10-26', '2026-10-26', 4, 16500);
INSERT INTO payments (payment_id, customer_id, staff_id, payment_date, service_name, total_amount, payment_method, cash_amount, card_amount, created_at, updated_at) VALUES ('84970875-b711-485a-8723-75b9df288a6f', '57b75d36-582f-4e95-a617-761ddaed8392', 'f5b5eecc-9b97-11f0-b7ae-5a93b150659e', '2025-10-26', 'キャビテーション3回券', 16500, 'cash', 0, 0, '2025-10-26', '2025-10-26');
INSERT INTO ticket_payments (payment_id, customer_ticket_id, payment_date, amount_paid, payment_method) VALUES ('84970875-b711-485a-8723-75b9df288a6f', '872da8fd-b9bd-4712-aec9-77ef2a382dcb', '2025-10-26', 16500, 'cash');
INSERT INTO payments (payment_id, customer_id, staff_id, payment_date, service_id, service_name, total_amount, payment_method, cash_amount, card_amount, created_at, updated_at) VALUES ('44857a1f-c32d-4df0-b4c4-145c95d8c625', '5c599f78-33ec-4063-aa16-39d5612cd773', 'f5b5eecc-9b97-11f0-b7ae-5a93b150659e', '2025-03-22', '937a225d-9d10-11f0-8e8d-b2353c7546ec', '美骨小顔コルギ(90分)', 19000, 'cash', 0, 0, '2025-03-22', '2025-03-22');
INSERT INTO payments (payment_id, customer_id, staff_id, payment_date, service_id, service_name, total_amount, payment_method, cash_amount, card_amount, created_at, updated_at) VALUES ('70572747-9205-4eb6-a59f-1c1b8d284beb', '18a4209e-e90b-40f9-be24-c34c95209da4', 'deabe83a-9b97-11f0-b7ae-5a93b150659e', '2025-12-07', '2ffd7ad2-9eae-11f0-a8d1-362b931374cc', 'キャビテーション', 6000, 'cash', 6000, 0, '2025-12-07', '2025-12-07');
INSERT INTO customer_tickets (customer_ticket_id, customer_id, plan_id, purchase_date, expiry_date, sessions_remaining, purchase_price) VALUES ('35615abe-9666-4354-9a7e-23d97a255005', 'e0c664d9-c274-4f40-af3d-9c5f220c6027', '7d0b8322-9eae-11f0-a8d1-362b931374cc', '2025-09-23', '2026-09-23', 2, 25000);
INSERT INTO payments (payment_id, customer_id, staff_id, payment_date, service_name, total_amount, payment_method, cash_amount, card_amount, created_at, updated_at) VALUES ('68b7a58c-3b53-4ed5-a1f3-05fc59852570', 'e0c664d9-c274-4f40-af3d-9c5f220c6027', 'cc69b300-9b97-11f0-b7ae-5a93b150659e', '2025-09-23', 'キャビテーション5回券', 25000, 'cash', 25000, 0, '2025-09-23', '2025-09-23');
INSERT INTO ticket_payments (payment_id, customer_ticket_id, payment_date, amount_paid, payment_method) VALUES ('68b7a58c-3b53-4ed5-a1f3-05fc59852570', '35615abe-9666-4354-9a7e-23d97a255005', '2025-09-23', 25000, 'cash');
INSERT INTO payments (payment_id, customer_id, staff_id, payment_date, service_id, service_name, total_amount, payment_method, cash_amount, card_amount, created_at, updated_at) VALUES ('24980173-b20e-4673-a54f-687635c249ee', '0afe0d0a-dacd-4e62-90a9-3fde0f0d54d1', 'deabe83a-9b97-11f0-b7ae-5a93b150659e', '2024-09-26', '2ffd7ad2-9eae-11f0-a8d1-362b931374cc', 'キャビテーション', 6000, 'card', 0, 6000, '2024-09-26', '2024-09-26');
INSERT INTO payments (payment_id, customer_id, staff_id, payment_date, service_id, service_name, total_amount, payment_method, cash_amount, card_amount, created_at, updated_at) VALUES ('38de79f8-4947-4915-afdb-9ae904bdb80d', '3adfe149-1345-4139-aede-e14e68ae95fa', 'cc69b300-9b97-11f0-b7ae-5a93b150659e', '2025-11-10', '2ffd7ad2-9eae-11f0-a8d1-362b931374cc', 'キャビテーション', 6000, 'cash', 0, 0, '2025-11-10', '2025-11-10');
INSERT INTO payments (payment_id, customer_id, staff_id, payment_date, service_id, service_name, total_amount, payment_method, cash_amount, card_amount, created_at, updated_at) VALUES ('9325ccd1-5268-48ce-b40b-56ff2a2dc698', '18558043-0b3c-450e-bf03-cfddb0370091', 'f5b5eecc-9b97-11f0-b7ae-5a93b150659e', '2025-12-05', '937a225d-9d10-11f0-8e8d-b2353c7546ec', '美骨小顔コルギ(90分)', 19000, 'card', 0, 19000, '2025-12-05', '2025-12-05');
INSERT INTO payments (payment_id, customer_id, staff_id, payment_date, service_id, service_name, total_amount, payment_method, cash_amount, card_amount, created_at, updated_at) VALUES ('dee03539-338b-41c0-8772-a10bcbbb029a', '3adfe149-1345-4139-aede-e14e68ae95fa', 'f5b5eecc-9b97-11f0-b7ae-5a93b150659e', '2025-01-09', '2ffd7ad2-9eae-11f0-a8d1-362b931374cc', 'キャビテーション', 6000, 'cash', 6000, 0, '2025-01-09', '2025-01-09');
INSERT INTO payments (payment_id, customer_id, staff_id, payment_date, service_id, service_name, total_amount, payment_method, cash_amount, card_amount, created_at, updated_at) VALUES ('8b805d27-8eee-485f-9eec-8eab0058f154', '1fc49c5d-8f14-44ac-b212-0baf9722a92a', 'cc69b300-9b97-11f0-b7ae-5a93b150659e', '2024-10-21', '2ffd7ad2-9eae-11f0-a8d1-362b931374cc', 'キャビテーション', 6000, 'cash', 0, 0, '2024-10-21', '2024-10-21');
INSERT INTO customer_tickets (customer_ticket_id, customer_id, plan_id, purchase_date, expiry_date, sessions_remaining, purchase_price) VALUES ('db26ac15-f1ff-441e-964f-cbf575df075b', 'edb3a1cd-40c8-4957-9989-4262a5529c72', '6d51a07c-9eae-11f0-a8d1-362b931374cc', '2024-03-14', '2025-03-14', 2, 16500);
INSERT INTO payments (payment_id, customer_id, staff_id, payment_date, service_name, total_amount, payment_method, cash_amount, card_amount, created_at, updated_at) VALUES ('b2c4d32b-c2b8-4684-8106-c82c8128e510', 'edb3a1cd-40c8-4957-9989-4262a5529c72', 'f5b5eecc-9b97-11f0-b7ae-5a93b150659e', '2024-03-14', 'キャビテーション3回券', 16500, 'cash', 16500, 0, '2024-03-14', '2024-03-14');
INSERT INTO ticket_payments (payment_id, customer_ticket_id, payment_date, amount_paid, payment_method) VALUES ('b2c4d32b-c2b8-4684-8106-c82c8128e510', 'db26ac15-f1ff-441e-964f-cbf575df075b', '2024-03-14', 16500, 'cash');
INSERT INTO payments (payment_id, customer_id, staff_id, payment_date, service_id, service_name, total_amount, payment_method, cash_amount, card_amount, created_at, updated_at) VALUES ('271bbd49-bfdb-4d4e-a879-e2f6ac33474b', 'a18b6cd3-0dfe-4231-9a91-4948cdfad1b5', 'deabe83a-9b97-11f0-b7ae-5a93b150659e', '2024-10-03', '2ffd7ad2-9eae-11f0-a8d1-362b931374cc', 'キャビテーション', 6000, 'cash', 0, 0, '2024-10-03', '2024-10-03');
INSERT INTO customer_tickets (customer_ticket_id, customer_id, plan_id, purchase_date, expiry_date, sessions_remaining, purchase_price) VALUES ('f47c8c16-3fa1-442a-9a6f-b2fac6b17f6e', '7f90cd11-5a26-4966-a11d-b208a0785d5c', '6d51a07c-9eae-11f0-a8d1-362b931374cc', '2024-03-16', '2025-03-16', 10, 16500);
INSERT INTO payments (payment_id, customer_id, staff_id, payment_date, service_name, total_amount, payment_method, cash_amount, card_amount, created_at, updated_at) VALUES ('aaed6cfd-bd46-473d-9cc3-5ae15019b16f', '7f90cd11-5a26-4966-a11d-b208a0785d5c', 'deabe83a-9b97-11f0-b7ae-5a93b150659e', '2024-03-16', 'キャビテーション3回券', 16500, 'card', 0, 16500, '2024-03-16', '2024-03-16');
INSERT INTO ticket_payments (payment_id, customer_ticket_id, payment_date, amount_paid, payment_method) VALUES ('aaed6cfd-bd46-473d-9cc3-5ae15019b16f', 'f47c8c16-3fa1-442a-9a6f-b2fac6b17f6e', '2024-03-16', 16500, 'card');
INSERT INTO payments (payment_id, customer_id, staff_id, payment_date, service_id, service_name, total_amount, payment_method, cash_amount, card_amount, created_at, updated_at) VALUES ('8e15aadf-dac9-472a-845d-6e9d7b9905b9', '6ca60158-c46e-4f19-9bdb-7fbe780faa6f', 'cc69b300-9b97-11f0-b7ae-5a93b150659e', '2025-09-21', '937a225d-9d10-11f0-8e8d-b2353c7546ec', '美骨小顔コルギ(90分)', 19000, 'cash', 19000, 0, '2025-09-21', '2025-09-21');
INSERT INTO customer_tickets (customer_ticket_id, customer_id, plan_id, purchase_date, expiry_date, sessions_remaining, purchase_price) VALUES ('c264d239-86d1-459a-9a1b-9501c520e205', '18558043-0b3c-450e-bf03-cfddb0370091', '7d0b8322-9eae-11f0-a8d1-362b931374cc', '2024-05-22', '2025-05-22', 4, 25000);
INSERT INTO payments (payment_id, customer_id, staff_id, payment_date, service_name, total_amount, payment_method, cash_amount, card_amount, created_at, updated_at) VALUES ('46837b57-0f8d-402a-b193-ca3378029679', '18558043-0b3c-450e-bf03-cfddb0370091', 'f5b5eecc-9b97-11f0-b7ae-5a93b150659e', '2024-05-22', 'キャビテーション5回券', 25000, 'card', 0, 25000, '2024-05-22', '2024-05-22');
INSERT INTO ticket_payments (payment_id, customer_ticket_id, payment_date, amount_paid, payment_method) VALUES ('46837b57-0f8d-402a-b193-ca3378029679', 'c264d239-86d1-459a-9a1b-9501c520e205', '2024-05-22', 25000, 'card');
INSERT INTO payments (payment_id, customer_id, staff_id, payment_date, service_id, service_name, total_amount, payment_method, cash_amount, card_amount, created_at, updated_at) VALUES ('c615305a-23b4-48ac-9f84-2a4a5418bc92', 'b5ed4270-bc36-42e9-8a96-c0bc0bb0ddfb', 'cc69b300-9b97-11f0-b7ae-5a93b150659e', '2024-12-30', '937a225d-9d10-11f0-8e8d-b2353c7546ec', '美骨小顔コルギ(90分)', 19000, 'card', 0, 19000, '2024-12-30', '2024-12-30');
INSERT INTO customer_tickets (customer_ticket_id, customer_id, plan_id, purchase_date, expiry_date, sessions_remaining, purchase_price) VALUES ('206849d3-cd7f-4f14-b338-d5cc4ba9f51b', '4169014a-5d22-4799-bfc5-fe992533d060', '5b17a109-9d29-11f0-8e8d-b2353c7546ec', '2024-05-02', '2025-05-02', 7, 42500);
INSERT INTO payments (payment_id, customer_id, staff_id, payment_date, service_name, total_amount, payment_method, cash_amount, card_amount, created_at, updated_at) VALUES ('ce7390a0-e283-4d28-b1d0-c5cc2103ec16', '4169014a-5d22-4799-bfc5-fe992533d060', 'cc69b300-9b97-11f0-b7ae-5a93b150659e', '2024-05-02', '60分5回券(会員男性)', 42500, 'cash', 0, 0, '2024-05-02', '2024-05-02');
INSERT INTO ticket_payments (payment_id, customer_ticket_id, payment_date, amount_paid, payment_method) VALUES ('ce7390a0-e283-4d28-b1d0-c5cc2103ec16', '206849d3-cd7f-4f14-b338-d5cc4ba9f51b', '2024-05-02', 42500, 'cash');
INSERT INTO customer_tickets (customer_ticket_id, customer_id, plan_id, purchase_date, expiry_date, sessions_remaining, purchase_price) VALUES ('d13d0796-723d-4f50-b8dd-d074cecf9eb5', 'd22bf811-e177-4cf2-82e9-3c223da9a431', '7d0b8322-9eae-11f0-a8d1-362b931374cc', '2025-04-16', '2026-04-16', 1, 25000);
INSERT INTO payments (payment_id, customer_id, staff_id, payment_date, service_name, total_amount, payment_method, cash_amount, card_amount, created_at, updated_at) VALUES ('376d4dac-2c8f-4e7f-83f6-bc8cad2c943c', 'd22bf811-e177-4cf2-82e9-3c223da9a431', 'f5b5eecc-9b97-11f0-b7ae-5a93b150659e', '2025-04-16', 'キャビテーション5回券', 25000, 'card', 0, 25000, '2025-04-16', '2025-04-16');
INSERT INTO ticket_payments (payment_id, customer_ticket_id, payment_date, amount_paid, payment_method) VALUES ('376d4dac-2c8f-4e7f-83f6-bc8cad2c943c', 'd13d0796-723d-4f50-b8dd-d074cecf9eb5', '2025-04-16', 25000, 'card');
INSERT INTO payments (payment_id, customer_id, staff_id, payment_date, service_id, service_name, total_amount, payment_method, cash_amount, card_amount, created_at, updated_at) VALUES ('97efc014-c720-4054-9434-3df40bf634db', '195f2f94-49d8-4b35-8560-cf45d2cf3e8d', 'deabe83a-9b97-11f0-b7ae-5a93b150659e', '2024-03-12', '7cfc9898-9d10-11f0-8e8d-b2353c7546ec', '美骨小顔コルギ(60分)', 15000, 'card', 0, 15000, '2024-03-12', '2024-03-12');
INSERT INTO payments (payment_id, customer_id, staff_id, payment_date, service_id, service_name, total_amount, payment_method, cash_amount, card_amount, created_at, updated_at) VALUES ('5c6dd9ea-75d9-47b0-970e-f413b534c63c', '75b1fffd-95c9-411a-9215-a4ce2899860a', 'f5b5eecc-9b97-11f0-b7ae-5a93b150659e', '2025-03-17', '7cfc9898-9d10-11f0-8e8d-b2353c7546ec', '美骨小顔コルギ(60分)', 15000, 'cash', 15000, 0, '2025-03-17', '2025-03-17');
INSERT INTO customer_tickets (customer_ticket_id, customer_id, plan_id, purchase_date, expiry_date, sessions_remaining, purchase_price) VALUES ('ed7c0502-d2e2-452a-8b6e-006791f41857', '6e055a24-65a2-4664-91ab-cea27708d3d2', '6d51a07c-9eae-11f0-a8d1-362b931374cc', '2024-12-10', '2025-12-10', 9, 16500);
INSERT INTO payments (payment_id, customer_id, staff_id, payment_date, service_name, total_amount, payment_method, cash_amount, card_amount, created_at, updated_at) VALUES ('e2727b7a-4ae9-441d-92a3-07325107cd97', '6e055a24-65a2-4664-91ab-cea27708d3d2', 'cc69b300-9b97-11f0-b7ae-5a93b150659e', '2024-12-10', 'キャビテーション3回券', 16500, 'cash', 0, 0, '2024-12-10', '2024-12-10');
INSERT INTO ticket_payments (payment_id, customer_ticket_id, payment_date, amount_paid, payment_method) VALUES ('e2727b7a-4ae9-441d-92a3-07325107cd97', 'ed7c0502-d2e2-452a-8b6e-006791f41857', '2024-12-10', 16500, 'cash');
INSERT INTO payments (payment_id, customer_id, staff_id, payment_date, service_id, service_name, total_amount, payment_method, cash_amount, card_amount, created_at, updated_at) VALUES ('5a38da13-f85f-4024-9f60-e4fa5fdd13be', '39a62f68-c8cc-4b80-ad7d-f1aff2bf1cdd', 'f5b5eecc-9b97-11f0-b7ae-5a93b150659e', '2024-01-30', '937a225d-9d10-11f0-8e8d-b2353c7546ec', '美骨小顔コルギ(90分)', 19000, 'cash', 19000, 0, '2024-01-30', '2024-01-30');
INSERT INTO customer_tickets (customer_ticket_id, customer_id, plan_id, purchase_date, expiry_date, sessions_remaining, purchase_price) VALUES ('a37e6a1a-44e4-4986-9c42-cd1c0f0c9e6e', '6e055a24-65a2-4664-91ab-cea27708d3d2', '7d0b8322-9eae-11f0-a8d1-362b931374cc', '2025-08-03', '2026-08-03', 1, 25000);
INSERT INTO payments (payment_id, customer_id, staff_id, payment_date, service_name, total_amount, payment_method, cash_amount, card_amount, created_at, updated_at) VALUES ('a7a52bd7-9f75-46ac-8c68-a63276e47ce6', '6e055a24-65a2-4664-91ab-cea27708d3d2', 'deabe83a-9b97-11f0-b7ae-5a93b150659e', '2025-08-03', 'キャビテーション5回券', 25000, 'card', 0, 25000, '2025-08-03', '2025-08-03');
INSERT INTO ticket_payments (payment_id, customer_ticket_id, payment_date, amount_paid, payment_method) VALUES ('a7a52bd7-9f75-46ac-8c68-a63276e47ce6', 'a37e6a1a-44e4-4986-9c42-cd1c0f0c9e6e', '2025-08-03', 25000, 'card');
INSERT INTO payments (payment_id, customer_id, staff_id, payment_date, service_id, service_name, total_amount, payment_method, cash_amount, card_amount, created_at, updated_at) VALUES ('4b69aac0-8528-4d68-8fa2-4abc4e6d0242', 'a5896fb8-0354-46a8-bac1-fa6d0be6d540', 'deabe83a-9b97-11f0-b7ae-5a93b150659e', '2024-03-17', '2ffd7ad2-9eae-11f0-a8d1-362b931374cc', 'キャビテーション', 6000, 'cash', 0, 0, '2024-03-17', '2024-03-17');
INSERT INTO payments (payment_id, customer_id, staff_id, payment_date, service_id, service_name, total_amount, payment_method, cash_amount, card_amount, created_at, updated_at) VALUES ('77c34fef-894d-4398-af76-1f7cfb80a2d0', '7026dcd1-d6c3-4ae9-9d83-8a87c63ff6b7', 'f5b5eecc-9b97-11f0-b7ae-5a93b150659e', '2024-10-26', '7cfc9898-9d10-11f0-8e8d-b2353c7546ec', '美骨小顔コルギ(60分)', 15000, 'cash', 0, 0, '2024-10-26', '2024-10-26');
INSERT INTO payments (payment_id, customer_id, staff_id, payment_date, service_id, service_name, total_amount, payment_method, cash_amount, card_amount, created_at, updated_at) VALUES ('76c375eb-9470-43e8-9f0a-c4bb7ea2837d', '6e66e052-01ff-4de3-8921-da711cb188f9', 'f5b5eecc-9b97-11f0-b7ae-5a93b150659e', '2024-12-19', '937a225d-9d10-11f0-8e8d-b2353c7546ec', '美骨小顔コルギ(90分)', 19000, 'cash', 0, 0, '2024-12-19', '2024-12-19');
INSERT INTO payments (payment_id, customer_id, staff_id, payment_date, service_id, service_name, total_amount, payment_method, cash_amount, card_amount, created_at, updated_at) VALUES ('697b12f9-24f1-434f-a27e-28b3156af13a', 'fc946845-e671-4b00-a7ed-f0c64b6820cb', 'cc69b300-9b97-11f0-b7ae-5a93b150659e', '2024-10-11', '2ffd7ad2-9eae-11f0-a8d1-362b931374cc', 'キャビテーション', 6000, 'card', 0, 6000, '2024-10-11', '2024-10-11');
INSERT INTO payments (payment_id, customer_id, staff_id, payment_date, service_id, service_name, total_amount, payment_method, cash_amount, card_amount, created_at, updated_at) VALUES ('ab9d486a-8470-43dd-adda-1d07a9b8f42f', 'a18b6cd3-0dfe-4231-9a91-4948cdfad1b5', 'cc69b300-9b97-11f0-b7ae-5a93b150659e', '2025-10-04', '937a225d-9d10-11f0-8e8d-b2353c7546ec', '美骨小顔コルギ(90分)', 19000, 'card', 0, 19000, '2025-10-04', '2025-10-04');
INSERT INTO customer_tickets (customer_ticket_id, customer_id, plan_id, purchase_date, expiry_date, sessions_remaining, purchase_price) VALUES ('88869bc7-f656-4bd2-a997-5a994e51b457', '31e11987-0326-4d8e-9fee-fefd606ae226', '5b17a109-9d29-11f0-8e8d-b2353c7546ec', '2024-09-23', '2025-09-23', 2, 42500);
INSERT INTO payments (payment_id, customer_id, staff_id, payment_date, service_name, total_amount, payment_method, cash_amount, card_amount, created_at, updated_at) VALUES ('7bb0751f-8843-455d-88bc-4e552cb7d4ce', '31e11987-0326-4d8e-9fee-fefd606ae226', 'deabe83a-9b97-11f0-b7ae-5a93b150659e', '2024-09-23', '60分5回券(会員男性)', 42500, 'card', 0, 42500, '2024-09-23', '2024-09-23');
INSERT INTO ticket_payments (payment_id, customer_ticket_id, payment_date, amount_paid, payment_method) VALUES ('7bb0751f-8843-455d-88bc-4e552cb7d4ce', '88869bc7-f656-4bd2-a997-5a994e51b457', '2024-09-23', 42500, 'card');
INSERT INTO customer_tickets (customer_ticket_id, customer_id, plan_id, purchase_date, expiry_date, sessions_remaining, purchase_price) VALUES ('8cecb991-dac5-40d0-9d11-5d8998c4b852', '8956e044-41f7-4b34-aed6-303ed0425b62', '7d0b8322-9eae-11f0-a8d1-362b931374cc', '2025-08-08', '2026-08-08', 5, 25000);
INSERT INTO payments (payment_id, customer_id, staff_id, payment_date, service_name, total_amount, payment_method, cash_amount, card_amount, created_at, updated_at) VALUES ('5432a9f2-3344-470f-9809-da491a9feb5e', '8956e044-41f7-4b34-aed6-303ed0425b62', 'f5b5eecc-9b97-11f0-b7ae-5a93b150659e', '2025-08-08', 'キャビテーション5回券', 25000, 'cash', 0, 0, '2025-08-08', '2025-08-08');
INSERT INTO ticket_payments (payment_id, customer_ticket_id, payment_date, amount_paid, payment_method) VALUES ('5432a9f2-3344-470f-9809-da491a9feb5e', '8cecb991-dac5-40d0-9d11-5d8998c4b852', '2025-08-08', 25000, 'cash');
INSERT INTO payments (payment_id, customer_id, staff_id, payment_date, service_id, service_name, total_amount, payment_method, cash_amount, card_amount, created_at, updated_at) VALUES ('39c8a511-d3fc-4838-b764-4092dfe69097', '97381e89-c3ea-48ca-ab4c-6dbb5a1c5f9e', 'deabe83a-9b97-11f0-b7ae-5a93b150659e', '2025-07-08', '2ffd7ad2-9eae-11f0-a8d1-362b931374cc', 'キャビテーション', 6000, 'cash', 0, 0, '2025-07-08', '2025-07-08');
INSERT INTO payments (payment_id, customer_id, staff_id, payment_date, service_id, service_name, total_amount, payment_method, cash_amount, card_amount, created_at, updated_at) VALUES ('4ed7852b-a570-4670-bb6f-b4cfc375bf95', 'ab19345d-dcdd-44ee-be38-5420bc4bf673', 'cc69b300-9b97-11f0-b7ae-5a93b150659e', '2024-02-25', '2ffd7ad2-9eae-11f0-a8d1-362b931374cc', 'キャビテーション', 6000, 'card', 0, 6000, '2024-02-25', '2024-02-25');
INSERT INTO payments (payment_id, customer_id, staff_id, payment_date, service_id, service_name, total_amount, payment_method, cash_amount, card_amount, created_at, updated_at) VALUES ('2f017ae7-989b-4413-a4d3-8b30d41d0c46', '826b8617-2232-4afd-9eb7-01be72c12eb0', 'deabe83a-9b97-11f0-b7ae-5a93b150659e', '2024-01-20', '937a225d-9d10-11f0-8e8d-b2353c7546ec', '美骨小顔コルギ(90分)', 19000, 'cash', 19000, 0, '2024-01-20', '2024-01-20');
INSERT INTO payments (payment_id, customer_id, staff_id, payment_date, service_id, service_name, total_amount, payment_method, cash_amount, card_amount, created_at, updated_at) VALUES ('ff36f7f1-4aa6-4328-9904-9e162e2e052c', '80227226-45e9-416f-8e87-1c73aebecd9f', 'cc69b300-9b97-11f0-b7ae-5a93b150659e', '2024-03-16', '7cfc9898-9d10-11f0-8e8d-b2353c7546ec', '美骨小顔コルギ(60分)', 15000, 'cash', 0, 0, '2024-03-16', '2024-03-16');
INSERT INTO customer_tickets (customer_ticket_id, customer_id, plan_id, purchase_date, expiry_date, sessions_remaining, purchase_price) VALUES ('3086a259-9a5f-435f-9c37-bb73a390d2c2', '5c599f78-33ec-4063-aa16-39d5612cd773', '6d51a07c-9eae-11f0-a8d1-362b931374cc', '2024-08-22', '2025-08-22', 2, 16500);
INSERT INTO payments (payment_id, customer_id, staff_id, payment_date, service_name, total_amount, payment_method, cash_amount, card_amount, created_at, updated_at) VALUES ('9d1b0a93-4ddc-4bee-bc32-e579787f914d', '5c599f78-33ec-4063-aa16-39d5612cd773', 'deabe83a-9b97-11f0-b7ae-5a93b150659e', '2024-08-22', 'キャビテーション3回券', 16500, 'cash', 16500, 0, '2024-08-22', '2024-08-22');
INSERT INTO ticket_payments (payment_id, customer_ticket_id, payment_date, amount_paid, payment_method) VALUES ('9d1b0a93-4ddc-4bee-bc32-e579787f914d', '3086a259-9a5f-435f-9c37-bb73a390d2c2', '2024-08-22', 16500, 'cash');
INSERT INTO customer_tickets (customer_ticket_id, customer_id, plan_id, purchase_date, expiry_date, sessions_remaining, purchase_price) VALUES ('c6b9b892-544f-48f1-a2a7-a09273e9ccc3', '9691cb96-6932-42dc-889b-2b2a390b08fd', '6d51a07c-9eae-11f0-a8d1-362b931374cc', '2024-12-05', '2025-12-05', 5, 16500);
INSERT INTO payments (payment_id, customer_id, staff_id, payment_date, service_name, total_amount, payment_method, cash_amount, card_amount, created_at, updated_at) VALUES ('042b0e01-ac17-4ada-8ebd-aa7af30e135d', '9691cb96-6932-42dc-889b-2b2a390b08fd', 'deabe83a-9b97-11f0-b7ae-5a93b150659e', '2024-12-05', 'キャビテーション3回券', 16500, 'card', 0, 16500, '2024-12-05', '2024-12-05');
INSERT INTO ticket_payments (payment_id, customer_ticket_id, payment_date, amount_paid, payment_method) VALUES ('042b0e01-ac17-4ada-8ebd-aa7af30e135d', 'c6b9b892-544f-48f1-a2a7-a09273e9ccc3', '2024-12-05', 16500, 'card');
INSERT INTO payments (payment_id, customer_id, staff_id, payment_date, service_id, service_name, total_amount, payment_method, cash_amount, card_amount, created_at, updated_at) VALUES ('b60e3424-5c8b-4758-9f8c-d9fe5111b85e', 'cb4c727d-4226-480e-9edf-709aa4048e22', 'deabe83a-9b97-11f0-b7ae-5a93b150659e', '2024-09-11', '2ffd7ad2-9eae-11f0-a8d1-362b931374cc', 'キャビテーション', 6000, 'card', 0, 6000, '2024-09-11', '2024-09-11');
INSERT INTO payments (payment_id, customer_id, staff_id, payment_date, service_id, service_name, total_amount, payment_method, cash_amount, card_amount, created_at, updated_at) VALUES ('12c1a2b7-34dd-4e4d-94f1-bbc5fe8ce5e9', 'd60cfbe9-395e-435e-9e5c-457b54ff1fed', 'f5b5eecc-9b97-11f0-b7ae-5a93b150659e', '2025-06-13', '2ffd7ad2-9eae-11f0-a8d1-362b931374cc', 'キャビテーション', 6000, 'cash', 6000, 0, '2025-06-13', '2025-06-13');
INSERT INTO payments (payment_id, customer_id, staff_id, payment_date, service_id, service_name, total_amount, payment_method, cash_amount, card_amount, created_at, updated_at) VALUES ('6e04e3a2-97f3-432f-8585-101425441bcd', '60ed4116-1a7d-485d-8350-2b55364734ca', 'deabe83a-9b97-11f0-b7ae-5a93b150659e', '2025-05-26', '937a225d-9d10-11f0-8e8d-b2353c7546ec', '美骨小顔コルギ(90分)', 19000, 'card', 0, 19000, '2025-05-26', '2025-05-26');
INSERT INTO payments (payment_id, customer_id, staff_id, payment_date, service_id, service_name, total_amount, payment_method, cash_amount, card_amount, created_at, updated_at) VALUES ('9d7408e1-e4f6-4f26-b942-00f5d771f27b', 'f88eec2e-c74c-4298-8e5f-3f3377909b34', 'deabe83a-9b97-11f0-b7ae-5a93b150659e', '2024-02-11', '2ffd7ad2-9eae-11f0-a8d1-362b931374cc', 'キャビテーション', 6000, 'cash', 6000, 0, '2024-02-11', '2024-02-11');
INSERT INTO payments (payment_id, customer_id, staff_id, payment_date, service_id, service_name, total_amount, payment_method, cash_amount, card_amount, created_at, updated_at) VALUES ('752e36e5-3b16-4bf6-990f-95119d0b1d84', '7e3cfb36-e1a3-4209-a2dc-93e6ecc9c3de', 'cc69b300-9b97-11f0-b7ae-5a93b150659e', '2025-08-28', '2ffd7ad2-9eae-11f0-a8d1-362b931374cc', 'キャビテーション', 6000, 'card', 0, 6000, '2025-08-28', '2025-08-28');
INSERT INTO customer_tickets (customer_ticket_id, customer_id, plan_id, purchase_date, expiry_date, sessions_remaining, purchase_price) VALUES ('bc6f09f4-754e-4c92-8392-569436846cd8', '1efe902c-1489-41c4-b8b6-4dc6087ee93d', '5b17a109-9d29-11f0-8e8d-b2353c7546ec', '2025-06-14', '2026-06-14', 1, 42500);
INSERT INTO payments (payment_id, customer_id, staff_id, payment_date, service_name, total_amount, payment_method, cash_amount, card_amount, created_at, updated_at) VALUES ('461d5b8c-3e1d-4ff8-b0df-b57f7d9d0d78', '1efe902c-1489-41c4-b8b6-4dc6087ee93d', 'deabe83a-9b97-11f0-b7ae-5a93b150659e', '2025-06-14', '60分5回券(会員男性)', 42500, 'cash', 0, 0, '2025-06-14', '2025-06-14');
INSERT INTO ticket_payments (payment_id, customer_ticket_id, payment_date, amount_paid, payment_method) VALUES ('461d5b8c-3e1d-4ff8-b0df-b57f7d9d0d78', 'bc6f09f4-754e-4c92-8392-569436846cd8', '2025-06-14', 42500, 'cash');
INSERT INTO customer_tickets (customer_ticket_id, customer_id, plan_id, purchase_date, expiry_date, sessions_remaining, purchase_price) VALUES ('c24ccff3-7ade-4c1b-a21f-474fc12c5c39', 'f5a4ebef-eb66-456a-bed4-f9b4554b5b09', '7d0b8322-9eae-11f0-a8d1-362b931374cc', '2025-11-05', '2026-11-05', 10, 25000);
INSERT INTO payments (payment_id, customer_id, staff_id, payment_date, service_name, total_amount, payment_method, cash_amount, card_amount, created_at, updated_at) VALUES ('cf55ecdb-8f09-4ef1-abd2-79ccb19ec55f', 'f5a4ebef-eb66-456a-bed4-f9b4554b5b09', 'deabe83a-9b97-11f0-b7ae-5a93b150659e', '2025-11-05', 'キャビテーション5回券', 25000, 'cash', 0, 0, '2025-11-05', '2025-11-05');
INSERT INTO ticket_payments (payment_id, customer_ticket_id, payment_date, amount_paid, payment_method) VALUES ('cf55ecdb-8f09-4ef1-abd2-79ccb19ec55f', 'c24ccff3-7ade-4c1b-a21f-474fc12c5c39', '2025-11-05', 25000, 'cash');
INSERT INTO customer_tickets (customer_ticket_id, customer_id, plan_id, purchase_date, expiry_date, sessions_remaining, purchase_price) VALUES ('e1fd2c61-41ff-4b89-9ee4-28f5460d0d2c', '6ca60158-c46e-4f19-9bdb-7fbe780faa6f', '7d0b8322-9eae-11f0-a8d1-362b931374cc', '2025-08-19', '2026-08-19', 8, 25000);
INSERT INTO payments (payment_id, customer_id, staff_id, payment_date, service_name, total_amount, payment_method, cash_amount, card_amount, created_at, updated_at) VALUES ('2d0d9b41-0e04-47e3-91aa-31aeb6460513', '6ca60158-c46e-4f19-9bdb-7fbe780faa6f', 'deabe83a-9b97-11f0-b7ae-5a93b150659e', '2025-08-19', 'キャビテーション5回券', 25000, 'cash', 25000, 0, '2025-08-19', '2025-08-19');
INSERT INTO ticket_payments (payment_id, customer_ticket_id, payment_date, amount_paid, payment_method) VALUES ('2d0d9b41-0e04-47e3-91aa-31aeb6460513', 'e1fd2c61-41ff-4b89-9ee4-28f5460d0d2c', '2025-08-19', 25000, 'cash');
INSERT INTO payments (payment_id, customer_id, staff_id, payment_date, service_id, service_name, total_amount, payment_method, cash_amount, card_amount, created_at, updated_at) VALUES ('8d8909e6-99ee-482e-a1c4-c36afdbe9587', 'c97365cb-6ef5-4b22-aa55-7c1cdcf42356', 'f5b5eecc-9b97-11f0-b7ae-5a93b150659e', '2024-07-23', '937a225d-9d10-11f0-8e8d-b2353c7546ec', '美骨小顔コルギ(90分)', 19000, 'cash', 0, 0, '2024-07-23', '2024-07-23');
INSERT INTO payments (payment_id, customer_id, staff_id, payment_date, service_id, service_name, total_amount, payment_method, cash_amount, card_amount, created_at, updated_at) VALUES ('0c6de309-fef0-4b33-b798-48ff6b4496e8', '3adfe149-1345-4139-aede-e14e68ae95fa', 'f5b5eecc-9b97-11f0-b7ae-5a93b150659e', '2025-10-24', '7cfc9898-9d10-11f0-8e8d-b2353c7546ec', '美骨小顔コルギ(60分)', 15000, 'cash', 0, 0, '2025-10-24', '2025-10-24');
INSERT INTO payments (payment_id, customer_id, staff_id, payment_date, service_id, service_name, total_amount, payment_method, cash_amount, card_amount, created_at, updated_at) VALUES ('566f7d80-ad01-4308-985a-4fdd78d0d846', '6ca60158-c46e-4f19-9bdb-7fbe780faa6f', 'f5b5eecc-9b97-11f0-b7ae-5a93b150659e', '2024-05-05', '937a225d-9d10-11f0-8e8d-b2353c7546ec', '美骨小顔コルギ(90分)', 19000, 'cash', 0, 0, '2024-05-05', '2024-05-05');
INSERT INTO payments (payment_id, customer_id, staff_id, payment_date, service_id, service_name, total_amount, payment_method, cash_amount, card_amount, created_at, updated_at) VALUES ('523621a4-85c2-45ec-8cd0-a5ab2c618372', 'd0fb0a65-ed17-4945-8e2e-12e524a94cc4', 'f5b5eecc-9b97-11f0-b7ae-5a93b150659e', '2024-08-30', '937a225d-9d10-11f0-8e8d-b2353c7546ec', '美骨小顔コルギ(90分)', 19000, 'cash', 0, 0, '2024-08-30', '2024-08-30');
INSERT INTO customer_tickets (customer_ticket_id, customer_id, plan_id, purchase_date, expiry_date, sessions_remaining, purchase_price) VALUES ('06445d36-c67b-478d-86f3-0f9404c884f5', '11080935-b01c-4485-a600-027012c1429f', '5b17a109-9d29-11f0-8e8d-b2353c7546ec', '2025-09-08', '2026-09-08', 3, 42500);
INSERT INTO payments (payment_id, customer_id, staff_id, payment_date, service_name, total_amount, payment_method, cash_amount, card_amount, created_at, updated_at) VALUES ('8e6fae95-b4cf-4b58-8ca9-f4bb5f6233f6', '11080935-b01c-4485-a600-027012c1429f', 'cc69b300-9b97-11f0-b7ae-5a93b150659e', '2025-09-08', '60分5回券(会員男性)', 42500, 'card', 0, 42500, '2025-09-08', '2025-09-08');
INSERT INTO ticket_payments (payment_id, customer_ticket_id, payment_date, amount_paid, payment_method) VALUES ('8e6fae95-b4cf-4b58-8ca9-f4bb5f6233f6', '06445d36-c67b-478d-86f3-0f9404c884f5', '2025-09-08', 42500, 'card');
INSERT INTO payments (payment_id, customer_id, staff_id, payment_date, service_id, service_name, total_amount, payment_method, cash_amount, card_amount, created_at, updated_at) VALUES ('b7378380-251c-4871-ab75-073e253d188d', 'ee65db69-1bd0-48be-be1d-594516246397', 'f5b5eecc-9b97-11f0-b7ae-5a93b150659e', '2024-08-05', '937a225d-9d10-11f0-8e8d-b2353c7546ec', '美骨小顔コルギ(90分)', 19000, 'cash', 0, 0, '2024-08-05', '2024-08-05');
INSERT INTO payments (payment_id, customer_id, staff_id, payment_date, service_id, service_name, total_amount, payment_method, cash_amount, card_amount, created_at, updated_at) VALUES ('4b0ab835-60ff-406c-a00a-1f03208e2eca', 'd0fb0a65-ed17-4945-8e2e-12e524a94cc4', 'f5b5eecc-9b97-11f0-b7ae-5a93b150659e', '2024-12-29', '7cfc9898-9d10-11f0-8e8d-b2353c7546ec', '美骨小顔コルギ(60分)', 15000, 'cash', 15000, 0, '2024-12-29', '2024-12-29');
INSERT INTO customer_tickets (customer_ticket_id, customer_id, plan_id, purchase_date, expiry_date, sessions_remaining, purchase_price) VALUES ('19473019-8f4e-486a-92ad-2af452a937ec', '2576372a-b4d7-470d-a65a-a8e6326c73a0', '6d51a07c-9eae-11f0-a8d1-362b931374cc', '2024-08-08', '2025-08-08', 5, 16500);
INSERT INTO payments (payment_id, customer_id, staff_id, payment_date, service_name, total_amount, payment_method, cash_amount, card_amount, created_at, updated_at) VALUES ('0fd96ae7-2d73-4630-b0a5-dde16eead058', '2576372a-b4d7-470d-a65a-a8e6326c73a0', 'f5b5eecc-9b97-11f0-b7ae-5a93b150659e', '2024-08-08', 'キャビテーション3回券', 16500, 'cash', 0, 0, '2024-08-08', '2024-08-08');
INSERT INTO ticket_payments (payment_id, customer_ticket_id, payment_date, amount_paid, payment_method) VALUES ('0fd96ae7-2d73-4630-b0a5-dde16eead058', '19473019-8f4e-486a-92ad-2af452a937ec', '2024-08-08', 16500, 'cash');
INSERT INTO payments (payment_id, customer_id, staff_id, payment_date, service_id, service_name, total_amount, payment_method, cash_amount, card_amount, created_at, updated_at) VALUES ('df1c77ac-11e4-43e5-b51d-a61e0f2ba7bd', '3142172f-dff2-4f47-a0db-bc31e30367a0', 'f5b5eecc-9b97-11f0-b7ae-5a93b150659e', '2024-03-28', '7cfc9898-9d10-11f0-8e8d-b2353c7546ec', '美骨小顔コルギ(60分)', 15000, 'card', 0, 15000, '2024-03-28', '2024-03-28');
INSERT INTO customer_tickets (customer_ticket_id, customer_id, plan_id, purchase_date, expiry_date, sessions_remaining, purchase_price) VALUES ('5e4db0a8-e5d9-460a-b1af-14aa2fb45ef5', '74e7aa9f-ec0e-4104-8a1d-5bc6e3e93fae', '6d51a07c-9eae-11f0-a8d1-362b931374cc', '2024-04-14', '2025-04-14', 5, 16500);
INSERT INTO payments (payment_id, customer_id, staff_id, payment_date, service_name, total_amount, payment_method, cash_amount, card_amount, created_at, updated_at) VALUES ('6c5dcc2e-aea9-4f39-b001-e1c595e768b6', '74e7aa9f-ec0e-4104-8a1d-5bc6e3e93fae', 'f5b5eecc-9b97-11f0-b7ae-5a93b150659e', '2024-04-14', 'キャビテーション3回券', 16500, 'cash', 0, 0, '2024-04-14', '2024-04-14');
INSERT INTO ticket_payments (payment_id, customer_ticket_id, payment_date, amount_paid, payment_method) VALUES ('6c5dcc2e-aea9-4f39-b001-e1c595e768b6', '5e4db0a8-e5d9-460a-b1af-14aa2fb45ef5', '2024-04-14', 16500, 'cash');
INSERT INTO payments (payment_id, customer_id, staff_id, payment_date, service_id, service_name, total_amount, payment_method, cash_amount, card_amount, created_at, updated_at) VALUES ('9464e75b-2eca-4aed-8fe5-bba3ab2deea4', 'a81978a1-cda1-4f10-9dfc-81d37f0c5e8d', 'f5b5eecc-9b97-11f0-b7ae-5a93b150659e', '2025-01-31', '7cfc9898-9d10-11f0-8e8d-b2353c7546ec', '美骨小顔コルギ(60分)', 15000, 'card', 0, 15000, '2025-01-31', '2025-01-31');
INSERT INTO customer_tickets (customer_ticket_id, customer_id, plan_id, purchase_date, expiry_date, sessions_remaining, purchase_price) VALUES ('76a2bec2-15f3-40ce-bc98-f0c1fc8e13e9', '1ae82d69-ee8c-424b-a5a4-da87feda4e09', '6d51a07c-9eae-11f0-a8d1-362b931374cc', '2024-09-08', '2025-09-08', 8, 16500);
INSERT INTO payments (payment_id, customer_id, staff_id, payment_date, service_name, total_amount, payment_method, cash_amount, card_amount, created_at, updated_at) VALUES ('529d0398-f319-4c67-8a87-198468e73b77', '1ae82d69-ee8c-424b-a5a4-da87feda4e09', 'deabe83a-9b97-11f0-b7ae-5a93b150659e', '2024-09-08', 'キャビテーション3回券', 16500, 'cash', 0, 0, '2024-09-08', '2024-09-08');
INSERT INTO ticket_payments (payment_id, customer_ticket_id, payment_date, amount_paid, payment_method) VALUES ('529d0398-f319-4c67-8a87-198468e73b77', '76a2bec2-15f3-40ce-bc98-f0c1fc8e13e9', '2024-09-08', 16500, 'cash');
INSERT INTO customer_tickets (customer_ticket_id, customer_id, plan_id, purchase_date, expiry_date, sessions_remaining, purchase_price) VALUES ('9c2140e4-99d9-45a5-b96b-ecf28cda2520', '4169014a-5d22-4799-bfc5-fe992533d060', '6d51a07c-9eae-11f0-a8d1-362b931374cc', '2025-04-19', '2026-04-19', 8, 16500);
INSERT INTO payments (payment_id, customer_id, staff_id, payment_date, service_name, total_amount, payment_method, cash_amount, card_amount, created_at, updated_at) VALUES ('2d9f6110-0993-478f-a76f-ca46b95d6d43', '4169014a-5d22-4799-bfc5-fe992533d060', 'deabe83a-9b97-11f0-b7ae-5a93b150659e', '2025-04-19', 'キャビテーション3回券', 16500, 'card', 0, 16500, '2025-04-19', '2025-04-19');
INSERT INTO ticket_payments (payment_id, customer_ticket_id, payment_date, amount_paid, payment_method) VALUES ('2d9f6110-0993-478f-a76f-ca46b95d6d43', '9c2140e4-99d9-45a5-b96b-ecf28cda2520', '2025-04-19', 16500, 'card');
INSERT INTO payments (payment_id, customer_id, staff_id, payment_date, service_id, service_name, total_amount, payment_method, cash_amount, card_amount, created_at, updated_at) VALUES ('a47477b8-8809-4b70-8aee-8f939429fcbb', 'e96b8f7a-4341-4c54-a1f1-673ba9596f5c', 'f5b5eecc-9b97-11f0-b7ae-5a93b150659e', '2025-06-16', '2ffd7ad2-9eae-11f0-a8d1-362b931374cc', 'キャビテーション', 6000, 'cash', 0, 0, '2025-06-16', '2025-06-16');
INSERT INTO payments (payment_id, customer_id, staff_id, payment_date, service_id, service_name, total_amount, payment_method, cash_amount, card_amount, created_at, updated_at) VALUES ('cdbdf134-744f-4716-95f1-3c030adb00e3', 'edb3a1cd-40c8-4957-9989-4262a5529c72', 'deabe83a-9b97-11f0-b7ae-5a93b150659e', '2025-12-29', '2ffd7ad2-9eae-11f0-a8d1-362b931374cc', 'キャビテーション', 6000, 'cash', 0, 0, '2025-12-29', '2025-12-29');
INSERT INTO payments (payment_id, customer_id, staff_id, payment_date, service_id, service_name, total_amount, payment_method, cash_amount, card_amount, created_at, updated_at) VALUES ('75a154aa-ebb4-4fb1-94fa-92d20a9f7c93', '68fef161-4178-41d3-bed4-d7e5bc6beb2d', 'f5b5eecc-9b97-11f0-b7ae-5a93b150659e', '2025-10-10', '937a225d-9d10-11f0-8e8d-b2353c7546ec', '美骨小顔コルギ(90分)', 19000, 'cash', 0, 0, '2025-10-10', '2025-10-10');
INSERT INTO payments (payment_id, customer_id, staff_id, payment_date, service_id, service_name, total_amount, payment_method, cash_amount, card_amount, created_at, updated_at) VALUES ('6cea4494-de87-415e-90ef-4e15cb4a0948', '8ac1a81f-0caf-4a80-bd54-7026f9e54bdd', 'cc69b300-9b97-11f0-b7ae-5a93b150659e', '2025-04-20', '2ffd7ad2-9eae-11f0-a8d1-362b931374cc', 'キャビテーション', 6000, 'cash', 6000, 0, '2025-04-20', '2025-04-20');
INSERT INTO customer_tickets (customer_ticket_id, customer_id, plan_id, purchase_date, expiry_date, sessions_remaining, purchase_price) VALUES ('2203c4a5-efa9-47a3-9531-107060fad214', 'b5ed4270-bc36-42e9-8a96-c0bc0bb0ddfb', '6d51a07c-9eae-11f0-a8d1-362b931374cc', '2025-09-06', '2026-09-06', 5, 16500);
INSERT INTO payments (payment_id, customer_id, staff_id, payment_date, service_name, total_amount, payment_method, cash_amount, card_amount, created_at, updated_at) VALUES ('71e87f3c-8149-4249-bff9-dc99fc350c6d', 'b5ed4270-bc36-42e9-8a96-c0bc0bb0ddfb', 'deabe83a-9b97-11f0-b7ae-5a93b150659e', '2025-09-06', 'キャビテーション3回券', 16500, 'cash', 16500, 0, '2025-09-06', '2025-09-06');
INSERT INTO ticket_payments (payment_id, customer_ticket_id, payment_date, amount_paid, payment_method) VALUES ('71e87f3c-8149-4249-bff9-dc99fc350c6d', '2203c4a5-efa9-47a3-9531-107060fad214', '2025-09-06', 16500, 'cash');
INSERT INTO payments (payment_id, customer_id, staff_id, payment_date, service_id, service_name, total_amount, payment_method, cash_amount, card_amount, created_at, updated_at) VALUES ('78b53813-2cb3-4aa1-b285-c81dd9a013c0', '33bd8e46-1ad2-446c-ab58-1db813b714fb', 'deabe83a-9b97-11f0-b7ae-5a93b150659e', '2024-08-08', '2ffd7ad2-9eae-11f0-a8d1-362b931374cc', 'キャビテーション', 6000, 'cash', 0, 0, '2024-08-08', '2024-08-08');
INSERT INTO payments (payment_id, customer_id, staff_id, payment_date, service_id, service_name, total_amount, payment_method, cash_amount, card_amount, created_at, updated_at) VALUES ('64ae4e82-0a08-4c46-b6da-16ea45b1bf7d', '3adfe149-1345-4139-aede-e14e68ae95fa', 'f5b5eecc-9b97-11f0-b7ae-5a93b150659e', '2025-04-02', '2ffd7ad2-9eae-11f0-a8d1-362b931374cc', 'キャビテーション', 6000, 'cash', 6000, 0, '2025-04-02', '2025-04-02');
INSERT INTO payments (payment_id, customer_id, staff_id, payment_date, service_id, service_name, total_amount, payment_method, cash_amount, card_amount, created_at, updated_at) VALUES ('a5783145-8ae2-4b69-bd56-c245d2317f10', '0fd875e9-1349-454c-a62e-031e84cad6da', 'f5b5eecc-9b97-11f0-b7ae-5a93b150659e', '2024-12-24', '937a225d-9d10-11f0-8e8d-b2353c7546ec', '美骨小顔コルギ(90分)', 19000, 'cash', 19000, 0, '2024-12-24', '2024-12-24');
INSERT INTO payments (payment_id, customer_id, staff_id, payment_date, service_id, service_name, total_amount, payment_method, cash_amount, card_amount, created_at, updated_at) VALUES ('173098df-e4f1-40bc-98a7-6c27b6fd656a', '0ff56123-d3d5-4e1f-b1e9-48d1f330a719', 'f5b5eecc-9b97-11f0-b7ae-5a93b150659e', '2025-01-08', '7cfc9898-9d10-11f0-8e8d-b2353c7546ec', '美骨小顔コルギ(60分)', 15000, 'card', 0, 15000, '2025-01-08', '2025-01-08');
INSERT INTO payments (payment_id, customer_id, staff_id, payment_date, service_id, service_name, total_amount, payment_method, cash_amount, card_amount, created_at, updated_at) VALUES ('3cbad897-21d5-4341-bfef-5628b47dbb2c', 'a58158b8-2ac7-4b1e-be53-5d3a2e4378e6', 'f5b5eecc-9b97-11f0-b7ae-5a93b150659e', '2024-05-28', '7cfc9898-9d10-11f0-8e8d-b2353c7546ec', '美骨小顔コルギ(60分)', 15000, 'cash', 0, 0, '2024-05-28', '2024-05-28');
INSERT INTO payments (payment_id, customer_id, staff_id, payment_date, service_id, service_name, total_amount, payment_method, cash_amount, card_amount, created_at, updated_at) VALUES ('9b83a054-427e-4416-9198-72e754093bc7', 'c708f4d3-da8c-4b84-b8c8-94e7cea58dc7', 'cc69b300-9b97-11f0-b7ae-5a93b150659e', '2024-03-25', '2ffd7ad2-9eae-11f0-a8d1-362b931374cc', 'キャビテーション', 6000, 'card', 0, 6000, '2024-03-25', '2024-03-25');
INSERT INTO customer_tickets (customer_ticket_id, customer_id, plan_id, purchase_date, expiry_date, sessions_remaining, purchase_price) VALUES ('e91ce5af-1c37-4d4f-a961-cf300be33b4d', '8e1c674a-8759-49e9-bc93-0a5c776f2439', '5b17a109-9d29-11f0-8e8d-b2353c7546ec', '2024-01-11', '2025-01-10', 3, 42500);
INSERT INTO payments (payment_id, customer_id, staff_id, payment_date, service_name, total_amount, payment_method, cash_amount, card_amount, created_at, updated_at) VALUES ('f0998a4f-a081-4ff2-9f01-5b89cfff2803', '8e1c674a-8759-49e9-bc93-0a5c776f2439', 'f5b5eecc-9b97-11f0-b7ae-5a93b150659e', '2024-01-11', '60分5回券(会員男性)', 42500, 'cash', 0, 0, '2024-01-11', '2024-01-11');
INSERT INTO ticket_payments (payment_id, customer_ticket_id, payment_date, amount_paid, payment_method) VALUES ('f0998a4f-a081-4ff2-9f01-5b89cfff2803', 'e91ce5af-1c37-4d4f-a961-cf300be33b4d', '2024-01-11', 42500, 'cash');
INSERT INTO payments (payment_id, customer_id, staff_id, payment_date, service_id, service_name, total_amount, payment_method, cash_amount, card_amount, created_at, updated_at) VALUES ('b50ad1ee-6e76-43da-8132-e3c49745155b', '363ea153-f23d-4f4d-a494-76008650a23f', 'deabe83a-9b97-11f0-b7ae-5a93b150659e', '2024-01-02', '2ffd7ad2-9eae-11f0-a8d1-362b931374cc', 'キャビテーション', 6000, 'card', 0, 6000, '2024-01-02', '2024-01-02');
INSERT INTO payments (payment_id, customer_id, staff_id, payment_date, service_id, service_name, total_amount, payment_method, cash_amount, card_amount, created_at, updated_at) VALUES ('6abca5c4-230a-4325-b899-8ff5cdd3ff9d', '7f9957e8-ff02-49c6-9b20-3ae310abb9c9', 'deabe83a-9b97-11f0-b7ae-5a93b150659e', '2024-06-04', '937a225d-9d10-11f0-8e8d-b2353c7546ec', '美骨小顔コルギ(90分)', 19000, 'cash', 19000, 0, '2024-06-04', '2024-06-04');
INSERT INTO payments (payment_id, customer_id, staff_id, payment_date, service_id, service_name, total_amount, payment_method, cash_amount, card_amount, created_at, updated_at) VALUES ('460c9be5-7ad6-4740-bc47-4e72a2786447', '804eca98-3699-4ad7-b932-844762cdf6da', 'cc69b300-9b97-11f0-b7ae-5a93b150659e', '2024-04-06', '2ffd7ad2-9eae-11f0-a8d1-362b931374cc', 'キャビテーション', 6000, 'card', 0, 6000, '2024-04-06', '2024-04-06');
INSERT INTO customer_tickets (customer_ticket_id, customer_id, plan_id, purchase_date, expiry_date, sessions_remaining, purchase_price) VALUES ('d4d1f2c1-09ea-49a7-a40a-378e3dd1a56d', '471a2328-5ef3-4a99-a211-881d19ee08a3', '5b17a109-9d29-11f0-8e8d-b2353c7546ec', '2025-02-11', '2026-02-11', 8, 42500);
INSERT INTO payments (payment_id, customer_id, staff_id, payment_date, service_name, total_amount, payment_method, cash_amount, card_amount, created_at, updated_at) VALUES ('50acdcde-66a4-4821-a3ea-3d33ff719060', '471a2328-5ef3-4a99-a211-881d19ee08a3', 'f5b5eecc-9b97-11f0-b7ae-5a93b150659e', '2025-02-11', '60分5回券(会員男性)', 42500, 'cash', 0, 0, '2025-02-11', '2025-02-11');
INSERT INTO ticket_payments (payment_id, customer_ticket_id, payment_date, amount_paid, payment_method) VALUES ('50acdcde-66a4-4821-a3ea-3d33ff719060', 'd4d1f2c1-09ea-49a7-a40a-378e3dd1a56d', '2025-02-11', 42500, 'cash');
INSERT INTO payments (payment_id, customer_id, staff_id, payment_date, service_id, service_name, total_amount, payment_method, cash_amount, card_amount, created_at, updated_at) VALUES ('14d80e75-de3c-4e88-801c-5916d6204aeb', '7f90cd11-5a26-4966-a11d-b208a0785d5c', 'deabe83a-9b97-11f0-b7ae-5a93b150659e', '2025-08-31', '937a225d-9d10-11f0-8e8d-b2353c7546ec', '美骨小顔コルギ(90分)', 19000, 'card', 0, 19000, '2025-08-31', '2025-08-31');
INSERT INTO payments (payment_id, customer_id, staff_id, payment_date, service_id, service_name, total_amount, payment_method, cash_amount, card_amount, created_at, updated_at) VALUES ('f2222212-75ac-4ea7-9445-75ec8f74c21d', '4a5b665e-52ed-4d88-a90f-23825be339c3', 'cc69b300-9b97-11f0-b7ae-5a93b150659e', '2024-01-12', '2ffd7ad2-9eae-11f0-a8d1-362b931374cc', 'キャビテーション', 6000, 'cash', 6000, 0, '2024-01-12', '2024-01-12');
INSERT INTO customer_tickets (customer_ticket_id, customer_id, plan_id, purchase_date, expiry_date, sessions_remaining, purchase_price) VALUES ('6e2fbcb7-dc9b-424d-ada3-9d22b5159332', '4e6aa0ef-0769-44c8-89a0-e4191f14b4b9', '7d0b8322-9eae-11f0-a8d1-362b931374cc', '2024-07-10', '2025-07-10', 1, 25000);
INSERT INTO payments (payment_id, customer_id, staff_id, payment_date, service_name, total_amount, payment_method, cash_amount, card_amount, created_at, updated_at) VALUES ('4b82b40e-6c7d-49e9-b94d-cd924518109a', '4e6aa0ef-0769-44c8-89a0-e4191f14b4b9', 'cc69b300-9b97-11f0-b7ae-5a93b150659e', '2024-07-10', 'キャビテーション5回券', 25000, 'cash', 0, 0, '2024-07-10', '2024-07-10');
INSERT INTO ticket_payments (payment_id, customer_ticket_id, payment_date, amount_paid, payment_method) VALUES ('4b82b40e-6c7d-49e9-b94d-cd924518109a', '6e2fbcb7-dc9b-424d-ada3-9d22b5159332', '2024-07-10', 25000, 'cash');
INSERT INTO payments (payment_id, customer_id, staff_id, payment_date, service_id, service_name, total_amount, payment_method, cash_amount, card_amount, created_at, updated_at) VALUES ('b1255e14-a85c-457e-a2c4-81dd86637eef', 'b491b638-88e9-42c9-92be-78a715a8017f', 'cc69b300-9b97-11f0-b7ae-5a93b150659e', '2024-07-30', '937a225d-9d10-11f0-8e8d-b2353c7546ec', '美骨小顔コルギ(90分)', 19000, 'card', 0, 19000, '2024-07-30', '2024-07-30');
INSERT INTO payments (payment_id, customer_id, staff_id, payment_date, service_id, service_name, total_amount, payment_method, cash_amount, card_amount, created_at, updated_at) VALUES ('b1c91acc-b148-4144-8326-3590b13acd9a', '17e3a71b-2642-4370-9490-dfb09edab564', 'f5b5eecc-9b97-11f0-b7ae-5a93b150659e', '2024-06-14', '7cfc9898-9d10-11f0-8e8d-b2353c7546ec', '美骨小顔コルギ(60分)', 15000, 'cash', 0, 0, '2024-06-14', '2024-06-14');
INSERT INTO payments (payment_id, customer_id, staff_id, payment_date, service_id, service_name, total_amount, payment_method, cash_amount, card_amount, created_at, updated_at) VALUES ('213c9d66-a549-460f-81fc-ae3e1cb6a5b8', '1335c189-7a15-448f-bfe4-9e4887311b92', 'f5b5eecc-9b97-11f0-b7ae-5a93b150659e', '2024-02-15', '937a225d-9d10-11f0-8e8d-b2353c7546ec', '美骨小顔コルギ(90分)', 19000, 'card', 0, 19000, '2024-02-15', '2024-02-15');
INSERT INTO payments (payment_id, customer_id, staff_id, payment_date, service_id, service_name, total_amount, payment_method, cash_amount, card_amount, created_at, updated_at) VALUES ('2f35dd64-5780-471a-94a9-1904852012ba', '0707e314-129a-4faf-babd-f8f50f59b655', 'cc69b300-9b97-11f0-b7ae-5a93b150659e', '2024-10-07', '7cfc9898-9d10-11f0-8e8d-b2353c7546ec', '美骨小顔コルギ(60分)', 15000, 'card', 0, 15000, '2024-10-07', '2024-10-07');
INSERT INTO payments (payment_id, customer_id, staff_id, payment_date, service_id, service_name, total_amount, payment_method, cash_amount, card_amount, created_at, updated_at) VALUES ('6aba5b86-b0ef-427e-844a-84976d471b82', '077617fc-b856-4f26-ac0f-b3ff1ea54f0f', 'f5b5eecc-9b97-11f0-b7ae-5a93b150659e', '2025-07-09', '7cfc9898-9d10-11f0-8e8d-b2353c7546ec', '美骨小顔コルギ(60分)', 15000, 'card', 0, 15000, '2025-07-09', '2025-07-09');
INSERT INTO customer_tickets (customer_ticket_id, customer_id, plan_id, purchase_date, expiry_date, sessions_remaining, purchase_price) VALUES ('bca2da0c-369e-4732-9e7d-dcb339e2f9ed', 'cd66d3b2-c0ee-4978-a70a-0adc74e7463e', '6d51a07c-9eae-11f0-a8d1-362b931374cc', '2024-07-26', '2025-07-26', 9, 16500);
INSERT INTO payments (payment_id, customer_id, staff_id, payment_date, service_name, total_amount, payment_method, cash_amount, card_amount, created_at, updated_at) VALUES ('c561e44e-7ba9-4ad0-940f-aa6041caf8d1', 'cd66d3b2-c0ee-4978-a70a-0adc74e7463e', 'cc69b300-9b97-11f0-b7ae-5a93b150659e', '2024-07-26', 'キャビテーション3回券', 16500, 'card', 0, 16500, '2024-07-26', '2024-07-26');
INSERT INTO ticket_payments (payment_id, customer_ticket_id, payment_date, amount_paid, payment_method) VALUES ('c561e44e-7ba9-4ad0-940f-aa6041caf8d1', 'bca2da0c-369e-4732-9e7d-dcb339e2f9ed', '2024-07-26', 16500, 'card');
INSERT INTO payments (payment_id, customer_id, staff_id, payment_date, service_id, service_name, total_amount, payment_method, cash_amount, card_amount, created_at, updated_at) VALUES ('84fc0728-e5ae-4938-bfaf-5ba227a1cd44', 'c708f4d3-da8c-4b84-b8c8-94e7cea58dc7', 'f5b5eecc-9b97-11f0-b7ae-5a93b150659e', '2025-03-07', '2ffd7ad2-9eae-11f0-a8d1-362b931374cc', 'キャビテーション', 6000, 'cash', 6000, 0, '2025-03-07', '2025-03-07');
INSERT INTO payments (payment_id, customer_id, staff_id, payment_date, service_id, service_name, total_amount, payment_method, cash_amount, card_amount, created_at, updated_at) VALUES ('b5e06f96-1b62-4874-b650-1ace1a05dca3', 'd60cfbe9-395e-435e-9e5c-457b54ff1fed', 'cc69b300-9b97-11f0-b7ae-5a93b150659e', '2025-07-07', '7cfc9898-9d10-11f0-8e8d-b2353c7546ec', '美骨小顔コルギ(60分)', 15000, 'cash', 0, 0, '2025-07-07', '2025-07-07');
INSERT INTO payments (payment_id, customer_id, staff_id, payment_date, service_id, service_name, total_amount, payment_method, cash_amount, card_amount, created_at, updated_at) VALUES ('2da33373-486c-42dc-a498-1e81567cb5dd', '794ed345-59a9-49af-a6a5-79d3bc86fae1', 'cc69b300-9b97-11f0-b7ae-5a93b150659e', '2024-06-26', '7cfc9898-9d10-11f0-8e8d-b2353c7546ec', '美骨小顔コルギ(60分)', 15000, 'cash', 15000, 0, '2024-06-26', '2024-06-26');
INSERT INTO payments (payment_id, customer_id, staff_id, payment_date, service_id, service_name, total_amount, payment_method, cash_amount, card_amount, created_at, updated_at) VALUES ('7149fc41-a3ad-498d-97a0-6f9d03d60085', 'd36ae62f-107b-46a6-b842-596d9a5c978a', 'f5b5eecc-9b97-11f0-b7ae-5a93b150659e', '2025-03-08', '2ffd7ad2-9eae-11f0-a8d1-362b931374cc', 'キャビテーション', 6000, 'cash', 6000, 0, '2025-03-08', '2025-03-08');
INSERT INTO payments (payment_id, customer_id, staff_id, payment_date, service_id, service_name, total_amount, payment_method, cash_amount, card_amount, created_at, updated_at) VALUES ('5405a19d-82b2-4b6c-bb9b-a9f674c07005', '74ed7838-680b-48df-88b0-59997f54b787', 'cc69b300-9b97-11f0-b7ae-5a93b150659e', '2025-05-15', '7cfc9898-9d10-11f0-8e8d-b2353c7546ec', '美骨小顔コルギ(60分)', 15000, 'card', 0, 15000, '2025-05-15', '2025-05-15');
INSERT INTO customer_tickets (customer_ticket_id, customer_id, plan_id, purchase_date, expiry_date, sessions_remaining, purchase_price) VALUES ('84b82a69-cee8-4101-9d38-cc510c06fa51', '7ba9a7d9-9c01-4678-8a90-e518fa02d1db', '6d51a07c-9eae-11f0-a8d1-362b931374cc', '2025-11-08', '2026-11-08', 5, 16500);
INSERT INTO payments (payment_id, customer_id, staff_id, payment_date, service_name, total_amount, payment_method, cash_amount, card_amount, created_at, updated_at) VALUES ('20ccb76a-16cc-4f73-a94f-c0953ca0cea7', '7ba9a7d9-9c01-4678-8a90-e518fa02d1db', 'deabe83a-9b97-11f0-b7ae-5a93b150659e', '2025-11-08', 'キャビテーション3回券', 16500, 'cash', 0, 0, '2025-11-08', '2025-11-08');
INSERT INTO ticket_payments (payment_id, customer_ticket_id, payment_date, amount_paid, payment_method) VALUES ('20ccb76a-16cc-4f73-a94f-c0953ca0cea7', '84b82a69-cee8-4101-9d38-cc510c06fa51', '2025-11-08', 16500, 'cash');
INSERT INTO payments (payment_id, customer_id, staff_id, payment_date, service_id, service_name, total_amount, payment_method, cash_amount, card_amount, created_at, updated_at) VALUES ('1d79e751-dfb9-4483-b201-bd1f1db0f784', '6b2c2617-2fc5-4e5b-94a2-492f1aaccd9f', 'f5b5eecc-9b97-11f0-b7ae-5a93b150659e', '2025-04-25', '7cfc9898-9d10-11f0-8e8d-b2353c7546ec', '美骨小顔コルギ(60分)', 15000, 'card', 0, 15000, '2025-04-25', '2025-04-25');
INSERT INTO payments (payment_id, customer_id, staff_id, payment_date, service_id, service_name, total_amount, payment_method, cash_amount, card_amount, created_at, updated_at) VALUES ('f900fa08-4587-43ec-b790-7f44d8eef1ae', 'b02b238f-a5f6-41f3-b8de-6111b0d1889b', 'deabe83a-9b97-11f0-b7ae-5a93b150659e', '2024-07-31', '937a225d-9d10-11f0-8e8d-b2353c7546ec', '美骨小顔コルギ(90分)', 19000, 'cash', 0, 0, '2024-07-31', '2024-07-31');
INSERT INTO payments (payment_id, customer_id, staff_id, payment_date, service_id, service_name, total_amount, payment_method, cash_amount, card_amount, created_at, updated_at) VALUES ('237b05f7-d544-4ed4-b85e-b18670a8e13c', '2576372a-b4d7-470d-a65a-a8e6326c73a0', 'deabe83a-9b97-11f0-b7ae-5a93b150659e', '2025-09-13', '7cfc9898-9d10-11f0-8e8d-b2353c7546ec', '美骨小顔コルギ(60分)', 15000, 'card', 0, 15000, '2025-09-13', '2025-09-13');
INSERT INTO payments (payment_id, customer_id, staff_id, payment_date, service_id, service_name, total_amount, payment_method, cash_amount, card_amount, created_at, updated_at) VALUES ('db3f6a2d-31fc-452a-bc1e-95607c5fb2b2', 'a5896fb8-0354-46a8-bac1-fa6d0be6d540', 'deabe83a-9b97-11f0-b7ae-5a93b150659e', '2024-09-25', '2ffd7ad2-9eae-11f0-a8d1-362b931374cc', 'キャビテーション', 6000, 'card', 0, 6000, '2024-09-25', '2024-09-25');
INSERT INTO payments (payment_id, customer_id, staff_id, payment_date, service_id, service_name, total_amount, payment_method, cash_amount, card_amount, created_at, updated_at) VALUES ('2d56abb3-8887-4db8-9ce5-dd43f17a2f3a', '8ebea2bc-3a58-4fb8-89ae-1fd58ed770f7', 'f5b5eecc-9b97-11f0-b7ae-5a93b150659e', '2025-06-28', '2ffd7ad2-9eae-11f0-a8d1-362b931374cc', 'キャビテーション', 6000, 'cash', 6000, 0, '2025-06-28', '2025-06-28');
INSERT INTO payments (payment_id, customer_id, staff_id, payment_date, service_id, service_name, total_amount, payment_method, cash_amount, card_amount, created_at, updated_at) VALUES ('296280ad-7427-46de-97e5-0d109ac511fa', '50d7171f-5104-4e44-9f51-a0a90643e6af', 'cc69b300-9b97-11f0-b7ae-5a93b150659e', '2025-07-24', '2ffd7ad2-9eae-11f0-a8d1-362b931374cc', 'キャビテーション', 6000, 'card', 0, 6000, '2025-07-24', '2025-07-24');
INSERT INTO customer_tickets (customer_ticket_id, customer_id, plan_id, purchase_date, expiry_date, sessions_remaining, purchase_price) VALUES ('a2469c3a-e045-4612-9a83-b862018e73b9', '1d4c376d-3a93-42f7-9862-cd169b58f2c8', '5b17a109-9d29-11f0-8e8d-b2353c7546ec', '2025-02-16', '2026-02-16', 4, 42500);
INSERT INTO payments (payment_id, customer_id, staff_id, payment_date, service_name, total_amount, payment_method, cash_amount, card_amount, created_at, updated_at) VALUES ('3dc47ebf-0ba9-4150-be86-5056426b45ed', '1d4c376d-3a93-42f7-9862-cd169b58f2c8', 'f5b5eecc-9b97-11f0-b7ae-5a93b150659e', '2025-02-16', '60分5回券(会員男性)', 42500, 'cash', 0, 0, '2025-02-16', '2025-02-16');
INSERT INTO ticket_payments (payment_id, customer_ticket_id, payment_date, amount_paid, payment_method) VALUES ('3dc47ebf-0ba9-4150-be86-5056426b45ed', 'a2469c3a-e045-4612-9a83-b862018e73b9', '2025-02-16', 42500, 'cash');
INSERT INTO customer_tickets (customer_ticket_id, customer_id, plan_id, purchase_date, expiry_date, sessions_remaining, purchase_price) VALUES ('a1200299-b5c6-4807-8ef0-82755f4bc779', 'ed5a32e3-b73c-4428-91fc-205bf720302d', '7d0b8322-9eae-11f0-a8d1-362b931374cc', '2025-03-30', '2026-03-30', 3, 25000);
INSERT INTO payments (payment_id, customer_id, staff_id, payment_date, service_name, total_amount, payment_method, cash_amount, card_amount, created_at, updated_at) VALUES ('ac2765b1-94d3-4770-ae30-5159807657d9', 'ed5a32e3-b73c-4428-91fc-205bf720302d', 'f5b5eecc-9b97-11f0-b7ae-5a93b150659e', '2025-03-30', 'キャビテーション5回券', 25000, 'card', 0, 25000, '2025-03-30', '2025-03-30');
INSERT INTO ticket_payments (payment_id, customer_ticket_id, payment_date, amount_paid, payment_method) VALUES ('ac2765b1-94d3-4770-ae30-5159807657d9', 'a1200299-b5c6-4807-8ef0-82755f4bc779', '2025-03-30', 25000, 'card');
INSERT INTO customer_tickets (customer_ticket_id, customer_id, plan_id, purchase_date, expiry_date, sessions_remaining, purchase_price) VALUES ('4b98c944-6084-43e6-824b-c89e8965b021', '7135a175-242f-48f1-a14b-efcea189c637', '6d51a07c-9eae-11f0-a8d1-362b931374cc', '2025-01-12', '2026-01-12', 5, 16500);
INSERT INTO payments (payment_id, customer_id, staff_id, payment_date, service_name, total_amount, payment_method, cash_amount, card_amount, created_at, updated_at) VALUES ('cdef6f3f-88d2-4d7c-80a4-79e2b4799e31', '7135a175-242f-48f1-a14b-efcea189c637', 'cc69b300-9b97-11f0-b7ae-5a93b150659e', '2025-01-12', 'キャビテーション3回券', 16500, 'cash', 0, 0, '2025-01-12', '2025-01-12');
INSERT INTO ticket_payments (payment_id, customer_ticket_id, payment_date, amount_paid, payment_method) VALUES ('cdef6f3f-88d2-4d7c-80a4-79e2b4799e31', '4b98c944-6084-43e6-824b-c89e8965b021', '2025-01-12', 16500, 'cash');
INSERT INTO payments (payment_id, customer_id, staff_id, payment_date, service_id, service_name, total_amount, payment_method, cash_amount, card_amount, created_at, updated_at) VALUES ('1607a622-02de-4625-a4cf-2c99e4b3bd40', '2a0bf9d4-d324-46ec-a95a-df109bc94c54', 'f5b5eecc-9b97-11f0-b7ae-5a93b150659e', '2025-05-06', '7cfc9898-9d10-11f0-8e8d-b2353c7546ec', '美骨小顔コルギ(60分)', 15000, 'cash', 15000, 0, '2025-05-06', '2025-05-06');
INSERT INTO payments (payment_id, customer_id, staff_id, payment_date, service_id, service_name, total_amount, payment_method, cash_amount, card_amount, created_at, updated_at) VALUES ('c4a222d0-b914-4ad5-9b93-f4fdc47c9300', '7ba9a7d9-9c01-4678-8a90-e518fa02d1db', 'f5b5eecc-9b97-11f0-b7ae-5a93b150659e', '2025-07-16', '937a225d-9d10-11f0-8e8d-b2353c7546ec', '美骨小顔コルギ(90分)', 19000, 'cash', 0, 0, '2025-07-16', '2025-07-16');
INSERT INTO payments (payment_id, customer_id, staff_id, payment_date, service_id, service_name, total_amount, payment_method, cash_amount, card_amount, created_at, updated_at) VALUES ('4f5bd379-8e68-462c-935a-5b1f63a0982f', 'ff2dd329-57d1-436d-9236-3219e210a4b2', 'cc69b300-9b97-11f0-b7ae-5a93b150659e', '2024-02-15', '937a225d-9d10-11f0-8e8d-b2353c7546ec', '美骨小顔コルギ(90分)', 19000, 'cash', 0, 0, '2024-02-15', '2024-02-15');
INSERT INTO customer_tickets (customer_ticket_id, customer_id, plan_id, purchase_date, expiry_date, sessions_remaining, purchase_price) VALUES ('7b00ac5e-8ffc-4349-9990-59383db1a8b0', '7026dcd1-d6c3-4ae9-9d83-8a87c63ff6b7', '6d51a07c-9eae-11f0-a8d1-362b931374cc', '2025-05-17', '2026-05-17', 8, 16500);
INSERT INTO payments (payment_id, customer_id, staff_id, payment_date, service_name, total_amount, payment_method, cash_amount, card_amount, created_at, updated_at) VALUES ('75cc7f66-454f-428d-9041-0c1bf9ac83e6', '7026dcd1-d6c3-4ae9-9d83-8a87c63ff6b7', 'cc69b300-9b97-11f0-b7ae-5a93b150659e', '2025-05-17', 'キャビテーション3回券', 16500, 'card', 0, 16500, '2025-05-17', '2025-05-17');
INSERT INTO ticket_payments (payment_id, customer_ticket_id, payment_date, amount_paid, payment_method) VALUES ('75cc7f66-454f-428d-9041-0c1bf9ac83e6', '7b00ac5e-8ffc-4349-9990-59383db1a8b0', '2025-05-17', 16500, 'card');
INSERT INTO payments (payment_id, customer_id, staff_id, payment_date, service_id, service_name, total_amount, payment_method, cash_amount, card_amount, created_at, updated_at) VALUES ('3c60ffb4-ffa7-47ba-a3df-005bac6dcf5d', 'ed5a32e3-b73c-4428-91fc-205bf720302d', 'f5b5eecc-9b97-11f0-b7ae-5a93b150659e', '2024-05-12', '2ffd7ad2-9eae-11f0-a8d1-362b931374cc', 'キャビテーション', 6000, 'cash', 0, 0, '2024-05-12', '2024-05-12');
INSERT INTO customer_tickets (customer_ticket_id, customer_id, plan_id, purchase_date, expiry_date, sessions_remaining, purchase_price) VALUES ('3d74a7d9-b187-48ae-a2e3-82c3babe771e', '1ae82d69-ee8c-424b-a5a4-da87feda4e09', '7d0b8322-9eae-11f0-a8d1-362b931374cc', '2025-12-10', '2026-12-10', 2, 25000);
INSERT INTO payments (payment_id, customer_id, staff_id, payment_date, service_name, total_amount, payment_method, cash_amount, card_amount, created_at, updated_at) VALUES ('86b5d13b-39f7-4e3f-abfc-8431d1957efa', '1ae82d69-ee8c-424b-a5a4-da87feda4e09', 'deabe83a-9b97-11f0-b7ae-5a93b150659e', '2025-12-10', 'キャビテーション5回券', 25000, 'cash', 0, 0, '2025-12-10', '2025-12-10');
INSERT INTO ticket_payments (payment_id, customer_ticket_id, payment_date, amount_paid, payment_method) VALUES ('86b5d13b-39f7-4e3f-abfc-8431d1957efa', '3d74a7d9-b187-48ae-a2e3-82c3babe771e', '2025-12-10', 25000, 'cash');
INSERT INTO payments (payment_id, customer_id, staff_id, payment_date, service_id, service_name, total_amount, payment_method, cash_amount, card_amount, created_at, updated_at) VALUES ('6e21e905-e3db-4bad-a800-6c8651223637', '812bd1da-73f0-46e1-a586-6fa793bee4a9', 'f5b5eecc-9b97-11f0-b7ae-5a93b150659e', '2025-07-07', '937a225d-9d10-11f0-8e8d-b2353c7546ec', '美骨小顔コルギ(90分)', 19000, 'card', 0, 19000, '2025-07-07', '2025-07-07');
INSERT INTO payments (payment_id, customer_id, staff_id, payment_date, service_id, service_name, total_amount, payment_method, cash_amount, card_amount, created_at, updated_at) VALUES ('28e8b296-8440-4038-a560-8e84b8c54df0', '7f4596ba-f527-4f21-865b-7222bf3971c5', 'deabe83a-9b97-11f0-b7ae-5a93b150659e', '2025-02-20', '937a225d-9d10-11f0-8e8d-b2353c7546ec', '美骨小顔コルギ(90分)', 19000, 'card', 0, 19000, '2025-02-20', '2025-02-20');
INSERT INTO payments (payment_id, customer_id, staff_id, payment_date, service_id, service_name, total_amount, payment_method, cash_amount, card_amount, created_at, updated_at) VALUES ('ecddd64f-68d6-47a0-8c7a-767facbef2f0', '2c131dbc-f5d9-46d1-b9c1-b549f5ee49c0', 'deabe83a-9b97-11f0-b7ae-5a93b150659e', '2025-02-27', '7cfc9898-9d10-11f0-8e8d-b2353c7546ec', '美骨小顔コルギ(60分)', 15000, 'card', 0, 15000, '2025-02-27', '2025-02-27');
INSERT INTO payments (payment_id, customer_id, staff_id, payment_date, service_id, service_name, total_amount, payment_method, cash_amount, card_amount, created_at, updated_at) VALUES ('49fe5ffe-5786-4f61-ab8e-efa13630673c', '04c5e0ce-b5c1-4cfa-8713-c68e377b0b92', 'deabe83a-9b97-11f0-b7ae-5a93b150659e', '2024-09-23', '937a225d-9d10-11f0-8e8d-b2353c7546ec', '美骨小顔コルギ(90分)', 19000, 'cash', 0, 0, '2024-09-23', '2024-09-23');
INSERT INTO payments (payment_id, customer_id, staff_id, payment_date, service_id, service_name, total_amount, payment_method, cash_amount, card_amount, created_at, updated_at) VALUES ('10bdedae-cb20-443b-b872-91ef2137a142', '826b8617-2232-4afd-9eb7-01be72c12eb0', 'cc69b300-9b97-11f0-b7ae-5a93b150659e', '2024-03-23', '2ffd7ad2-9eae-11f0-a8d1-362b931374cc', 'キャビテーション', 6000, 'card', 0, 6000, '2024-03-23', '2024-03-23');
INSERT INTO customer_tickets (customer_ticket_id, customer_id, plan_id, purchase_date, expiry_date, sessions_remaining, purchase_price) VALUES ('4a145155-bdf5-49ad-8cd9-ad71f6b85c42', '33bd8e46-1ad2-446c-ab58-1db813b714fb', '6d51a07c-9eae-11f0-a8d1-362b931374cc', '2025-11-25', '2026-11-25', 2, 16500);
INSERT INTO payments (payment_id, customer_id, staff_id, payment_date, service_name, total_amount, payment_method, cash_amount, card_amount, created_at, updated_at) VALUES ('ad216caf-fe9c-413b-8f65-24a838c1389a', '33bd8e46-1ad2-446c-ab58-1db813b714fb', 'deabe83a-9b97-11f0-b7ae-5a93b150659e', '2025-11-25', 'キャビテーション3回券', 16500, 'cash', 0, 0, '2025-11-25', '2025-11-25');
INSERT INTO ticket_payments (payment_id, customer_ticket_id, payment_date, amount_paid, payment_method) VALUES ('ad216caf-fe9c-413b-8f65-24a838c1389a', '4a145155-bdf5-49ad-8cd9-ad71f6b85c42', '2025-11-25', 16500, 'cash');
INSERT INTO payments (payment_id, customer_id, staff_id, payment_date, service_id, service_name, total_amount, payment_method, cash_amount, card_amount, created_at, updated_at) VALUES ('5f1de2da-24db-4d71-b232-ebf92e99d542', 'f40a31db-628e-490a-99dd-c7cade26c0cf', 'deabe83a-9b97-11f0-b7ae-5a93b150659e', '2024-01-12', '7cfc9898-9d10-11f0-8e8d-b2353c7546ec', '美骨小顔コルギ(60分)', 15000, 'card', 0, 15000, '2024-01-12', '2024-01-12');
INSERT INTO payments (payment_id, customer_id, staff_id, payment_date, service_id, service_name, total_amount, payment_method, cash_amount, card_amount, created_at, updated_at) VALUES ('6268f696-18b2-4b6d-bb12-aa1b23f2f0e1', 'ed5a32e3-b73c-4428-91fc-205bf720302d', 'deabe83a-9b97-11f0-b7ae-5a93b150659e', '2025-04-24', '7cfc9898-9d10-11f0-8e8d-b2353c7546ec', '美骨小顔コルギ(60分)', 15000, 'cash', 15000, 0, '2025-04-24', '2025-04-24');
INSERT INTO payments (payment_id, customer_id, staff_id, payment_date, service_id, service_name, total_amount, payment_method, cash_amount, card_amount, created_at, updated_at) VALUES ('bdbd447f-2f0c-4976-9080-56123ebca5c2', 'f83a7d9f-2e5e-47a4-817d-cafd0bb12641', 'deabe83a-9b97-11f0-b7ae-5a93b150659e', '2024-02-17', '937a225d-9d10-11f0-8e8d-b2353c7546ec', '美骨小顔コルギ(90分)', 19000, 'cash', 19000, 0, '2024-02-17', '2024-02-17');
INSERT INTO customer_tickets (customer_ticket_id, customer_id, plan_id, purchase_date, expiry_date, sessions_remaining, purchase_price) VALUES ('ec57c59e-c0d2-446b-be65-2e9589d2c978', '3adfe149-1345-4139-aede-e14e68ae95fa', '7d0b8322-9eae-11f0-a8d1-362b931374cc', '2024-11-09', '2025-11-09', 6, 25000);
INSERT INTO payments (payment_id, customer_id, staff_id, payment_date, service_name, total_amount, payment_method, cash_amount, card_amount, created_at, updated_at) VALUES ('1248f6bb-77b5-4bcd-a030-3674a814a902', '3adfe149-1345-4139-aede-e14e68ae95fa', 'cc69b300-9b97-11f0-b7ae-5a93b150659e', '2024-11-09', 'キャビテーション5回券', 25000, 'card', 0, 25000, '2024-11-09', '2024-11-09');
INSERT INTO ticket_payments (payment_id, customer_ticket_id, payment_date, amount_paid, payment_method) VALUES ('1248f6bb-77b5-4bcd-a030-3674a814a902', 'ec57c59e-c0d2-446b-be65-2e9589d2c978', '2024-11-09', 25000, 'card');
INSERT INTO payments (payment_id, customer_id, staff_id, payment_date, service_id, service_name, total_amount, payment_method, cash_amount, card_amount, created_at, updated_at) VALUES ('dec2a674-7b6c-451a-800d-294025f06068', 'fc946845-e671-4b00-a7ed-f0c64b6820cb', 'f5b5eecc-9b97-11f0-b7ae-5a93b150659e', '2025-06-20', '7cfc9898-9d10-11f0-8e8d-b2353c7546ec', '美骨小顔コルギ(60分)', 15000, 'card', 0, 15000, '2025-06-20', '2025-06-20');
INSERT INTO payments (payment_id, customer_id, staff_id, payment_date, service_id, service_name, total_amount, payment_method, cash_amount, card_amount, created_at, updated_at) VALUES ('2c0b08ff-7f4e-43a3-a732-2f6aec22b3d3', '4169014a-5d22-4799-bfc5-fe992533d060', 'f5b5eecc-9b97-11f0-b7ae-5a93b150659e', '2024-10-20', '937a225d-9d10-11f0-8e8d-b2353c7546ec', '美骨小顔コルギ(90分)', 19000, 'cash', 0, 0, '2024-10-20', '2024-10-20');
INSERT INTO payments (payment_id, customer_id, staff_id, payment_date, service_id, service_name, total_amount, payment_method, cash_amount, card_amount, created_at, updated_at) VALUES ('caed4eed-996f-42bc-bbcf-5ed6bd9eb84c', '7ed1f4bb-3b94-4cdc-a12f-1c9baeabb2b3', 'cc69b300-9b97-11f0-b7ae-5a93b150659e', '2024-07-21', '937a225d-9d10-11f0-8e8d-b2353c7546ec', '美骨小顔コルギ(90分)', 19000, 'card', 0, 19000, '2024-07-21', '2024-07-21');
INSERT INTO customer_tickets (customer_ticket_id, customer_id, plan_id, purchase_date, expiry_date, sessions_remaining, purchase_price) VALUES ('e2264400-9045-41b3-bd00-2745b8aec7e8', '2f42f714-14ab-4fb4-acf7-e0d216553834', '7d0b8322-9eae-11f0-a8d1-362b931374cc', '2025-03-30', '2026-03-30', 1, 25000);
INSERT INTO payments (payment_id, customer_id, staff_id, payment_date, service_name, total_amount, payment_method, cash_amount, card_amount, created_at, updated_at) VALUES ('5d12ba06-4629-4cc7-b1c6-de2a831abade', '2f42f714-14ab-4fb4-acf7-e0d216553834', 'cc69b300-9b97-11f0-b7ae-5a93b150659e', '2025-03-30', 'キャビテーション5回券', 25000, 'cash', 25000, 0, '2025-03-30', '2025-03-30');
INSERT INTO ticket_payments (payment_id, customer_ticket_id, payment_date, amount_paid, payment_method) VALUES ('5d12ba06-4629-4cc7-b1c6-de2a831abade', 'e2264400-9045-41b3-bd00-2745b8aec7e8', '2025-03-30', 25000, 'cash');
INSERT INTO customer_tickets (customer_ticket_id, customer_id, plan_id, purchase_date, expiry_date, sessions_remaining, purchase_price) VALUES ('dcd8d593-7dd3-4f81-ae79-88e61013d9d8', 'b491b638-88e9-42c9-92be-78a715a8017f', '5b17a109-9d29-11f0-8e8d-b2353c7546ec', '2024-07-24', '2025-07-24', 4, 42500);
INSERT INTO payments (payment_id, customer_id, staff_id, payment_date, service_name, total_amount, payment_method, cash_amount, card_amount, created_at, updated_at) VALUES ('e5cd24bb-642f-4d7f-a416-9578bc4e0eb9', 'b491b638-88e9-42c9-92be-78a715a8017f', 'cc69b300-9b97-11f0-b7ae-5a93b150659e', '2024-07-24', '60分5回券(会員男性)', 42500, 'card', 0, 42500, '2024-07-24', '2024-07-24');
INSERT INTO ticket_payments (payment_id, customer_ticket_id, payment_date, amount_paid, payment_method) VALUES ('e5cd24bb-642f-4d7f-a416-9578bc4e0eb9', 'dcd8d593-7dd3-4f81-ae79-88e61013d9d8', '2024-07-24', 42500, 'card');
INSERT INTO customer_tickets (customer_ticket_id, customer_id, plan_id, purchase_date, expiry_date, sessions_remaining, purchase_price) VALUES ('275be613-84c1-483a-be52-f79f42d7f64f', 'd36ae62f-107b-46a6-b842-596d9a5c978a', '5b17a109-9d29-11f0-8e8d-b2353c7546ec', '2024-06-10', '2025-06-10', 8, 42500);
INSERT INTO payments (payment_id, customer_id, staff_id, payment_date, service_name, total_amount, payment_method, cash_amount, card_amount, created_at, updated_at) VALUES ('0f5109b6-9866-4f86-84b8-8cfc7df1af06', 'd36ae62f-107b-46a6-b842-596d9a5c978a', 'deabe83a-9b97-11f0-b7ae-5a93b150659e', '2024-06-10', '60分5回券(会員男性)', 42500, 'cash', 0, 0, '2024-06-10', '2024-06-10');
INSERT INTO ticket_payments (payment_id, customer_ticket_id, payment_date, amount_paid, payment_method) VALUES ('0f5109b6-9866-4f86-84b8-8cfc7df1af06', '275be613-84c1-483a-be52-f79f42d7f64f', '2024-06-10', 42500, 'cash');
INSERT INTO payments (payment_id, customer_id, staff_id, payment_date, service_id, service_name, total_amount, payment_method, cash_amount, card_amount, created_at, updated_at) VALUES ('02f88326-6e32-43aa-9f20-bbf824aab6dc', 'ed5a32e3-b73c-4428-91fc-205bf720302d', 'f5b5eecc-9b97-11f0-b7ae-5a93b150659e', '2025-07-23', '2ffd7ad2-9eae-11f0-a8d1-362b931374cc', 'キャビテーション', 6000, 'card', 0, 6000, '2025-07-23', '2025-07-23');
INSERT INTO customer_tickets (customer_ticket_id, customer_id, plan_id, purchase_date, expiry_date, sessions_remaining, purchase_price) VALUES ('f337d30a-0d8d-4cc0-9dd2-8ec8b18f51be', '57b75d36-582f-4e95-a617-761ddaed8392', '5b17a109-9d29-11f0-8e8d-b2353c7546ec', '2024-02-12', '2025-02-11', 5, 42500);
INSERT INTO payments (payment_id, customer_id, staff_id, payment_date, service_name, total_amount, payment_method, cash_amount, card_amount, created_at, updated_at) VALUES ('ed955bdb-9b7a-4546-8ba6-9a1d7c684548', '57b75d36-582f-4e95-a617-761ddaed8392', 'deabe83a-9b97-11f0-b7ae-5a93b150659e', '2024-02-12', '60分5回券(会員男性)', 42500, 'card', 0, 42500, '2024-02-12', '2024-02-12');
INSERT INTO ticket_payments (payment_id, customer_ticket_id, payment_date, amount_paid, payment_method) VALUES ('ed955bdb-9b7a-4546-8ba6-9a1d7c684548', 'f337d30a-0d8d-4cc0-9dd2-8ec8b18f51be', '2024-02-12', 42500, 'card');
INSERT INTO payments (payment_id, customer_id, staff_id, payment_date, service_id, service_name, total_amount, payment_method, cash_amount, card_amount, created_at, updated_at) VALUES ('4e260805-dda9-4353-9915-8a102df7dd38', 'cb9bc4b9-210c-41df-a0c7-228d66dd0b3a', 'cc69b300-9b97-11f0-b7ae-5a93b150659e', '2025-07-12', '7cfc9898-9d10-11f0-8e8d-b2353c7546ec', '美骨小顔コルギ(60分)', 15000, 'cash', 0, 0, '2025-07-12', '2025-07-12');
INSERT INTO customer_tickets (customer_ticket_id, customer_id, plan_id, purchase_date, expiry_date, sessions_remaining, purchase_price) VALUES ('8e1eb9b2-c391-4834-871f-5307a8d2e32a', '324796c0-febd-4139-bb9e-0fd095b6f323', '6d51a07c-9eae-11f0-a8d1-362b931374cc', '2024-11-12', '2025-11-12', 5, 16500);
INSERT INTO payments (payment_id, customer_id, staff_id, payment_date, service_name, total_amount, payment_method, cash_amount, card_amount, created_at, updated_at) VALUES ('b2e5a39c-9dd7-4111-b182-efd285c3db42', '324796c0-febd-4139-bb9e-0fd095b6f323', 'cc69b300-9b97-11f0-b7ae-5a93b150659e', '2024-11-12', 'キャビテーション3回券', 16500, 'cash', 16500, 0, '2024-11-12', '2024-11-12');
INSERT INTO ticket_payments (payment_id, customer_ticket_id, payment_date, amount_paid, payment_method) VALUES ('b2e5a39c-9dd7-4111-b182-efd285c3db42', '8e1eb9b2-c391-4834-871f-5307a8d2e32a', '2024-11-12', 16500, 'cash');
INSERT INTO payments (payment_id, customer_id, staff_id, payment_date, service_id, service_name, total_amount, payment_method, cash_amount, card_amount, created_at, updated_at) VALUES ('9859af01-2aac-4af9-84dd-82dc25269e39', '75b1fffd-95c9-411a-9215-a4ce2899860a', 'deabe83a-9b97-11f0-b7ae-5a93b150659e', '2025-10-12', '937a225d-9d10-11f0-8e8d-b2353c7546ec', '美骨小顔コルギ(90分)', 19000, 'cash', 0, 0, '2025-10-12', '2025-10-12');
INSERT INTO payments (payment_id, customer_id, staff_id, payment_date, service_id, service_name, total_amount, payment_method, cash_amount, card_amount, created_at, updated_at) VALUES ('416c83bd-356b-4e95-b8d0-e542d96af923', '50d7171f-5104-4e44-9f51-a0a90643e6af', 'cc69b300-9b97-11f0-b7ae-5a93b150659e', '2025-11-20', '937a225d-9d10-11f0-8e8d-b2353c7546ec', '美骨小顔コルギ(90分)', 19000, 'card', 0, 19000, '2025-11-20', '2025-11-20');
INSERT INTO payments (payment_id, customer_id, staff_id, payment_date, service_id, service_name, total_amount, payment_method, cash_amount, card_amount, created_at, updated_at) VALUES ('004fccef-ff09-40c9-b4df-b5b1682a9bad', '0104443a-eeef-4265-845e-fc70dad3b4fa', 'f5b5eecc-9b97-11f0-b7ae-5a93b150659e', '2025-01-22', '937a225d-9d10-11f0-8e8d-b2353c7546ec', '美骨小顔コルギ(90分)', 19000, 'card', 0, 19000, '2025-01-22', '2025-01-22');
INSERT INTO payments (payment_id, customer_id, staff_id, payment_date, service_id, service_name, total_amount, payment_method, cash_amount, card_amount, created_at, updated_at) VALUES ('8202f28e-d79e-4e3a-842e-264af2866081', 'a21902e0-9ce5-4997-884a-d8fb29f1bbb0', 'f5b5eecc-9b97-11f0-b7ae-5a93b150659e', '2024-01-19', '937a225d-9d10-11f0-8e8d-b2353c7546ec', '美骨小顔コルギ(90分)', 19000, 'card', 0, 19000, '2024-01-19', '2024-01-19');
INSERT INTO customer_tickets (customer_ticket_id, customer_id, plan_id, purchase_date, expiry_date, sessions_remaining, purchase_price) VALUES ('b01b9cad-de0f-4f50-9a9f-494684abcbbf', 'fecf3701-fac9-4e9f-837c-c20c8a045760', '5b17a109-9d29-11f0-8e8d-b2353c7546ec', '2024-10-13', '2025-10-13', 10, 42500);
INSERT INTO payments (payment_id, customer_id, staff_id, payment_date, service_name, total_amount, payment_method, cash_amount, card_amount, created_at, updated_at) VALUES ('8c3270b8-dcbf-47ba-96e7-32bb2c1d0893', 'fecf3701-fac9-4e9f-837c-c20c8a045760', 'f5b5eecc-9b97-11f0-b7ae-5a93b150659e', '2024-10-13', '60分5回券(会員男性)', 42500, 'cash', 0, 0, '2024-10-13', '2024-10-13');
INSERT INTO ticket_payments (payment_id, customer_ticket_id, payment_date, amount_paid, payment_method) VALUES ('8c3270b8-dcbf-47ba-96e7-32bb2c1d0893', 'b01b9cad-de0f-4f50-9a9f-494684abcbbf', '2024-10-13', 42500, 'cash');
INSERT INTO payments (payment_id, customer_id, staff_id, payment_date, service_id, service_name, total_amount, payment_method, cash_amount, card_amount, created_at, updated_at) VALUES ('63ed25c0-2562-4c06-b065-72edb7d84a73', 'a9686b75-f12a-4c30-86c0-bfaafe495964', 'f5b5eecc-9b97-11f0-b7ae-5a93b150659e', '2024-07-11', '7cfc9898-9d10-11f0-8e8d-b2353c7546ec', '美骨小顔コルギ(60分)', 15000, 'cash', 15000, 0, '2024-07-11', '2024-07-11');
INSERT INTO payments (payment_id, customer_id, staff_id, payment_date, service_id, service_name, total_amount, payment_method, cash_amount, card_amount, created_at, updated_at) VALUES ('79de4467-9b11-4ed4-8fcb-0e9091193a1f', '317754f8-9bf6-4635-8679-08508e7be0a2', 'deabe83a-9b97-11f0-b7ae-5a93b150659e', '2025-12-24', '937a225d-9d10-11f0-8e8d-b2353c7546ec', '美骨小顔コルギ(90分)', 19000, 'cash', 19000, 0, '2025-12-24', '2025-12-24');
INSERT INTO payments (payment_id, customer_id, staff_id, payment_date, service_id, service_name, total_amount, payment_method, cash_amount, card_amount, created_at, updated_at) VALUES ('907e3472-b19a-4d91-a67c-13f860d80f2a', '33bd8e46-1ad2-446c-ab58-1db813b714fb', 'deabe83a-9b97-11f0-b7ae-5a93b150659e', '2024-06-20', '7cfc9898-9d10-11f0-8e8d-b2353c7546ec', '美骨小顔コルギ(60分)', 15000, 'cash', 15000, 0, '2024-06-20', '2024-06-20');
INSERT INTO payments (payment_id, customer_id, staff_id, payment_date, service_id, service_name, total_amount, payment_method, cash_amount, card_amount, created_at, updated_at) VALUES ('2e5e606d-2a7f-470a-b980-21f16a1b11da', '80227226-45e9-416f-8e87-1c73aebecd9f', 'deabe83a-9b97-11f0-b7ae-5a93b150659e', '2024-02-20', '2ffd7ad2-9eae-11f0-a8d1-362b931374cc', 'キャビテーション', 6000, 'cash', 0, 0, '2024-02-20', '2024-02-20');
INSERT INTO payments (payment_id, customer_id, staff_id, payment_date, service_id, service_name, total_amount, payment_method, cash_amount, card_amount, created_at, updated_at) VALUES ('46f1244a-e31b-48f7-8d5a-3b900ce73aff', '6ca60158-c46e-4f19-9bdb-7fbe780faa6f', 'cc69b300-9b97-11f0-b7ae-5a93b150659e', '2025-11-09', '7cfc9898-9d10-11f0-8e8d-b2353c7546ec', '美骨小顔コルギ(60分)', 15000, 'cash', 15000, 0, '2025-11-09', '2025-11-09');
INSERT INTO payments (payment_id, customer_id, staff_id, payment_date, service_id, service_name, total_amount, payment_method, cash_amount, card_amount, created_at, updated_at) VALUES ('bdaec991-2f87-42ea-b039-297ca2521f37', 'a9686b75-f12a-4c30-86c0-bfaafe495964', 'deabe83a-9b97-11f0-b7ae-5a93b150659e', '2025-12-02', '2ffd7ad2-9eae-11f0-a8d1-362b931374cc', 'キャビテーション', 6000, 'cash', 0, 0, '2025-12-02', '2025-12-02');
INSERT INTO payments (payment_id, customer_id, staff_id, payment_date, service_id, service_name, total_amount, payment_method, cash_amount, card_amount, created_at, updated_at) VALUES ('f9c7c26f-5cd2-4446-a203-9609db513908', '1f7cfc2e-f397-4ffe-9817-8b7953ceba20', 'deabe83a-9b97-11f0-b7ae-5a93b150659e', '2025-07-24', '937a225d-9d10-11f0-8e8d-b2353c7546ec', '美骨小顔コルギ(90分)', 19000, 'card', 0, 19000, '2025-07-24', '2025-07-24');
INSERT INTO payments (payment_id, customer_id, staff_id, payment_date, service_id, service_name, total_amount, payment_method, cash_amount, card_amount, created_at, updated_at) VALUES ('c044213b-4e12-4f33-98fc-3dc9a86712e2', '60c4ceab-a1a3-4c4f-850b-192c82779008', 'f5b5eecc-9b97-11f0-b7ae-5a93b150659e', '2025-04-16', '937a225d-9d10-11f0-8e8d-b2353c7546ec', '美骨小顔コルギ(90分)', 19000, 'card', 0, 19000, '2025-04-16', '2025-04-16');
INSERT INTO customer_tickets (customer_ticket_id, customer_id, plan_id, purchase_date, expiry_date, sessions_remaining, purchase_price) VALUES ('13149d4e-8874-4625-9e8e-8982106ccd98', 'e8f615bb-837c-4e0f-ba43-04feb135967e', '6d51a07c-9eae-11f0-a8d1-362b931374cc', '2025-03-21', '2026-03-21', 6, 16500);
INSERT INTO payments (payment_id, customer_id, staff_id, payment_date, service_name, total_amount, payment_method, cash_amount, card_amount, created_at, updated_at) VALUES ('c4b8e5a0-6834-4f07-9a6e-65c4cc99809c', 'e8f615bb-837c-4e0f-ba43-04feb135967e', 'cc69b300-9b97-11f0-b7ae-5a93b150659e', '2025-03-21', 'キャビテーション3回券', 16500, 'card', 0, 16500, '2025-03-21', '2025-03-21');
INSERT INTO ticket_payments (payment_id, customer_ticket_id, payment_date, amount_paid, payment_method) VALUES ('c4b8e5a0-6834-4f07-9a6e-65c4cc99809c', '13149d4e-8874-4625-9e8e-8982106ccd98', '2025-03-21', 16500, 'card');
INSERT INTO payments (payment_id, customer_id, staff_id, payment_date, service_id, service_name, total_amount, payment_method, cash_amount, card_amount, created_at, updated_at) VALUES ('c95e0bca-07dd-4b6e-a602-56417e01bc64', '97381e89-c3ea-48ca-ab4c-6dbb5a1c5f9e', 'deabe83a-9b97-11f0-b7ae-5a93b150659e', '2024-12-29', '7cfc9898-9d10-11f0-8e8d-b2353c7546ec', '美骨小顔コルギ(60分)', 15000, 'cash', 0, 0, '2024-12-29', '2024-12-29');
INSERT INTO payments (payment_id, customer_id, staff_id, payment_date, service_id, service_name, total_amount, payment_method, cash_amount, card_amount, created_at, updated_at) VALUES ('b9f4b56f-5789-436c-8700-e11e5fdc57a5', '0c80a3b9-fb3a-481a-9db4-8c79c57b9803', 'f5b5eecc-9b97-11f0-b7ae-5a93b150659e', '2025-11-30', '937a225d-9d10-11f0-8e8d-b2353c7546ec', '美骨小顔コルギ(90分)', 19000, 'card', 0, 19000, '2025-11-30', '2025-11-30');
INSERT INTO payments (payment_id, customer_id, staff_id, payment_date, service_id, service_name, total_amount, payment_method, cash_amount, card_amount, created_at, updated_at) VALUES ('651f4056-abb1-4e39-92f0-264ce9bca086', '94c21ab7-5aec-4a8c-88f5-aa4fdec4365c', 'cc69b300-9b97-11f0-b7ae-5a93b150659e', '2024-08-28', '2ffd7ad2-9eae-11f0-a8d1-362b931374cc', 'キャビテーション', 6000, 'card', 0, 6000, '2024-08-28', '2024-08-28');
INSERT INTO customer_tickets (customer_ticket_id, customer_id, plan_id, purchase_date, expiry_date, sessions_remaining, purchase_price) VALUES ('8d37a64a-2ac1-48bd-b444-985b4b31c68d', '7f90cd11-5a26-4966-a11d-b208a0785d5c', '6d51a07c-9eae-11f0-a8d1-362b931374cc', '2024-01-30', '2025-01-29', 9, 16500);
INSERT INTO payments (payment_id, customer_id, staff_id, payment_date, service_name, total_amount, payment_method, cash_amount, card_amount, created_at, updated_at) VALUES ('148eaa7d-8610-44b9-b2ba-e01b1517cd5d', '7f90cd11-5a26-4966-a11d-b208a0785d5c', 'f5b5eecc-9b97-11f0-b7ae-5a93b150659e', '2024-01-30', 'キャビテーション3回券', 16500, 'card', 0, 16500, '2024-01-30', '2024-01-30');
INSERT INTO ticket_payments (payment_id, customer_ticket_id, payment_date, amount_paid, payment_method) VALUES ('148eaa7d-8610-44b9-b2ba-e01b1517cd5d', '8d37a64a-2ac1-48bd-b444-985b4b31c68d', '2024-01-30', 16500, 'card');
INSERT INTO payments (payment_id, customer_id, staff_id, payment_date, service_id, service_name, total_amount, payment_method, cash_amount, card_amount, created_at, updated_at) VALUES ('bb6b5b57-1a3c-46f9-8d92-c5acd8d4e4ff', '3f953f36-be5f-47bb-93aa-a465a7f44dd3', 'cc69b300-9b97-11f0-b7ae-5a93b150659e', '2024-06-22', '937a225d-9d10-11f0-8e8d-b2353c7546ec', '美骨小顔コルギ(90分)', 19000, 'cash', 0, 0, '2024-06-22', '2024-06-22');
INSERT INTO customer_tickets (customer_ticket_id, customer_id, plan_id, purchase_date, expiry_date, sessions_remaining, purchase_price) VALUES ('b54c4163-bdfe-4de4-8c01-a3fbefb07724', '3f953f36-be5f-47bb-93aa-a465a7f44dd3', '6d51a07c-9eae-11f0-a8d1-362b931374cc', '2024-06-23', '2025-06-23', 2, 16500);
INSERT INTO payments (payment_id, customer_id, staff_id, payment_date, service_name, total_amount, payment_method, cash_amount, card_amount, created_at, updated_at) VALUES ('dacfe81c-4ff2-4b2e-9b29-3ec9dc866c8e', '3f953f36-be5f-47bb-93aa-a465a7f44dd3', 'deabe83a-9b97-11f0-b7ae-5a93b150659e', '2024-06-23', 'キャビテーション3回券', 16500, 'card', 0, 16500, '2024-06-23', '2024-06-23');
INSERT INTO ticket_payments (payment_id, customer_ticket_id, payment_date, amount_paid, payment_method) VALUES ('dacfe81c-4ff2-4b2e-9b29-3ec9dc866c8e', 'b54c4163-bdfe-4de4-8c01-a3fbefb07724', '2024-06-23', 16500, 'card');
INSERT INTO customer_tickets (customer_ticket_id, customer_id, plan_id, purchase_date, expiry_date, sessions_remaining, purchase_price) VALUES ('d90824a5-9cd4-4719-8284-48e1e4017586', 'fc69de9e-74df-4ae6-acdb-2c6ad01296c1', '6d51a07c-9eae-11f0-a8d1-362b931374cc', '2025-09-21', '2026-09-21', 1, 16500);
INSERT INTO payments (payment_id, customer_id, staff_id, payment_date, service_name, total_amount, payment_method, cash_amount, card_amount, created_at, updated_at) VALUES ('d26107b6-1598-4e80-8682-9e0bcdd24438', 'fc69de9e-74df-4ae6-acdb-2c6ad01296c1', 'cc69b300-9b97-11f0-b7ae-5a93b150659e', '2025-09-21', 'キャビテーション3回券', 16500, 'card', 0, 16500, '2025-09-21', '2025-09-21');
INSERT INTO ticket_payments (payment_id, customer_ticket_id, payment_date, amount_paid, payment_method) VALUES ('d26107b6-1598-4e80-8682-9e0bcdd24438', 'd90824a5-9cd4-4719-8284-48e1e4017586', '2025-09-21', 16500, 'card');
INSERT INTO payments (payment_id, customer_id, staff_id, payment_date, service_id, service_name, total_amount, payment_method, cash_amount, card_amount, created_at, updated_at) VALUES ('6621e7f7-5276-4265-b545-6f32ac2b4694', '54064ae2-11ed-4604-8cc7-81990723ac1c', 'cc69b300-9b97-11f0-b7ae-5a93b150659e', '2024-01-24', '937a225d-9d10-11f0-8e8d-b2353c7546ec', '美骨小顔コルギ(90分)', 19000, 'cash', 0, 0, '2024-01-24', '2024-01-24');
INSERT INTO payments (payment_id, customer_id, staff_id, payment_date, service_id, service_name, total_amount, payment_method, cash_amount, card_amount, created_at, updated_at) VALUES ('ca40b247-812f-40f9-87bc-e2f93f331fac', '0afe0d0a-dacd-4e62-90a9-3fde0f0d54d1', 'cc69b300-9b97-11f0-b7ae-5a93b150659e', '2024-04-18', '7cfc9898-9d10-11f0-8e8d-b2353c7546ec', '美骨小顔コルギ(60分)', 15000, 'cash', 0, 0, '2024-04-18', '2024-04-18');
INSERT INTO payments (payment_id, customer_id, staff_id, payment_date, service_id, service_name, total_amount, payment_method, cash_amount, card_amount, created_at, updated_at) VALUES ('27c19ba7-b2c1-45d5-a8d3-e9ad78018163', 'b65c3b0a-8487-462b-8464-f1abb402a53d', 'cc69b300-9b97-11f0-b7ae-5a93b150659e', '2025-09-15', '7cfc9898-9d10-11f0-8e8d-b2353c7546ec', '美骨小顔コルギ(60分)', 15000, 'cash', 0, 0, '2025-09-15', '2025-09-15');
INSERT INTO payments (payment_id, customer_id, staff_id, payment_date, service_id, service_name, total_amount, payment_method, cash_amount, card_amount, created_at, updated_at) VALUES ('f4373c23-b087-4492-8067-a7bec772b89a', '38096f24-20d5-4955-8030-6600a6e2c559', 'cc69b300-9b97-11f0-b7ae-5a93b150659e', '2025-07-27', '2ffd7ad2-9eae-11f0-a8d1-362b931374cc', 'キャビテーション', 6000, 'cash', 0, 0, '2025-07-27', '2025-07-27');
INSERT INTO customer_tickets (customer_ticket_id, customer_id, plan_id, purchase_date, expiry_date, sessions_remaining, purchase_price) VALUES ('b1aa197b-ba42-489d-83be-1c6ab2cfd4ef', '11080935-b01c-4485-a600-027012c1429f', '6d51a07c-9eae-11f0-a8d1-362b931374cc', '2025-12-07', '2026-12-07', 9, 16500);
INSERT INTO payments (payment_id, customer_id, staff_id, payment_date, service_name, total_amount, payment_method, cash_amount, card_amount, created_at, updated_at) VALUES ('db43930e-6ad7-41ba-9300-f9d63dff8c84', '11080935-b01c-4485-a600-027012c1429f', 'cc69b300-9b97-11f0-b7ae-5a93b150659e', '2025-12-07', 'キャビテーション3回券', 16500, 'cash', 16500, 0, '2025-12-07', '2025-12-07');
INSERT INTO ticket_payments (payment_id, customer_ticket_id, payment_date, amount_paid, payment_method) VALUES ('db43930e-6ad7-41ba-9300-f9d63dff8c84', 'b1aa197b-ba42-489d-83be-1c6ab2cfd4ef', '2025-12-07', 16500, 'cash');
INSERT INTO payments (payment_id, customer_id, staff_id, payment_date, service_id, service_name, total_amount, payment_method, cash_amount, card_amount, created_at, updated_at) VALUES ('2d9418ee-700e-4129-91c3-229c2b69c383', '18c666a0-0112-4f51-97ed-c9543b895757', 'f5b5eecc-9b97-11f0-b7ae-5a93b150659e', '2025-01-18', '2ffd7ad2-9eae-11f0-a8d1-362b931374cc', 'キャビテーション', 6000, 'cash', 6000, 0, '2025-01-18', '2025-01-18');
INSERT INTO payments (payment_id, customer_id, staff_id, payment_date, service_id, service_name, total_amount, payment_method, cash_amount, card_amount, created_at, updated_at) VALUES ('0c6dc183-227f-4ad5-8c04-dfbde745cf38', '68fef161-4178-41d3-bed4-d7e5bc6beb2d', 'deabe83a-9b97-11f0-b7ae-5a93b150659e', '2024-03-25', '7cfc9898-9d10-11f0-8e8d-b2353c7546ec', '美骨小顔コルギ(60分)', 15000, 'card', 0, 15000, '2024-03-25', '2024-03-25');
INSERT INTO payments (payment_id, customer_id, staff_id, payment_date, service_id, service_name, total_amount, payment_method, cash_amount, card_amount, created_at, updated_at) VALUES ('ed20a2d0-1efd-42d2-bfbb-57387f198b40', '5422a3b9-3738-4ef7-916d-09743d962cd0', 'cc69b300-9b97-11f0-b7ae-5a93b150659e', '2025-06-12', '937a225d-9d10-11f0-8e8d-b2353c7546ec', '美骨小顔コルギ(90分)', 19000, 'cash', 19000, 0, '2025-06-12', '2025-06-12');
INSERT INTO payments (payment_id, customer_id, staff_id, payment_date, service_id, service_name, total_amount, payment_method, cash_amount, card_amount, created_at, updated_at) VALUES ('fe78ca69-2fef-4049-bf81-3a9e74fb6462', '471a2328-5ef3-4a99-a211-881d19ee08a3', 'deabe83a-9b97-11f0-b7ae-5a93b150659e', '2025-04-09', '2ffd7ad2-9eae-11f0-a8d1-362b931374cc', 'キャビテーション', 6000, 'cash', 0, 0, '2025-04-09', '2025-04-09');
INSERT INTO customer_tickets (customer_ticket_id, customer_id, plan_id, purchase_date, expiry_date, sessions_remaining, purchase_price) VALUES ('9973efb3-01c9-486c-b5fa-61d5a3387498', 'cd411240-8ea8-4736-aa09-b6cdf32d0514', '6d51a07c-9eae-11f0-a8d1-362b931374cc', '2025-02-20', '2026-02-20', 9, 16500);
INSERT INTO payments (payment_id, customer_id, staff_id, payment_date, service_name, total_amount, payment_method, cash_amount, card_amount, created_at, updated_at) VALUES ('c3d48f31-e0a4-4621-8375-593d642bf751', 'cd411240-8ea8-4736-aa09-b6cdf32d0514', 'deabe83a-9b97-11f0-b7ae-5a93b150659e', '2025-02-20', 'キャビテーション3回券', 16500, 'cash', 16500, 0, '2025-02-20', '2025-02-20');
INSERT INTO ticket_payments (payment_id, customer_ticket_id, payment_date, amount_paid, payment_method) VALUES ('c3d48f31-e0a4-4621-8375-593d642bf751', '9973efb3-01c9-486c-b5fa-61d5a3387498', '2025-02-20', 16500, 'cash');
INSERT INTO payments (payment_id, customer_id, staff_id, payment_date, service_id, service_name, total_amount, payment_method, cash_amount, card_amount, created_at, updated_at) VALUES ('41d00432-656f-4f8d-adf5-f0f0b2bc6768', 'b5ed4270-bc36-42e9-8a96-c0bc0bb0ddfb', 'f5b5eecc-9b97-11f0-b7ae-5a93b150659e', '2024-06-24', '937a225d-9d10-11f0-8e8d-b2353c7546ec', '美骨小顔コルギ(90分)', 19000, 'cash', 19000, 0, '2024-06-24', '2024-06-24');
INSERT INTO payments (payment_id, customer_id, staff_id, payment_date, service_id, service_name, total_amount, payment_method, cash_amount, card_amount, created_at, updated_at) VALUES ('f8d361cd-f301-46b2-a252-54def8ed5b03', '4a5b665e-52ed-4d88-a90f-23825be339c3', 'f5b5eecc-9b97-11f0-b7ae-5a93b150659e', '2025-05-26', '2ffd7ad2-9eae-11f0-a8d1-362b931374cc', 'キャビテーション', 6000, 'cash', 0, 0, '2025-05-26', '2025-05-26');
INSERT INTO customer_tickets (customer_ticket_id, customer_id, plan_id, purchase_date, expiry_date, sessions_remaining, purchase_price) VALUES ('6bfa0e17-1268-4c30-9304-065d975a82fb', '73d21f4f-3563-4ef8-868a-6cc44445d29d', '7d0b8322-9eae-11f0-a8d1-362b931374cc', '2025-05-06', '2026-05-06', 5, 25000);
INSERT INTO payments (payment_id, customer_id, staff_id, payment_date, service_name, total_amount, payment_method, cash_amount, card_amount, created_at, updated_at) VALUES ('3eff8f05-2eea-404b-832b-24cc8315a7f8', '73d21f4f-3563-4ef8-868a-6cc44445d29d', 'cc69b300-9b97-11f0-b7ae-5a93b150659e', '2025-05-06', 'キャビテーション5回券', 25000, 'cash', 0, 0, '2025-05-06', '2025-05-06');
INSERT INTO ticket_payments (payment_id, customer_ticket_id, payment_date, amount_paid, payment_method) VALUES ('3eff8f05-2eea-404b-832b-24cc8315a7f8', '6bfa0e17-1268-4c30-9304-065d975a82fb', '2025-05-06', 25000, 'cash');
INSERT INTO payments (payment_id, customer_id, staff_id, payment_date, service_id, service_name, total_amount, payment_method, cash_amount, card_amount, created_at, updated_at) VALUES ('6ef656d0-422c-4e31-a4c8-dfddf5097bb0', 'c479fc7e-4dce-4e3c-ac1d-a1533a2b3416', 'f5b5eecc-9b97-11f0-b7ae-5a93b150659e', '2024-10-07', '2ffd7ad2-9eae-11f0-a8d1-362b931374cc', 'キャビテーション', 6000, 'cash', 6000, 0, '2024-10-07', '2024-10-07');
INSERT INTO customer_tickets (customer_ticket_id, customer_id, plan_id, purchase_date, expiry_date, sessions_remaining, purchase_price) VALUES ('dcd9511c-104d-47d5-ab61-91e1ce152fc2', '9691cb96-6932-42dc-889b-2b2a390b08fd', '6d51a07c-9eae-11f0-a8d1-362b931374cc', '2025-03-30', '2026-03-30', 8, 16500);
INSERT INTO payments (payment_id, customer_id, staff_id, payment_date, service_name, total_amount, payment_method, cash_amount, card_amount, created_at, updated_at) VALUES ('173dc99e-8115-4222-b42c-ed492aa06f3b', '9691cb96-6932-42dc-889b-2b2a390b08fd', 'deabe83a-9b97-11f0-b7ae-5a93b150659e', '2025-03-30', 'キャビテーション3回券', 16500, 'cash', 16500, 0, '2025-03-30', '2025-03-30');
INSERT INTO ticket_payments (payment_id, customer_ticket_id, payment_date, amount_paid, payment_method) VALUES ('173dc99e-8115-4222-b42c-ed492aa06f3b', 'dcd9511c-104d-47d5-ab61-91e1ce152fc2', '2025-03-30', 16500, 'cash');
INSERT INTO customer_tickets (customer_ticket_id, customer_id, plan_id, purchase_date, expiry_date, sessions_remaining, purchase_price) VALUES ('254f9b5e-7510-4fd5-a5d8-50683146ebca', 'ed5a32e3-b73c-4428-91fc-205bf720302d', '7d0b8322-9eae-11f0-a8d1-362b931374cc', '2025-09-13', '2026-09-13', 2, 25000);
INSERT INTO payments (payment_id, customer_id, staff_id, payment_date, service_name, total_amount, payment_method, cash_amount, card_amount, created_at, updated_at) VALUES ('c15c4a1c-b7d8-4f6f-b1fe-3723fb8ad7be', 'ed5a32e3-b73c-4428-91fc-205bf720302d', 'f5b5eecc-9b97-11f0-b7ae-5a93b150659e', '2025-09-13', 'キャビテーション5回券', 25000, 'card', 0, 25000, '2025-09-13', '2025-09-13');
INSERT INTO ticket_payments (payment_id, customer_ticket_id, payment_date, amount_paid, payment_method) VALUES ('c15c4a1c-b7d8-4f6f-b1fe-3723fb8ad7be', '254f9b5e-7510-4fd5-a5d8-50683146ebca', '2025-09-13', 25000, 'card');
INSERT INTO payments (payment_id, customer_id, staff_id, payment_date, service_id, service_name, total_amount, payment_method, cash_amount, card_amount, created_at, updated_at) VALUES ('206d6e52-de51-42cb-a7b7-2b632316c21b', '4e6aa0ef-0769-44c8-89a0-e4191f14b4b9', 'f5b5eecc-9b97-11f0-b7ae-5a93b150659e', '2025-02-02', '7cfc9898-9d10-11f0-8e8d-b2353c7546ec', '美骨小顔コルギ(60分)', 15000, 'cash', 15000, 0, '2025-02-02', '2025-02-02');
INSERT INTO payments (payment_id, customer_id, staff_id, payment_date, service_id, service_name, total_amount, payment_method, cash_amount, card_amount, created_at, updated_at) VALUES ('c0e879bd-bea1-4637-9378-077913b2d602', '1a5f7c16-ef58-4b34-a104-d78921ccc575', 'cc69b300-9b97-11f0-b7ae-5a93b150659e', '2024-04-25', '2ffd7ad2-9eae-11f0-a8d1-362b931374cc', 'キャビテーション', 6000, 'cash', 0, 0, '2024-04-25', '2024-04-25');
INSERT INTO payments (payment_id, customer_id, staff_id, payment_date, service_id, service_name, total_amount, payment_method, cash_amount, card_amount, created_at, updated_at) VALUES ('9b1851da-4135-4d03-a2a9-3a86a0e8bca3', '04c5e0ce-b5c1-4cfa-8713-c68e377b0b92', 'f5b5eecc-9b97-11f0-b7ae-5a93b150659e', '2025-04-11', '2ffd7ad2-9eae-11f0-a8d1-362b931374cc', 'キャビテーション', 6000, 'card', 0, 6000, '2025-04-11', '2025-04-11');
INSERT INTO payments (payment_id, customer_id, staff_id, payment_date, service_id, service_name, total_amount, payment_method, cash_amount, card_amount, created_at, updated_at) VALUES ('bf119b94-6aef-4d50-a92c-d32a1d9f6a5e', '7135a175-242f-48f1-a14b-efcea189c637', 'cc69b300-9b97-11f0-b7ae-5a93b150659e', '2024-09-18', '937a225d-9d10-11f0-8e8d-b2353c7546ec', '美骨小顔コルギ(90分)', 19000, 'cash', 19000, 0, '2024-09-18', '2024-09-18');
INSERT INTO customer_tickets (customer_ticket_id, customer_id, plan_id, purchase_date, expiry_date, sessions_remaining, purchase_price) VALUES ('1c581b08-c636-42ce-aa3f-468dc662ec46', '826b8617-2232-4afd-9eb7-01be72c12eb0', '5b17a109-9d29-11f0-8e8d-b2353c7546ec', '2024-01-14', '2025-01-13', 3, 42500);
INSERT INTO payments (payment_id, customer_id, staff_id, payment_date, service_name, total_amount, payment_method, cash_amount, card_amount, created_at, updated_at) VALUES ('dc63a3d8-00e5-4ad6-a96f-8272d8eef914', '826b8617-2232-4afd-9eb7-01be72c12eb0', 'deabe83a-9b97-11f0-b7ae-5a93b150659e', '2024-01-14', '60分5回券(会員男性)', 42500, 'cash', 0, 0, '2024-01-14', '2024-01-14');
INSERT INTO ticket_payments (payment_id, customer_ticket_id, payment_date, amount_paid, payment_method) VALUES ('dc63a3d8-00e5-4ad6-a96f-8272d8eef914', '1c581b08-c636-42ce-aa3f-468dc662ec46', '2024-01-14', 42500, 'cash');
INSERT INTO payments (payment_id, customer_id, staff_id, payment_date, service_id, service_name, total_amount, payment_method, cash_amount, card_amount, created_at, updated_at) VALUES ('5c03c373-b1bc-40eb-84f5-19a2b736d6f8', '7026dcd1-d6c3-4ae9-9d83-8a87c63ff6b7', 'f5b5eecc-9b97-11f0-b7ae-5a93b150659e', '2024-02-11', '937a225d-9d10-11f0-8e8d-b2353c7546ec', '美骨小顔コルギ(90分)', 19000, 'cash', 0, 0, '2024-02-11', '2024-02-11');
INSERT INTO customer_tickets (customer_ticket_id, customer_id, plan_id, purchase_date, expiry_date, sessions_remaining, purchase_price) VALUES ('f27b10c6-e651-4914-8e09-8194b276b74d', '637a914e-4a16-4861-9b8b-8cf1e848b2bb', '6d51a07c-9eae-11f0-a8d1-362b931374cc', '2024-05-10', '2025-05-10', 4, 16500);
INSERT INTO payments (payment_id, customer_id, staff_id, payment_date, service_name, total_amount, payment_method, cash_amount, card_amount, created_at, updated_at) VALUES ('edbfbc60-51a7-48e2-981b-428de3c70ead', '637a914e-4a16-4861-9b8b-8cf1e848b2bb', 'cc69b300-9b97-11f0-b7ae-5a93b150659e', '2024-05-10', 'キャビテーション3回券', 16500, 'cash', 0, 0, '2024-05-10', '2024-05-10');
INSERT INTO ticket_payments (payment_id, customer_ticket_id, payment_date, amount_paid, payment_method) VALUES ('edbfbc60-51a7-48e2-981b-428de3c70ead', 'f27b10c6-e651-4914-8e09-8194b276b74d', '2024-05-10', 16500, 'cash');
INSERT INTO payments (payment_id, customer_id, staff_id, payment_date, service_id, service_name, total_amount, payment_method, cash_amount, card_amount, created_at, updated_at) VALUES ('ee9b4225-33e8-4af9-8389-f2d8544a5a85', 'bf262864-2243-4b35-856b-476679819729', 'f5b5eecc-9b97-11f0-b7ae-5a93b150659e', '2025-04-29', '2ffd7ad2-9eae-11f0-a8d1-362b931374cc', 'キャビテーション', 6000, 'cash', 0, 0, '2025-04-29', '2025-04-29');
INSERT INTO payments (payment_id, customer_id, staff_id, payment_date, service_id, service_name, total_amount, payment_method, cash_amount, card_amount, created_at, updated_at) VALUES ('3c46cdad-d385-4dd0-9fdd-a0d62d0dcb20', '0afe0d0a-dacd-4e62-90a9-3fde0f0d54d1', 'deabe83a-9b97-11f0-b7ae-5a93b150659e', '2025-07-15', '7cfc9898-9d10-11f0-8e8d-b2353c7546ec', '美骨小顔コルギ(60分)', 15000, 'cash', 0, 0, '2025-07-15', '2025-07-15');
INSERT INTO customer_tickets (customer_ticket_id, customer_id, plan_id, purchase_date, expiry_date, sessions_remaining, purchase_price) VALUES ('baeec26d-fb4f-4749-89eb-77ed8182c99f', '324796c0-febd-4139-bb9e-0fd095b6f323', '5b17a109-9d29-11f0-8e8d-b2353c7546ec', '2025-01-05', '2026-01-05', 1, 42500);
INSERT INTO payments (payment_id, customer_id, staff_id, payment_date, service_name, total_amount, payment_method, cash_amount, card_amount, created_at, updated_at) VALUES ('29464c46-7265-4563-b26c-a2cfdd1f1b54', '324796c0-febd-4139-bb9e-0fd095b6f323', 'deabe83a-9b97-11f0-b7ae-5a93b150659e', '2025-01-05', '60分5回券(会員男性)', 42500, 'cash', 42500, 0, '2025-01-05', '2025-01-05');
INSERT INTO ticket_payments (payment_id, customer_ticket_id, payment_date, amount_paid, payment_method) VALUES ('29464c46-7265-4563-b26c-a2cfdd1f1b54', 'baeec26d-fb4f-4749-89eb-77ed8182c99f', '2025-01-05', 42500, 'cash');
INSERT INTO payments (payment_id, customer_id, staff_id, payment_date, service_id, service_name, total_amount, payment_method, cash_amount, card_amount, created_at, updated_at) VALUES ('21343d85-b4fb-42ed-9694-6338e908c984', '20d62638-c5be-46cd-94e4-250acfa17405', 'f5b5eecc-9b97-11f0-b7ae-5a93b150659e', '2025-11-04', '7cfc9898-9d10-11f0-8e8d-b2353c7546ec', '美骨小顔コルギ(60分)', 15000, 'cash', 15000, 0, '2025-11-04', '2025-11-04');
INSERT INTO payments (payment_id, customer_id, staff_id, payment_date, service_id, service_name, total_amount, payment_method, cash_amount, card_amount, created_at, updated_at) VALUES ('17af1ef0-7c12-4533-ae71-fd23b3efef49', 'a58158b8-2ac7-4b1e-be53-5d3a2e4378e6', 'cc69b300-9b97-11f0-b7ae-5a93b150659e', '2024-04-28', '2ffd7ad2-9eae-11f0-a8d1-362b931374cc', 'キャビテーション', 6000, 'cash', 6000, 0, '2024-04-28', '2024-04-28');
INSERT INTO payments (payment_id, customer_id, staff_id, payment_date, service_id, service_name, total_amount, payment_method, cash_amount, card_amount, created_at, updated_at) VALUES ('992d2a4c-c093-4d3f-b534-fa4bdf876270', '1ae82d69-ee8c-424b-a5a4-da87feda4e09', 'f5b5eecc-9b97-11f0-b7ae-5a93b150659e', '2024-07-07', '2ffd7ad2-9eae-11f0-a8d1-362b931374cc', 'キャビテーション', 6000, 'cash', 0, 0, '2024-07-07', '2024-07-07');
INSERT INTO payments (payment_id, customer_id, staff_id, payment_date, service_id, service_name, total_amount, payment_method, cash_amount, card_amount, created_at, updated_at) VALUES ('2139b750-9a3f-4a25-9b4e-8530e173dbb0', '077617fc-b856-4f26-ac0f-b3ff1ea54f0f', 'cc69b300-9b97-11f0-b7ae-5a93b150659e', '2024-02-23', '2ffd7ad2-9eae-11f0-a8d1-362b931374cc', 'キャビテーション', 6000, 'card', 0, 6000, '2024-02-23', '2024-02-23');
INSERT INTO customer_tickets (customer_ticket_id, customer_id, plan_id, purchase_date, expiry_date, sessions_remaining, purchase_price) VALUES ('ed6e3f38-a775-4df7-b404-7c11fac2a185', '4e6aa0ef-0769-44c8-89a0-e4191f14b4b9', '5b17a109-9d29-11f0-8e8d-b2353c7546ec', '2024-10-19', '2025-10-19', 1, 42500);
INSERT INTO payments (payment_id, customer_id, staff_id, payment_date, service_name, total_amount, payment_method, cash_amount, card_amount, created_at, updated_at) VALUES ('7d3e114b-5dbd-43a6-bab3-1ad4b8299a71', '4e6aa0ef-0769-44c8-89a0-e4191f14b4b9', 'deabe83a-9b97-11f0-b7ae-5a93b150659e', '2024-10-19', '60分5回券(会員男性)', 42500, 'card', 0, 42500, '2024-10-19', '2024-10-19');
INSERT INTO ticket_payments (payment_id, customer_ticket_id, payment_date, amount_paid, payment_method) VALUES ('7d3e114b-5dbd-43a6-bab3-1ad4b8299a71', 'ed6e3f38-a775-4df7-b404-7c11fac2a185', '2024-10-19', 42500, 'card');
INSERT INTO payments (payment_id, customer_id, staff_id, payment_date, service_id, service_name, total_amount, payment_method, cash_amount, card_amount, created_at, updated_at) VALUES ('f4486c47-a0cb-4524-8663-7265431091d9', 'a9686b75-f12a-4c30-86c0-bfaafe495964', 'f5b5eecc-9b97-11f0-b7ae-5a93b150659e', '2024-07-26', '937a225d-9d10-11f0-8e8d-b2353c7546ec', '美骨小顔コルギ(90分)', 19000, 'cash', 19000, 0, '2024-07-26', '2024-07-26');
INSERT INTO payments (payment_id, customer_id, staff_id, payment_date, service_id, service_name, total_amount, payment_method, cash_amount, card_amount, created_at, updated_at) VALUES ('0d0a8d00-9ce2-4b05-a949-56fe8bbc819c', '6b2c2617-2fc5-4e5b-94a2-492f1aaccd9f', 'cc69b300-9b97-11f0-b7ae-5a93b150659e', '2024-12-03', '7cfc9898-9d10-11f0-8e8d-b2353c7546ec', '美骨小顔コルギ(60分)', 15000, 'cash', 0, 0, '2024-12-03', '2024-12-03');
INSERT INTO customer_tickets (customer_ticket_id, customer_id, plan_id, purchase_date, expiry_date, sessions_remaining, purchase_price) VALUES ('9a50f741-f13c-495b-9b73-b9b250651546', '97381e89-c3ea-48ca-ab4c-6dbb5a1c5f9e', '6d51a07c-9eae-11f0-a8d1-362b931374cc', '2024-12-26', '2025-12-26', 3, 16500);
INSERT INTO payments (payment_id, customer_id, staff_id, payment_date, service_name, total_amount, payment_method, cash_amount, card_amount, created_at, updated_at) VALUES ('f9d19d11-fb6a-453a-9180-af4aa6b0cd5c', '97381e89-c3ea-48ca-ab4c-6dbb5a1c5f9e', 'f5b5eecc-9b97-11f0-b7ae-5a93b150659e', '2024-12-26', 'キャビテーション3回券', 16500, 'cash', 16500, 0, '2024-12-26', '2024-12-26');
INSERT INTO ticket_payments (payment_id, customer_ticket_id, payment_date, amount_paid, payment_method) VALUES ('f9d19d11-fb6a-453a-9180-af4aa6b0cd5c', '9a50f741-f13c-495b-9b73-b9b250651546', '2024-12-26', 16500, 'cash');
INSERT INTO payments (payment_id, customer_id, staff_id, payment_date, service_id, service_name, total_amount, payment_method, cash_amount, card_amount, created_at, updated_at) VALUES ('8a02f49c-4233-45df-b6ff-cfd3100984de', 'c8f25991-3289-43d7-8c17-5682cdd75890', 'f5b5eecc-9b97-11f0-b7ae-5a93b150659e', '2025-10-27', '7cfc9898-9d10-11f0-8e8d-b2353c7546ec', '美骨小顔コルギ(60分)', 15000, 'cash', 15000, 0, '2025-10-27', '2025-10-27');
INSERT INTO payments (payment_id, customer_id, staff_id, payment_date, service_id, service_name, total_amount, payment_method, cash_amount, card_amount, created_at, updated_at) VALUES ('7c7e4109-d0a8-4b7e-8672-b682f2a151ff', '55d1552d-28e1-412c-969e-992f0058110c', 'cc69b300-9b97-11f0-b7ae-5a93b150659e', '2025-09-06', '937a225d-9d10-11f0-8e8d-b2353c7546ec', '美骨小顔コルギ(90分)', 19000, 'card', 0, 19000, '2025-09-06', '2025-09-06');
INSERT INTO payments (payment_id, customer_id, staff_id, payment_date, service_id, service_name, total_amount, payment_method, cash_amount, card_amount, created_at, updated_at) VALUES ('036a7452-83fb-46e3-baf8-592cea5ff74e', 'ddd79fd0-bd34-4ede-9edd-5c2e5e1e2a6b', 'deabe83a-9b97-11f0-b7ae-5a93b150659e', '2025-01-16', '937a225d-9d10-11f0-8e8d-b2353c7546ec', '美骨小顔コルギ(90分)', 19000, 'cash', 0, 0, '2025-01-16', '2025-01-16');
INSERT INTO payments (payment_id, customer_id, staff_id, payment_date, service_id, service_name, total_amount, payment_method, cash_amount, card_amount, created_at, updated_at) VALUES ('6f2da4ff-80f3-4279-af66-c94814d95373', '3142172f-dff2-4f47-a0db-bc31e30367a0', 'f5b5eecc-9b97-11f0-b7ae-5a93b150659e', '2025-10-12', '2ffd7ad2-9eae-11f0-a8d1-362b931374cc', 'キャビテーション', 6000, 'cash', 0, 0, '2025-10-12', '2025-10-12');
INSERT INTO customer_tickets (customer_ticket_id, customer_id, plan_id, purchase_date, expiry_date, sessions_remaining, purchase_price) VALUES ('94d3e90d-2a92-4f50-b1a9-df713c1472e6', '72f05fc8-5c75-47a6-8ab8-488ed2c17565', '5b17a109-9d29-11f0-8e8d-b2353c7546ec', '2024-01-21', '2025-01-20', 6, 42500);
INSERT INTO payments (payment_id, customer_id, staff_id, payment_date, service_name, total_amount, payment_method, cash_amount, card_amount, created_at, updated_at) VALUES ('9747b887-9e79-4a9f-926c-58e689925ffa', '72f05fc8-5c75-47a6-8ab8-488ed2c17565', 'deabe83a-9b97-11f0-b7ae-5a93b150659e', '2024-01-21', '60分5回券(会員男性)', 42500, 'card', 0, 42500, '2024-01-21', '2024-01-21');
INSERT INTO ticket_payments (payment_id, customer_ticket_id, payment_date, amount_paid, payment_method) VALUES ('9747b887-9e79-4a9f-926c-58e689925ffa', '94d3e90d-2a92-4f50-b1a9-df713c1472e6', '2024-01-21', 42500, 'card');
INSERT INTO payments (payment_id, customer_id, staff_id, payment_date, service_id, service_name, total_amount, payment_method, cash_amount, card_amount, created_at, updated_at) VALUES ('57deebfc-2ae7-4e5e-a411-776ffe3f1524', 'df610126-78b4-45ac-803c-b3e95f980504', 'f5b5eecc-9b97-11f0-b7ae-5a93b150659e', '2024-07-05', '937a225d-9d10-11f0-8e8d-b2353c7546ec', '美骨小顔コルギ(90分)', 19000, 'card', 0, 19000, '2024-07-05', '2024-07-05');
INSERT INTO payments (payment_id, customer_id, staff_id, payment_date, service_id, service_name, total_amount, payment_method, cash_amount, card_amount, created_at, updated_at) VALUES ('3e5bfa24-9539-4a65-8cc1-7a05c4c71862', 'fecf3701-fac9-4e9f-837c-c20c8a045760', 'f5b5eecc-9b97-11f0-b7ae-5a93b150659e', '2025-03-10', '7cfc9898-9d10-11f0-8e8d-b2353c7546ec', '美骨小顔コルギ(60分)', 15000, 'cash', 15000, 0, '2025-03-10', '2025-03-10');
INSERT INTO payments (payment_id, customer_id, staff_id, payment_date, service_id, service_name, total_amount, payment_method, cash_amount, card_amount, created_at, updated_at) VALUES ('b7a06d17-6cc0-4471-805d-f7ae3895795b', '24c74f4a-0498-4d54-beaa-2442acecdd6e', 'deabe83a-9b97-11f0-b7ae-5a93b150659e', '2025-07-06', '937a225d-9d10-11f0-8e8d-b2353c7546ec', '美骨小顔コルギ(90分)', 19000, 'card', 0, 19000, '2025-07-06', '2025-07-06');
INSERT INTO payments (payment_id, customer_id, staff_id, payment_date, service_id, service_name, total_amount, payment_method, cash_amount, card_amount, created_at, updated_at) VALUES ('16fd16ab-2a4c-4faf-9e63-e3288bae3913', '9fd0f5bd-c4dd-4898-b405-1171ae99b017', 'cc69b300-9b97-11f0-b7ae-5a93b150659e', '2025-03-13', '7cfc9898-9d10-11f0-8e8d-b2353c7546ec', '美骨小顔コルギ(60分)', 15000, 'cash', 15000, 0, '2025-03-13', '2025-03-13');
INSERT INTO customer_tickets (customer_ticket_id, customer_id, plan_id, purchase_date, expiry_date, sessions_remaining, purchase_price) VALUES ('198b32a3-cf33-4cce-a722-783d48dd6c5c', '3c07358a-6321-45a0-8610-bb9b934e813f', '5b17a109-9d29-11f0-8e8d-b2353c7546ec', '2024-10-26', '2025-10-26', 10, 42500);
INSERT INTO payments (payment_id, customer_id, staff_id, payment_date, service_name, total_amount, payment_method, cash_amount, card_amount, created_at, updated_at) VALUES ('4b9123dc-2a36-49e2-87bf-1efec3bb4826', '3c07358a-6321-45a0-8610-bb9b934e813f', 'deabe83a-9b97-11f0-b7ae-5a93b150659e', '2024-10-26', '60分5回券(会員男性)', 42500, 'card', 0, 42500, '2024-10-26', '2024-10-26');
INSERT INTO ticket_payments (payment_id, customer_ticket_id, payment_date, amount_paid, payment_method) VALUES ('4b9123dc-2a36-49e2-87bf-1efec3bb4826', '198b32a3-cf33-4cce-a722-783d48dd6c5c', '2024-10-26', 42500, 'card');
INSERT INTO payments (payment_id, customer_id, staff_id, payment_date, service_id, service_name, total_amount, payment_method, cash_amount, card_amount, created_at, updated_at) VALUES ('79626033-adec-405a-92f4-a7e9f59516be', '31ec8bdf-3ff1-4dbd-8d3c-f684398b6139', 'deabe83a-9b97-11f0-b7ae-5a93b150659e', '2024-05-14', '937a225d-9d10-11f0-8e8d-b2353c7546ec', '美骨小顔コルギ(90分)', 19000, 'cash', 19000, 0, '2024-05-14', '2024-05-14');
INSERT INTO payments (payment_id, customer_id, staff_id, payment_date, service_id, service_name, total_amount, payment_method, cash_amount, card_amount, created_at, updated_at) VALUES ('0e0c8a33-4d1b-4e3c-a071-8009a98e3d06', 'ab19345d-dcdd-44ee-be38-5420bc4bf673', 'f5b5eecc-9b97-11f0-b7ae-5a93b150659e', '2025-03-16', '7cfc9898-9d10-11f0-8e8d-b2353c7546ec', '美骨小顔コルギ(60分)', 15000, 'card', 0, 15000, '2025-03-16', '2025-03-16');
INSERT INTO customer_tickets (customer_ticket_id, customer_id, plan_id, purchase_date, expiry_date, sessions_remaining, purchase_price) VALUES ('00020d44-e557-4022-b151-cae058e76a33', 'e84ecdf7-3f08-4aeb-b365-72a8dbc48b6a', '6d51a07c-9eae-11f0-a8d1-362b931374cc', '2025-11-17', '2026-11-17', 10, 16500);
INSERT INTO payments (payment_id, customer_id, staff_id, payment_date, service_name, total_amount, payment_method, cash_amount, card_amount, created_at, updated_at) VALUES ('afa85f3c-b40b-4002-86af-a9ebc3429b34', 'e84ecdf7-3f08-4aeb-b365-72a8dbc48b6a', 'deabe83a-9b97-11f0-b7ae-5a93b150659e', '2025-11-17', 'キャビテーション3回券', 16500, 'cash', 0, 0, '2025-11-17', '2025-11-17');
INSERT INTO ticket_payments (payment_id, customer_ticket_id, payment_date, amount_paid, payment_method) VALUES ('afa85f3c-b40b-4002-86af-a9ebc3429b34', '00020d44-e557-4022-b151-cae058e76a33', '2025-11-17', 16500, 'cash');
INSERT INTO payments (payment_id, customer_id, staff_id, payment_date, service_id, service_name, total_amount, payment_method, cash_amount, card_amount, created_at, updated_at) VALUES ('48b31fc0-e6a5-443a-8847-678d3e3c5eb1', 'a5896fb8-0354-46a8-bac1-fa6d0be6d540', 'deabe83a-9b97-11f0-b7ae-5a93b150659e', '2025-12-09', '2ffd7ad2-9eae-11f0-a8d1-362b931374cc', 'キャビテーション', 6000, 'cash', 0, 0, '2025-12-09', '2025-12-09');
INSERT INTO payments (payment_id, customer_id, staff_id, payment_date, service_id, service_name, total_amount, payment_method, cash_amount, card_amount, created_at, updated_at) VALUES ('5afd8a99-7070-4c61-9811-523e4813d7bb', 'b5ed4270-bc36-42e9-8a96-c0bc0bb0ddfb', 'cc69b300-9b97-11f0-b7ae-5a93b150659e', '2024-12-18', '7cfc9898-9d10-11f0-8e8d-b2353c7546ec', '美骨小顔コルギ(60分)', 15000, 'card', 0, 15000, '2024-12-18', '2024-12-18');
INSERT INTO payments (payment_id, customer_id, staff_id, payment_date, service_id, service_name, total_amount, payment_method, cash_amount, card_amount, created_at, updated_at) VALUES ('78235ca4-6cee-4cf3-b194-63d4d8f9892b', '5174cbfb-c8bb-4db5-883c-34fafd00ee9c', 'f5b5eecc-9b97-11f0-b7ae-5a93b150659e', '2024-06-10', '937a225d-9d10-11f0-8e8d-b2353c7546ec', '美骨小顔コルギ(90分)', 19000, 'card', 0, 19000, '2024-06-10', '2024-06-10');
INSERT INTO payments (payment_id, customer_id, staff_id, payment_date, service_id, service_name, total_amount, payment_method, cash_amount, card_amount, created_at, updated_at) VALUES ('a0f436be-43ca-40f4-bc20-f3b1343da1b9', 'cd411240-8ea8-4736-aa09-b6cdf32d0514', 'f5b5eecc-9b97-11f0-b7ae-5a93b150659e', '2024-10-15', '2ffd7ad2-9eae-11f0-a8d1-362b931374cc', 'キャビテーション', 6000, 'cash', 0, 0, '2024-10-15', '2024-10-15');
INSERT INTO customer_tickets (customer_ticket_id, customer_id, plan_id, purchase_date, expiry_date, sessions_remaining, purchase_price) VALUES ('a4123062-532f-4497-bc3b-5945190df446', '5c599f78-33ec-4063-aa16-39d5612cd773', '5b17a109-9d29-11f0-8e8d-b2353c7546ec', '2025-11-08', '2026-11-08', 3, 42500);
INSERT INTO payments (payment_id, customer_id, staff_id, payment_date, service_name, total_amount, payment_method, cash_amount, card_amount, created_at, updated_at) VALUES ('0dfac8d0-fc01-477d-8e9e-4c9ff0a85ca5', '5c599f78-33ec-4063-aa16-39d5612cd773', 'cc69b300-9b97-11f0-b7ae-5a93b150659e', '2025-11-08', '60分5回券(会員男性)', 42500, 'card', 0, 42500, '2025-11-08', '2025-11-08');
INSERT INTO ticket_payments (payment_id, customer_ticket_id, payment_date, amount_paid, payment_method) VALUES ('0dfac8d0-fc01-477d-8e9e-4c9ff0a85ca5', 'a4123062-532f-4497-bc3b-5945190df446', '2025-11-08', 42500, 'card');
INSERT INTO payments (payment_id, customer_id, staff_id, payment_date, service_id, service_name, total_amount, payment_method, cash_amount, card_amount, created_at, updated_at) VALUES ('7bad940a-8ae7-48e3-8614-ab923e22ec82', 'f2d5c138-db8b-4146-b18e-2bc04f741321', 'deabe83a-9b97-11f0-b7ae-5a93b150659e', '2024-01-25', '2ffd7ad2-9eae-11f0-a8d1-362b931374cc', 'キャビテーション', 6000, 'card', 0, 6000, '2024-01-25', '2024-01-25');
INSERT INTO customer_tickets (customer_ticket_id, customer_id, plan_id, purchase_date, expiry_date, sessions_remaining, purchase_price) VALUES ('d5e92664-edca-4315-9025-d3bc4a8d3113', '9c3302bf-9f9d-4063-aefc-17cc6a68c30f', '5b17a109-9d29-11f0-8e8d-b2353c7546ec', '2024-04-11', '2025-04-11', 6, 42500);
INSERT INTO payments (payment_id, customer_id, staff_id, payment_date, service_name, total_amount, payment_method, cash_amount, card_amount, created_at, updated_at) VALUES ('a0b59eb9-2e72-49ef-ba97-bb1ba61df4c7', '9c3302bf-9f9d-4063-aefc-17cc6a68c30f', 'f5b5eecc-9b97-11f0-b7ae-5a93b150659e', '2024-04-11', '60分5回券(会員男性)', 42500, 'cash', 42500, 0, '2024-04-11', '2024-04-11');
INSERT INTO ticket_payments (payment_id, customer_ticket_id, payment_date, amount_paid, payment_method) VALUES ('a0b59eb9-2e72-49ef-ba97-bb1ba61df4c7', 'd5e92664-edca-4315-9025-d3bc4a8d3113', '2024-04-11', 42500, 'cash');
INSERT INTO payments (payment_id, customer_id, staff_id, payment_date, service_id, service_name, total_amount, payment_method, cash_amount, card_amount, created_at, updated_at) VALUES ('0194e4d8-4a7b-4da9-8a06-3b0dc81240fd', '324796c0-febd-4139-bb9e-0fd095b6f323', 'f5b5eecc-9b97-11f0-b7ae-5a93b150659e', '2024-10-06', '937a225d-9d10-11f0-8e8d-b2353c7546ec', '美骨小顔コルギ(90分)', 19000, 'cash', 0, 0, '2024-10-06', '2024-10-06');
INSERT INTO payments (payment_id, customer_id, staff_id, payment_date, service_id, service_name, total_amount, payment_method, cash_amount, card_amount, created_at, updated_at) VALUES ('e58f0f55-d15f-4000-a23d-cfe4f227707a', '0900e455-b4c5-426e-bbb6-9ff852d7cac3', 'cc69b300-9b97-11f0-b7ae-5a93b150659e', '2025-02-02', '2ffd7ad2-9eae-11f0-a8d1-362b931374cc', 'キャビテーション', 6000, 'card', 0, 6000, '2025-02-02', '2025-02-02');
INSERT INTO payments (payment_id, customer_id, staff_id, payment_date, service_id, service_name, total_amount, payment_method, cash_amount, card_amount, created_at, updated_at) VALUES ('da3c4b4b-9937-4c1e-8851-88c4a943ae8d', '1fc49c5d-8f14-44ac-b212-0baf9722a92a', 'cc69b300-9b97-11f0-b7ae-5a93b150659e', '2024-09-02', '7cfc9898-9d10-11f0-8e8d-b2353c7546ec', '美骨小顔コルギ(60分)', 15000, 'cash', 0, 0, '2024-09-02', '2024-09-02');
INSERT INTO payments (payment_id, customer_id, staff_id, payment_date, service_id, service_name, total_amount, payment_method, cash_amount, card_amount, created_at, updated_at) VALUES ('4b846b42-a795-4c19-9006-dc016cc95fca', 'afe196af-21ff-464d-bfee-b9bb9d72922d', 'cc69b300-9b97-11f0-b7ae-5a93b150659e', '2024-09-11', '7cfc9898-9d10-11f0-8e8d-b2353c7546ec', '美骨小顔コルギ(60分)', 15000, 'card', 0, 15000, '2024-09-11', '2024-09-11');
INSERT INTO customer_tickets (customer_ticket_id, customer_id, plan_id, purchase_date, expiry_date, sessions_remaining, purchase_price) VALUES ('0b493a77-3362-464f-9edc-c8be0b556fdb', '11bef297-d857-4c94-84b7-58c107b708f3', '7d0b8322-9eae-11f0-a8d1-362b931374cc', '2024-01-30', '2025-01-29', 5, 25000);
INSERT INTO payments (payment_id, customer_id, staff_id, payment_date, service_name, total_amount, payment_method, cash_amount, card_amount, created_at, updated_at) VALUES ('899ad4cd-832b-40c6-b6ec-8b2963c95c25', '11bef297-d857-4c94-84b7-58c107b708f3', 'f5b5eecc-9b97-11f0-b7ae-5a93b150659e', '2024-01-30', 'キャビテーション5回券', 25000, 'cash', 0, 0, '2024-01-30', '2024-01-30');
INSERT INTO ticket_payments (payment_id, customer_ticket_id, payment_date, amount_paid, payment_method) VALUES ('899ad4cd-832b-40c6-b6ec-8b2963c95c25', '0b493a77-3362-464f-9edc-c8be0b556fdb', '2024-01-30', 25000, 'cash');
INSERT INTO customer_tickets (customer_ticket_id, customer_id, plan_id, purchase_date, expiry_date, sessions_remaining, purchase_price) VALUES ('0dd29232-df82-4ea5-9d5f-04f3f0fc2528', '1ae82d69-ee8c-424b-a5a4-da87feda4e09', '5b17a109-9d29-11f0-8e8d-b2353c7546ec', '2024-12-21', '2025-12-21', 3, 42500);
INSERT INTO payments (payment_id, customer_id, staff_id, payment_date, service_name, total_amount, payment_method, cash_amount, card_amount, created_at, updated_at) VALUES ('31af68b2-a7fc-4daa-ba5a-da2813e82b93', '1ae82d69-ee8c-424b-a5a4-da87feda4e09', 'cc69b300-9b97-11f0-b7ae-5a93b150659e', '2024-12-21', '60分5回券(会員男性)', 42500, 'cash', 0, 0, '2024-12-21', '2024-12-21');
INSERT INTO ticket_payments (payment_id, customer_ticket_id, payment_date, amount_paid, payment_method) VALUES ('31af68b2-a7fc-4daa-ba5a-da2813e82b93', '0dd29232-df82-4ea5-9d5f-04f3f0fc2528', '2024-12-21', 42500, 'cash');
INSERT INTO payments (payment_id, customer_id, staff_id, payment_date, service_id, service_name, total_amount, payment_method, cash_amount, card_amount, created_at, updated_at) VALUES ('9dd9eab0-0c7c-451a-aeb9-132075f3035d', 'baa50e29-0f30-4715-91ef-c05e2cb2706b', 'f5b5eecc-9b97-11f0-b7ae-5a93b150659e', '2025-09-21', '937a225d-9d10-11f0-8e8d-b2353c7546ec', '美骨小顔コルギ(90分)', 19000, 'cash', 0, 0, '2025-09-21', '2025-09-21');
INSERT INTO customer_tickets (customer_ticket_id, customer_id, plan_id, purchase_date, expiry_date, sessions_remaining, purchase_price) VALUES ('fb1e6041-0c6b-468f-8863-b9435c58d4ba', '70efd43e-9cff-4dbb-890f-7ecc502981d2', '5b17a109-9d29-11f0-8e8d-b2353c7546ec', '2025-07-10', '2026-07-10', 2, 42500);
INSERT INTO payments (payment_id, customer_id, staff_id, payment_date, service_name, total_amount, payment_method, cash_amount, card_amount, created_at, updated_at) VALUES ('35f4394d-7443-45ad-a802-380821e3af12', '70efd43e-9cff-4dbb-890f-7ecc502981d2', 'cc69b300-9b97-11f0-b7ae-5a93b150659e', '2025-07-10', '60分5回券(会員男性)', 42500, 'card', 0, 42500, '2025-07-10', '2025-07-10');
INSERT INTO ticket_payments (payment_id, customer_ticket_id, payment_date, amount_paid, payment_method) VALUES ('35f4394d-7443-45ad-a802-380821e3af12', 'fb1e6041-0c6b-468f-8863-b9435c58d4ba', '2025-07-10', 42500, 'card');
INSERT INTO payments (payment_id, customer_id, staff_id, payment_date, service_id, service_name, total_amount, payment_method, cash_amount, card_amount, created_at, updated_at) VALUES ('0ebf6690-9d7f-4794-854d-4d90be2c9c84', '4e6aa0ef-0769-44c8-89a0-e4191f14b4b9', 'cc69b300-9b97-11f0-b7ae-5a93b150659e', '2024-07-08', '2ffd7ad2-9eae-11f0-a8d1-362b931374cc', 'キャビテーション', 6000, 'cash', 6000, 0, '2024-07-08', '2024-07-08');
INSERT INTO payments (payment_id, customer_id, staff_id, payment_date, service_id, service_name, total_amount, payment_method, cash_amount, card_amount, created_at, updated_at) VALUES ('b40aa10a-cbbe-4d8b-ba93-f41894037c8a', 'caa08af1-50e4-4672-b0d3-0b89d1a7ac08', 'cc69b300-9b97-11f0-b7ae-5a93b150659e', '2025-01-20', '7cfc9898-9d10-11f0-8e8d-b2353c7546ec', '美骨小顔コルギ(60分)', 15000, 'cash', 0, 0, '2025-01-20', '2025-01-20');
INSERT INTO payments (payment_id, customer_id, staff_id, payment_date, service_id, service_name, total_amount, payment_method, cash_amount, card_amount, created_at, updated_at) VALUES ('6d4a97b9-7e11-4493-b00c-20f3d1af6c28', 'd48499d8-03ff-4d00-814b-a43b5ef1f9cb', 'cc69b300-9b97-11f0-b7ae-5a93b150659e', '2025-12-05', '7cfc9898-9d10-11f0-8e8d-b2353c7546ec', '美骨小顔コルギ(60分)', 15000, 'cash', 15000, 0, '2025-12-05', '2025-12-05');
INSERT INTO customer_tickets (customer_ticket_id, customer_id, plan_id, purchase_date, expiry_date, sessions_remaining, purchase_price) VALUES ('01ee82d3-23c7-4519-921f-7ea78de4ad32', 'ab19345d-dcdd-44ee-be38-5420bc4bf673', '6d51a07c-9eae-11f0-a8d1-362b931374cc', '2024-11-10', '2025-11-10', 8, 16500);
INSERT INTO payments (payment_id, customer_id, staff_id, payment_date, service_name, total_amount, payment_method, cash_amount, card_amount, created_at, updated_at) VALUES ('d2d1e1fd-05c1-4f73-bb4a-3060ef275520', 'ab19345d-dcdd-44ee-be38-5420bc4bf673', 'cc69b300-9b97-11f0-b7ae-5a93b150659e', '2024-11-10', 'キャビテーション3回券', 16500, 'cash', 0, 0, '2024-11-10', '2024-11-10');
INSERT INTO ticket_payments (payment_id, customer_ticket_id, payment_date, amount_paid, payment_method) VALUES ('d2d1e1fd-05c1-4f73-bb4a-3060ef275520', '01ee82d3-23c7-4519-921f-7ea78de4ad32', '2024-11-10', 16500, 'cash');
INSERT INTO customer_tickets (customer_ticket_id, customer_id, plan_id, purchase_date, expiry_date, sessions_remaining, purchase_price) VALUES ('6c7d0865-1159-4f62-b5fe-dece9e5b910f', 'f0a006b8-802d-42e0-b7e2-93eddcfb4cb4', '6d51a07c-9eae-11f0-a8d1-362b931374cc', '2024-09-27', '2025-09-27', 4, 16500);
INSERT INTO payments (payment_id, customer_id, staff_id, payment_date, service_name, total_amount, payment_method, cash_amount, card_amount, created_at, updated_at) VALUES ('060a8c48-1503-44b6-89a8-cc45bbcdeb71', 'f0a006b8-802d-42e0-b7e2-93eddcfb4cb4', 'cc69b300-9b97-11f0-b7ae-5a93b150659e', '2024-09-27', 'キャビテーション3回券', 16500, 'cash', 0, 0, '2024-09-27', '2024-09-27');
INSERT INTO ticket_payments (payment_id, customer_ticket_id, payment_date, amount_paid, payment_method) VALUES ('060a8c48-1503-44b6-89a8-cc45bbcdeb71', '6c7d0865-1159-4f62-b5fe-dece9e5b910f', '2024-09-27', 16500, 'cash');
INSERT INTO payments (payment_id, customer_id, staff_id, payment_date, service_id, service_name, total_amount, payment_method, cash_amount, card_amount, created_at, updated_at) VALUES ('51fa629e-63cd-46c3-a0d6-b1a38e6efaa7', 'b02b238f-a5f6-41f3-b8de-6111b0d1889b', 'deabe83a-9b97-11f0-b7ae-5a93b150659e', '2024-03-29', '937a225d-9d10-11f0-8e8d-b2353c7546ec', '美骨小顔コルギ(90分)', 19000, 'cash', 19000, 0, '2024-03-29', '2024-03-29');
INSERT INTO payments (payment_id, customer_id, staff_id, payment_date, service_id, service_name, total_amount, payment_method, cash_amount, card_amount, created_at, updated_at) VALUES ('8a511371-9557-4781-b444-d19386c8eb27', 'f3c3d835-948f-4039-b01e-f9858addbfd2', 'cc69b300-9b97-11f0-b7ae-5a93b150659e', '2025-01-08', '7cfc9898-9d10-11f0-8e8d-b2353c7546ec', '美骨小顔コルギ(60分)', 15000, 'card', 0, 15000, '2025-01-08', '2025-01-08');
INSERT INTO payments (payment_id, customer_id, staff_id, payment_date, service_id, service_name, total_amount, payment_method, cash_amount, card_amount, created_at, updated_at) VALUES ('5421d72e-070a-4f6b-a214-ba17514baf7e', 'b02b238f-a5f6-41f3-b8de-6111b0d1889b', 'f5b5eecc-9b97-11f0-b7ae-5a93b150659e', '2024-08-26', '937a225d-9d10-11f0-8e8d-b2353c7546ec', '美骨小顔コルギ(90分)', 19000, 'cash', 19000, 0, '2024-08-26', '2024-08-26');
INSERT INTO payments (payment_id, customer_id, staff_id, payment_date, service_id, service_name, total_amount, payment_method, cash_amount, card_amount, created_at, updated_at) VALUES ('25cf1c64-e981-4d0e-895e-9433ce84ece5', '0afe0d0a-dacd-4e62-90a9-3fde0f0d54d1', 'f5b5eecc-9b97-11f0-b7ae-5a93b150659e', '2024-09-11', '2ffd7ad2-9eae-11f0-a8d1-362b931374cc', 'キャビテーション', 6000, 'cash', 6000, 0, '2024-09-11', '2024-09-11');
INSERT INTO payments (payment_id, customer_id, staff_id, payment_date, service_id, service_name, total_amount, payment_method, cash_amount, card_amount, created_at, updated_at) VALUES ('a0257fc4-8ef4-4190-b846-1e42342e6285', '0707e314-129a-4faf-babd-f8f50f59b655', 'cc69b300-9b97-11f0-b7ae-5a93b150659e', '2025-11-04', '937a225d-9d10-11f0-8e8d-b2353c7546ec', '美骨小顔コルギ(90分)', 19000, 'cash', 19000, 0, '2025-11-04', '2025-11-04');
INSERT INTO payments (payment_id, customer_id, staff_id, payment_date, service_id, service_name, total_amount, payment_method, cash_amount, card_amount, created_at, updated_at) VALUES ('c0ed1cd8-517a-4c34-8e39-5066c8b55337', '38096f24-20d5-4955-8030-6600a6e2c559', 'f5b5eecc-9b97-11f0-b7ae-5a93b150659e', '2024-08-04', '2ffd7ad2-9eae-11f0-a8d1-362b931374cc', 'キャビテーション', 6000, 'card', 0, 6000, '2024-08-04', '2024-08-04');
INSERT INTO payments (payment_id, customer_id, staff_id, payment_date, service_id, service_name, total_amount, payment_method, cash_amount, card_amount, created_at, updated_at) VALUES ('cbf15f5a-13f7-4ceb-a98a-3bd6a03c2412', 'c8f25991-3289-43d7-8c17-5682cdd75890', 'cc69b300-9b97-11f0-b7ae-5a93b150659e', '2025-06-18', '2ffd7ad2-9eae-11f0-a8d1-362b931374cc', 'キャビテーション', 6000, 'cash', 6000, 0, '2025-06-18', '2025-06-18');
INSERT INTO customer_tickets (customer_ticket_id, customer_id, plan_id, purchase_date, expiry_date, sessions_remaining, purchase_price) VALUES ('085289e8-c770-4d79-ac03-c2c88c29fadc', 'df610126-78b4-45ac-803c-b3e95f980504', '7d0b8322-9eae-11f0-a8d1-362b931374cc', '2025-12-27', '2026-12-27', 5, 25000);
INSERT INTO payments (payment_id, customer_id, staff_id, payment_date, service_name, total_amount, payment_method, cash_amount, card_amount, created_at, updated_at) VALUES ('6cb019c2-130c-4584-b41a-480227e5ce42', 'df610126-78b4-45ac-803c-b3e95f980504', 'f5b5eecc-9b97-11f0-b7ae-5a93b150659e', '2025-12-27', 'キャビテーション5回券', 25000, 'card', 0, 25000, '2025-12-27', '2025-12-27');
INSERT INTO ticket_payments (payment_id, customer_ticket_id, payment_date, amount_paid, payment_method) VALUES ('6cb019c2-130c-4584-b41a-480227e5ce42', '085289e8-c770-4d79-ac03-c2c88c29fadc', '2025-12-27', 25000, 'card');
INSERT INTO customer_tickets (customer_ticket_id, customer_id, plan_id, purchase_date, expiry_date, sessions_remaining, purchase_price) VALUES ('e91eb483-7749-45d8-a285-15fbfa15892c', 'fa6a69d1-61f3-41d8-9c50-197b00480dda', '6d51a07c-9eae-11f0-a8d1-362b931374cc', '2024-05-21', '2025-05-21', 9, 16500);
INSERT INTO payments (payment_id, customer_id, staff_id, payment_date, service_name, total_amount, payment_method, cash_amount, card_amount, created_at, updated_at) VALUES ('a8334554-df2f-4ff4-9c19-ea5e1e3b7afa', 'fa6a69d1-61f3-41d8-9c50-197b00480dda', 'deabe83a-9b97-11f0-b7ae-5a93b150659e', '2024-05-21', 'キャビテーション3回券', 16500, 'cash', 0, 0, '2024-05-21', '2024-05-21');
INSERT INTO ticket_payments (payment_id, customer_ticket_id, payment_date, amount_paid, payment_method) VALUES ('a8334554-df2f-4ff4-9c19-ea5e1e3b7afa', 'e91eb483-7749-45d8-a285-15fbfa15892c', '2024-05-21', 16500, 'cash');
INSERT INTO payments (payment_id, customer_id, staff_id, payment_date, service_id, service_name, total_amount, payment_method, cash_amount, card_amount, created_at, updated_at) VALUES ('a72fd58a-309f-4345-8f91-8019f3cc02ac', '5f521a0f-74a7-4284-be41-7d9b68f32477', 'deabe83a-9b97-11f0-b7ae-5a93b150659e', '2024-06-14', '937a225d-9d10-11f0-8e8d-b2353c7546ec', '美骨小顔コルギ(90分)', 19000, 'cash', 19000, 0, '2024-06-14', '2024-06-14');
INSERT INTO customer_tickets (customer_ticket_id, customer_id, plan_id, purchase_date, expiry_date, sessions_remaining, purchase_price) VALUES ('6980e0cf-37f2-4913-be4d-a4be8efa25a3', '18558043-0b3c-450e-bf03-cfddb0370091', '5b17a109-9d29-11f0-8e8d-b2353c7546ec', '2025-10-09', '2026-10-09', 2, 42500);
INSERT INTO payments (payment_id, customer_id, staff_id, payment_date, service_name, total_amount, payment_method, cash_amount, card_amount, created_at, updated_at) VALUES ('2860efa7-18ed-4140-85c4-355d74571328', '18558043-0b3c-450e-bf03-cfddb0370091', 'deabe83a-9b97-11f0-b7ae-5a93b150659e', '2025-10-09', '60分5回券(会員男性)', 42500, 'cash', 0, 0, '2025-10-09', '2025-10-09');
INSERT INTO ticket_payments (payment_id, customer_ticket_id, payment_date, amount_paid, payment_method) VALUES ('2860efa7-18ed-4140-85c4-355d74571328', '6980e0cf-37f2-4913-be4d-a4be8efa25a3', '2025-10-09', 42500, 'cash');
INSERT INTO customer_tickets (customer_ticket_id, customer_id, plan_id, purchase_date, expiry_date, sessions_remaining, purchase_price) VALUES ('fc14dd01-744e-410d-a876-e571b833d3f3', 'e0908974-12e9-44df-ab0d-4613f7368112', '7d0b8322-9eae-11f0-a8d1-362b931374cc', '2025-12-28', '2026-12-28', 1, 25000);
INSERT INTO payments (payment_id, customer_id, staff_id, payment_date, service_name, total_amount, payment_method, cash_amount, card_amount, created_at, updated_at) VALUES ('7ab46971-7c3c-4027-9e64-c49b1fffd3bb', 'e0908974-12e9-44df-ab0d-4613f7368112', 'deabe83a-9b97-11f0-b7ae-5a93b150659e', '2025-12-28', 'キャビテーション5回券', 25000, 'card', 0, 25000, '2025-12-28', '2025-12-28');
INSERT INTO ticket_payments (payment_id, customer_ticket_id, payment_date, amount_paid, payment_method) VALUES ('7ab46971-7c3c-4027-9e64-c49b1fffd3bb', 'fc14dd01-744e-410d-a876-e571b833d3f3', '2025-12-28', 25000, 'card');
INSERT INTO payments (payment_id, customer_id, staff_id, payment_date, service_id, service_name, total_amount, payment_method, cash_amount, card_amount, created_at, updated_at) VALUES ('1d5cf3ee-c3bb-4f49-952d-a678179720c5', 'caa08af1-50e4-4672-b0d3-0b89d1a7ac08', 'cc69b300-9b97-11f0-b7ae-5a93b150659e', '2024-11-15', '7cfc9898-9d10-11f0-8e8d-b2353c7546ec', '美骨小顔コルギ(60分)', 15000, 'card', 0, 15000, '2024-11-15', '2024-11-15');
INSERT INTO customer_tickets (customer_ticket_id, customer_id, plan_id, purchase_date, expiry_date, sessions_remaining, purchase_price) VALUES ('376d4c53-e4bb-48f2-a764-ac7f4f237039', 'a18b6cd3-0dfe-4231-9a91-4948cdfad1b5', '5b17a109-9d29-11f0-8e8d-b2353c7546ec', '2024-09-21', '2025-09-21', 5, 42500);
INSERT INTO payments (payment_id, customer_id, staff_id, payment_date, service_name, total_amount, payment_method, cash_amount, card_amount, created_at, updated_at) VALUES ('c4e9fded-4842-4f6c-9f65-fcd32cab85f6', 'a18b6cd3-0dfe-4231-9a91-4948cdfad1b5', 'cc69b300-9b97-11f0-b7ae-5a93b150659e', '2024-09-21', '60分5回券(会員男性)', 42500, 'cash', 0, 0, '2024-09-21', '2024-09-21');
INSERT INTO ticket_payments (payment_id, customer_ticket_id, payment_date, amount_paid, payment_method) VALUES ('c4e9fded-4842-4f6c-9f65-fcd32cab85f6', '376d4c53-e4bb-48f2-a764-ac7f4f237039', '2024-09-21', 42500, 'cash');
INSERT INTO payments (payment_id, customer_id, staff_id, payment_date, service_id, service_name, total_amount, payment_method, cash_amount, card_amount, created_at, updated_at) VALUES ('d3c82c34-573d-4a0f-8423-0a4b658848c0', '80227226-45e9-416f-8e87-1c73aebecd9f', 'cc69b300-9b97-11f0-b7ae-5a93b150659e', '2024-11-28', '2ffd7ad2-9eae-11f0-a8d1-362b931374cc', 'キャビテーション', 6000, 'cash', 0, 0, '2024-11-28', '2024-11-28');
INSERT INTO payments (payment_id, customer_id, staff_id, payment_date, service_id, service_name, total_amount, payment_method, cash_amount, card_amount, created_at, updated_at) VALUES ('b12e52cc-256a-4838-afb0-2e6cc49599d7', '1a5f7c16-ef58-4b34-a104-d78921ccc575', 'f5b5eecc-9b97-11f0-b7ae-5a93b150659e', '2024-05-14', '7cfc9898-9d10-11f0-8e8d-b2353c7546ec', '美骨小顔コルギ(60分)', 15000, 'cash', 0, 0, '2024-05-14', '2024-05-14');
INSERT INTO payments (payment_id, customer_id, staff_id, payment_date, service_id, service_name, total_amount, payment_method, cash_amount, card_amount, created_at, updated_at) VALUES ('831ca049-fae0-4c5a-a1c4-a8ffe1883084', '5430c417-abaa-46b3-bfb0-3fde199ae5db', 'deabe83a-9b97-11f0-b7ae-5a93b150659e', '2025-05-06', '2ffd7ad2-9eae-11f0-a8d1-362b931374cc', 'キャビテーション', 6000, 'card', 0, 6000, '2025-05-06', '2025-05-06');
INSERT INTO payments (payment_id, customer_id, staff_id, payment_date, service_id, service_name, total_amount, payment_method, cash_amount, card_amount, created_at, updated_at) VALUES ('75529e19-0b15-42c9-939d-c76d10204e89', 'bda602e1-c69a-496c-a58a-c5677c605d49', 'f5b5eecc-9b97-11f0-b7ae-5a93b150659e', '2024-11-08', '2ffd7ad2-9eae-11f0-a8d1-362b931374cc', 'キャビテーション', 6000, 'cash', 6000, 0, '2024-11-08', '2024-11-08');
INSERT INTO payments (payment_id, customer_id, staff_id, payment_date, service_id, service_name, total_amount, payment_method, cash_amount, card_amount, created_at, updated_at) VALUES ('abdfeed9-76c0-42c3-a6b1-36ee8ec8e27c', '55f4a889-d991-400b-9715-5cd2aa2143b1', 'deabe83a-9b97-11f0-b7ae-5a93b150659e', '2024-11-13', '937a225d-9d10-11f0-8e8d-b2353c7546ec', '美骨小顔コルギ(90分)', 19000, 'card', 0, 19000, '2024-11-13', '2024-11-13');
INSERT INTO customer_tickets (customer_ticket_id, customer_id, plan_id, purchase_date, expiry_date, sessions_remaining, purchase_price) VALUES ('f9bbcbd5-faac-4e47-9405-4ad42696b1a2', 'af9f8277-950a-4de7-a9b4-54143c5fbc75', '5b17a109-9d29-11f0-8e8d-b2353c7546ec', '2025-12-15', '2026-12-15', 10, 42500);
INSERT INTO payments (payment_id, customer_id, staff_id, payment_date, service_name, total_amount, payment_method, cash_amount, card_amount, created_at, updated_at) VALUES ('5c77d5ee-46fd-4bef-b0a3-a6eba9549f01', 'af9f8277-950a-4de7-a9b4-54143c5fbc75', 'cc69b300-9b97-11f0-b7ae-5a93b150659e', '2025-12-15', '60分5回券(会員男性)', 42500, 'cash', 42500, 0, '2025-12-15', '2025-12-15');
INSERT INTO ticket_payments (payment_id, customer_ticket_id, payment_date, amount_paid, payment_method) VALUES ('5c77d5ee-46fd-4bef-b0a3-a6eba9549f01', 'f9bbcbd5-faac-4e47-9405-4ad42696b1a2', '2025-12-15', 42500, 'cash');
INSERT INTO payments (payment_id, customer_id, staff_id, payment_date, service_id, service_name, total_amount, payment_method, cash_amount, card_amount, created_at, updated_at) VALUES ('8cd0f39b-f17d-425a-a627-3941d044c4d5', 'fe218f93-e43a-4315-b987-8e968a22eb6f', 'f5b5eecc-9b97-11f0-b7ae-5a93b150659e', '2025-09-03', '937a225d-9d10-11f0-8e8d-b2353c7546ec', '美骨小顔コルギ(90分)', 19000, 'cash', 0, 0, '2025-09-03', '2025-09-03');
INSERT INTO payments (payment_id, customer_id, staff_id, payment_date, service_id, service_name, total_amount, payment_method, cash_amount, card_amount, created_at, updated_at) VALUES ('b5a8ab08-0a42-40fb-be67-516d841eee05', '3142172f-dff2-4f47-a0db-bc31e30367a0', 'deabe83a-9b97-11f0-b7ae-5a93b150659e', '2024-05-02', '7cfc9898-9d10-11f0-8e8d-b2353c7546ec', '美骨小顔コルギ(60分)', 15000, 'cash', 15000, 0, '2024-05-02', '2024-05-02');
INSERT INTO payments (payment_id, customer_id, staff_id, payment_date, service_id, service_name, total_amount, payment_method, cash_amount, card_amount, created_at, updated_at) VALUES ('7151bb8e-3074-47c9-a9c3-1e7cbf271192', '15f6527b-0dd8-4b1c-ab53-c9c50d90f1dc', 'f5b5eecc-9b97-11f0-b7ae-5a93b150659e', '2024-03-13', '2ffd7ad2-9eae-11f0-a8d1-362b931374cc', 'キャビテーション', 6000, 'cash', 6000, 0, '2024-03-13', '2024-03-13');
INSERT INTO customer_tickets (customer_ticket_id, customer_id, plan_id, purchase_date, expiry_date, sessions_remaining, purchase_price) VALUES ('76f9d8a2-e270-4d8e-a6ca-4f12d98835de', '7ba9a7d9-9c01-4678-8a90-e518fa02d1db', '7d0b8322-9eae-11f0-a8d1-362b931374cc', '2024-03-29', '2025-03-29', 3, 25000);
INSERT INTO payments (payment_id, customer_id, staff_id, payment_date, service_name, total_amount, payment_method, cash_amount, card_amount, created_at, updated_at) VALUES ('b6597d99-e30a-4c6c-8e12-723a60be974b', '7ba9a7d9-9c01-4678-8a90-e518fa02d1db', 'f5b5eecc-9b97-11f0-b7ae-5a93b150659e', '2024-03-29', 'キャビテーション5回券', 25000, 'cash', 0, 0, '2024-03-29', '2024-03-29');
INSERT INTO ticket_payments (payment_id, customer_ticket_id, payment_date, amount_paid, payment_method) VALUES ('b6597d99-e30a-4c6c-8e12-723a60be974b', '76f9d8a2-e270-4d8e-a6ca-4f12d98835de', '2024-03-29', 25000, 'cash');
INSERT INTO customer_tickets (customer_ticket_id, customer_id, plan_id, purchase_date, expiry_date, sessions_remaining, purchase_price) VALUES ('34e499da-6125-47ce-829b-360562633fbe', 'edb3a1cd-40c8-4957-9989-4262a5529c72', '6d51a07c-9eae-11f0-a8d1-362b931374cc', '2025-10-04', '2026-10-04', 8, 16500);
INSERT INTO payments (payment_id, customer_id, staff_id, payment_date, service_name, total_amount, payment_method, cash_amount, card_amount, created_at, updated_at) VALUES ('4dde0b53-d6c9-47f3-99d3-cbec2b1a8cac', 'edb3a1cd-40c8-4957-9989-4262a5529c72', 'f5b5eecc-9b97-11f0-b7ae-5a93b150659e', '2025-10-04', 'キャビテーション3回券', 16500, 'cash', 16500, 0, '2025-10-04', '2025-10-04');
INSERT INTO ticket_payments (payment_id, customer_ticket_id, payment_date, amount_paid, payment_method) VALUES ('4dde0b53-d6c9-47f3-99d3-cbec2b1a8cac', '34e499da-6125-47ce-829b-360562633fbe', '2025-10-04', 16500, 'cash');
INSERT INTO customer_tickets (customer_ticket_id, customer_id, plan_id, purchase_date, expiry_date, sessions_remaining, purchase_price) VALUES ('b35cf45c-ff48-43a1-b9e5-db1faadd3b00', 'd7c78419-8b83-4244-8109-458c588d8687', '6d51a07c-9eae-11f0-a8d1-362b931374cc', '2025-02-09', '2026-02-09', 1, 16500);
INSERT INTO payments (payment_id, customer_id, staff_id, payment_date, service_name, total_amount, payment_method, cash_amount, card_amount, created_at, updated_at) VALUES ('d2c8bd48-5dcf-48ba-aef2-32ec22209763', 'd7c78419-8b83-4244-8109-458c588d8687', 'cc69b300-9b97-11f0-b7ae-5a93b150659e', '2025-02-09', 'キャビテーション3回券', 16500, 'cash', 0, 0, '2025-02-09', '2025-02-09');
INSERT INTO ticket_payments (payment_id, customer_ticket_id, payment_date, amount_paid, payment_method) VALUES ('d2c8bd48-5dcf-48ba-aef2-32ec22209763', 'b35cf45c-ff48-43a1-b9e5-db1faadd3b00', '2025-02-09', 16500, 'cash');
INSERT INTO payments (payment_id, customer_id, staff_id, payment_date, service_id, service_name, total_amount, payment_method, cash_amount, card_amount, created_at, updated_at) VALUES ('578241e7-3559-4262-9bc0-9f2876493c62', '182da54d-02ab-46fc-90a2-fa61eb5904f7', 'f5b5eecc-9b97-11f0-b7ae-5a93b150659e', '2024-06-04', '2ffd7ad2-9eae-11f0-a8d1-362b931374cc', 'キャビテーション', 6000, 'cash', 0, 0, '2024-06-04', '2024-06-04');
INSERT INTO customer_tickets (customer_ticket_id, customer_id, plan_id, purchase_date, expiry_date, sessions_remaining, purchase_price) VALUES ('00725933-71a2-4c68-ab01-c3e42f899bcc', '2055e1f1-cc53-4dba-8fc9-de537471fb6e', '7d0b8322-9eae-11f0-a8d1-362b931374cc', '2024-11-22', '2025-11-22', 2, 25000);
INSERT INTO payments (payment_id, customer_id, staff_id, payment_date, service_name, total_amount, payment_method, cash_amount, card_amount, created_at, updated_at) VALUES ('41544381-7e50-4d0a-ba3b-045fb7af3319', '2055e1f1-cc53-4dba-8fc9-de537471fb6e', 'f5b5eecc-9b97-11f0-b7ae-5a93b150659e', '2024-11-22', 'キャビテーション5回券', 25000, 'card', 0, 25000, '2024-11-22', '2024-11-22');
INSERT INTO ticket_payments (payment_id, customer_ticket_id, payment_date, amount_paid, payment_method) VALUES ('41544381-7e50-4d0a-ba3b-045fb7af3319', '00725933-71a2-4c68-ab01-c3e42f899bcc', '2024-11-22', 25000, 'card');
INSERT INTO customer_tickets (customer_ticket_id, customer_id, plan_id, purchase_date, expiry_date, sessions_remaining, purchase_price) VALUES ('6be470c9-4372-4f5a-82d6-0c106fa182e1', '182da54d-02ab-46fc-90a2-fa61eb5904f7', '7d0b8322-9eae-11f0-a8d1-362b931374cc', '2024-12-12', '2025-12-12', 1, 25000);
INSERT INTO payments (payment_id, customer_id, staff_id, payment_date, service_name, total_amount, payment_method, cash_amount, card_amount, created_at, updated_at) VALUES ('012f0783-7aec-49b2-8d7e-f7b992710afb', '182da54d-02ab-46fc-90a2-fa61eb5904f7', 'deabe83a-9b97-11f0-b7ae-5a93b150659e', '2024-12-12', 'キャビテーション5回券', 25000, 'cash', 0, 0, '2024-12-12', '2024-12-12');
INSERT INTO ticket_payments (payment_id, customer_ticket_id, payment_date, amount_paid, payment_method) VALUES ('012f0783-7aec-49b2-8d7e-f7b992710afb', '6be470c9-4372-4f5a-82d6-0c106fa182e1', '2024-12-12', 25000, 'cash');
INSERT INTO payments (payment_id, customer_id, staff_id, payment_date, service_id, service_name, total_amount, payment_method, cash_amount, card_amount, created_at, updated_at) VALUES ('bb3649fc-43ef-4264-ba88-2d246ef7a23b', '34698cf9-002e-498a-bbc0-cd9c7bf8e071', 'f5b5eecc-9b97-11f0-b7ae-5a93b150659e', '2024-12-07', '7cfc9898-9d10-11f0-8e8d-b2353c7546ec', '美骨小顔コルギ(60分)', 15000, 'cash', 15000, 0, '2024-12-07', '2024-12-07');
INSERT INTO customer_tickets (customer_ticket_id, customer_id, plan_id, purchase_date, expiry_date, sessions_remaining, purchase_price) VALUES ('6517cc32-17bb-424b-8d0e-3ba710840e44', '74e7aa9f-ec0e-4104-8a1d-5bc6e3e93fae', '5b17a109-9d29-11f0-8e8d-b2353c7546ec', '2025-10-21', '2026-10-21', 2, 42500);
INSERT INTO payments (payment_id, customer_id, staff_id, payment_date, service_name, total_amount, payment_method, cash_amount, card_amount, created_at, updated_at) VALUES ('20ae627a-e0db-4660-8795-50dac299380e', '74e7aa9f-ec0e-4104-8a1d-5bc6e3e93fae', 'f5b5eecc-9b97-11f0-b7ae-5a93b150659e', '2025-10-21', '60分5回券(会員男性)', 42500, 'cash', 0, 0, '2025-10-21', '2025-10-21');
INSERT INTO ticket_payments (payment_id, customer_ticket_id, payment_date, amount_paid, payment_method) VALUES ('20ae627a-e0db-4660-8795-50dac299380e', '6517cc32-17bb-424b-8d0e-3ba710840e44', '2025-10-21', 42500, 'cash');
INSERT INTO payments (payment_id, customer_id, staff_id, payment_date, service_id, service_name, total_amount, payment_method, cash_amount, card_amount, created_at, updated_at) VALUES ('fe2daf75-1b04-4c44-a95d-c3b89d2dea5a', 'e8f615bb-837c-4e0f-ba43-04feb135967e', 'deabe83a-9b97-11f0-b7ae-5a93b150659e', '2024-03-22', '937a225d-9d10-11f0-8e8d-b2353c7546ec', '美骨小顔コルギ(90分)', 19000, 'cash', 0, 0, '2024-03-22', '2024-03-22');
INSERT INTO payments (payment_id, customer_id, staff_id, payment_date, service_id, service_name, total_amount, payment_method, cash_amount, card_amount, created_at, updated_at) VALUES ('8580fcc4-99c3-47f4-b883-6e01ffc591fd', 'b65c3b0a-8487-462b-8464-f1abb402a53d', 'deabe83a-9b97-11f0-b7ae-5a93b150659e', '2025-03-07', '2ffd7ad2-9eae-11f0-a8d1-362b931374cc', 'キャビテーション', 6000, 'cash', 6000, 0, '2025-03-07', '2025-03-07');
INSERT INTO payments (payment_id, customer_id, staff_id, payment_date, service_id, service_name, total_amount, payment_method, cash_amount, card_amount, created_at, updated_at) VALUES ('f01aab10-fc90-42f9-a973-592508ea08c7', '11bef297-d857-4c94-84b7-58c107b708f3', 'cc69b300-9b97-11f0-b7ae-5a93b150659e', '2024-01-01', '7cfc9898-9d10-11f0-8e8d-b2353c7546ec', '美骨小顔コルギ(60分)', 15000, 'cash', 15000, 0, '2024-01-01', '2024-01-01');
INSERT INTO payments (payment_id, customer_id, staff_id, payment_date, service_id, service_name, total_amount, payment_method, cash_amount, card_amount, created_at, updated_at) VALUES ('7dee5c1d-a2a4-4583-925a-5cda26aedadd', 'd22bf811-e177-4cf2-82e9-3c223da9a431', 'f5b5eecc-9b97-11f0-b7ae-5a93b150659e', '2024-02-15', '7cfc9898-9d10-11f0-8e8d-b2353c7546ec', '美骨小顔コルギ(60分)', 15000, 'cash', 15000, 0, '2024-02-15', '2024-02-15');
INSERT INTO customer_tickets (customer_ticket_id, customer_id, plan_id, purchase_date, expiry_date, sessions_remaining, purchase_price) VALUES ('5bb4481d-df71-4282-9586-96d3fd4d37c2', '2a0bf9d4-d324-46ec-a95a-df109bc94c54', '5b17a109-9d29-11f0-8e8d-b2353c7546ec', '2024-12-09', '2025-12-09', 9, 42500);
INSERT INTO payments (payment_id, customer_id, staff_id, payment_date, service_name, total_amount, payment_method, cash_amount, card_amount, created_at, updated_at) VALUES ('5f6a7b9c-33dc-4465-ab75-ab5250412c45', '2a0bf9d4-d324-46ec-a95a-df109bc94c54', 'deabe83a-9b97-11f0-b7ae-5a93b150659e', '2024-12-09', '60分5回券(会員男性)', 42500, 'cash', 0, 0, '2024-12-09', '2024-12-09');
INSERT INTO ticket_payments (payment_id, customer_ticket_id, payment_date, amount_paid, payment_method) VALUES ('5f6a7b9c-33dc-4465-ab75-ab5250412c45', '5bb4481d-df71-4282-9586-96d3fd4d37c2', '2024-12-09', 42500, 'cash');
INSERT INTO payments (payment_id, customer_id, staff_id, payment_date, service_id, service_name, total_amount, payment_method, cash_amount, card_amount, created_at, updated_at) VALUES ('3579907f-4e0b-41e8-a113-f61c5c123aeb', '2055e1f1-cc53-4dba-8fc9-de537471fb6e', 'f5b5eecc-9b97-11f0-b7ae-5a93b150659e', '2024-12-11', '7cfc9898-9d10-11f0-8e8d-b2353c7546ec', '美骨小顔コルギ(60分)', 15000, 'card', 0, 15000, '2024-12-11', '2024-12-11');
INSERT INTO customer_tickets (customer_ticket_id, customer_id, plan_id, purchase_date, expiry_date, sessions_remaining, purchase_price) VALUES ('417cff46-9f2e-4df4-9741-29b898ae589f', 'cd0ca976-551d-4012-87a0-a016a6794e86', '6d51a07c-9eae-11f0-a8d1-362b931374cc', '2024-06-27', '2025-06-27', 5, 16500);
INSERT INTO payments (payment_id, customer_id, staff_id, payment_date, service_name, total_amount, payment_method, cash_amount, card_amount, created_at, updated_at) VALUES ('f98e66b1-c54a-470e-a495-ff2469fbad42', 'cd0ca976-551d-4012-87a0-a016a6794e86', 'cc69b300-9b97-11f0-b7ae-5a93b150659e', '2024-06-27', 'キャビテーション3回券', 16500, 'cash', 0, 0, '2024-06-27', '2024-06-27');
INSERT INTO ticket_payments (payment_id, customer_ticket_id, payment_date, amount_paid, payment_method) VALUES ('f98e66b1-c54a-470e-a495-ff2469fbad42', '417cff46-9f2e-4df4-9741-29b898ae589f', '2024-06-27', 16500, 'cash');
INSERT INTO payments (payment_id, customer_id, staff_id, payment_date, service_id, service_name, total_amount, payment_method, cash_amount, card_amount, created_at, updated_at) VALUES ('76b79614-8ee9-4215-9314-d6a87fbc7287', 'cb9bc4b9-210c-41df-a0c7-228d66dd0b3a', 'cc69b300-9b97-11f0-b7ae-5a93b150659e', '2025-03-23', '2ffd7ad2-9eae-11f0-a8d1-362b931374cc', 'キャビテーション', 6000, 'card', 0, 6000, '2025-03-23', '2025-03-23');
INSERT INTO customer_tickets (customer_ticket_id, customer_id, plan_id, purchase_date, expiry_date, sessions_remaining, purchase_price) VALUES ('8aa69822-6524-4615-be09-4bc4a19cd48a', 'cd66d3b2-c0ee-4978-a70a-0adc74e7463e', '6d51a07c-9eae-11f0-a8d1-362b931374cc', '2025-07-01', '2026-07-01', 7, 16500);
INSERT INTO payments (payment_id, customer_id, staff_id, payment_date, service_name, total_amount, payment_method, cash_amount, card_amount, created_at, updated_at) VALUES ('f15b8cb3-979b-4f7f-97b7-65553a8f8c26', 'cd66d3b2-c0ee-4978-a70a-0adc74e7463e', 'f5b5eecc-9b97-11f0-b7ae-5a93b150659e', '2025-07-01', 'キャビテーション3回券', 16500, 'cash', 0, 0, '2025-07-01', '2025-07-01');
INSERT INTO ticket_payments (payment_id, customer_ticket_id, payment_date, amount_paid, payment_method) VALUES ('f15b8cb3-979b-4f7f-97b7-65553a8f8c26', '8aa69822-6524-4615-be09-4bc4a19cd48a', '2025-07-01', 16500, 'cash');
INSERT INTO payments (payment_id, customer_id, staff_id, payment_date, service_id, service_name, total_amount, payment_method, cash_amount, card_amount, created_at, updated_at) VALUES ('e68d611a-34b0-4278-b522-33f3654ffca2', 'ddd79fd0-bd34-4ede-9edd-5c2e5e1e2a6b', 'deabe83a-9b97-11f0-b7ae-5a93b150659e', '2024-02-25', '937a225d-9d10-11f0-8e8d-b2353c7546ec', '美骨小顔コルギ(90分)', 19000, 'card', 0, 19000, '2024-02-25', '2024-02-25');
INSERT INTO payments (payment_id, customer_id, staff_id, payment_date, service_id, service_name, total_amount, payment_method, cash_amount, card_amount, created_at, updated_at) VALUES ('12698272-bfd2-48ed-8eab-d1ce7adeef23', '182da54d-02ab-46fc-90a2-fa61eb5904f7', 'deabe83a-9b97-11f0-b7ae-5a93b150659e', '2025-01-22', '2ffd7ad2-9eae-11f0-a8d1-362b931374cc', 'キャビテーション', 6000, 'card', 0, 6000, '2025-01-22', '2025-01-22');
INSERT INTO payments (payment_id, customer_id, staff_id, payment_date, service_id, service_name, total_amount, payment_method, cash_amount, card_amount, created_at, updated_at) VALUES ('3da978f0-9d07-4f3f-ae00-fe2a195b58d5', '5177c495-b60e-4936-9f33-9492c94311fd', 'f5b5eecc-9b97-11f0-b7ae-5a93b150659e', '2025-08-18', '7cfc9898-9d10-11f0-8e8d-b2353c7546ec', '美骨小顔コルギ(60分)', 15000, 'card', 0, 15000, '2025-08-18', '2025-08-18');
INSERT INTO customer_tickets (customer_ticket_id, customer_id, plan_id, purchase_date, expiry_date, sessions_remaining, purchase_price) VALUES ('f73e4cdf-44c9-4443-8cf1-e36eee52397c', '2576372a-b4d7-470d-a65a-a8e6326c73a0', '6d51a07c-9eae-11f0-a8d1-362b931374cc', '2025-06-26', '2026-06-26', 10, 16500);
INSERT INTO payments (payment_id, customer_id, staff_id, payment_date, service_name, total_amount, payment_method, cash_amount, card_amount, created_at, updated_at) VALUES ('a39f6e9c-7425-4eb7-ab69-6e956fb7951e', '2576372a-b4d7-470d-a65a-a8e6326c73a0', 'cc69b300-9b97-11f0-b7ae-5a93b150659e', '2025-06-26', 'キャビテーション3回券', 16500, 'cash', 0, 0, '2025-06-26', '2025-06-26');
INSERT INTO ticket_payments (payment_id, customer_ticket_id, payment_date, amount_paid, payment_method) VALUES ('a39f6e9c-7425-4eb7-ab69-6e956fb7951e', 'f73e4cdf-44c9-4443-8cf1-e36eee52397c', '2025-06-26', 16500, 'cash');
INSERT INTO payments (payment_id, customer_id, staff_id, payment_date, service_id, service_name, total_amount, payment_method, cash_amount, card_amount, created_at, updated_at) VALUES ('e093c22a-87bf-48d5-acb4-630ec678e215', '5f521a0f-74a7-4284-be41-7d9b68f32477', 'f5b5eecc-9b97-11f0-b7ae-5a93b150659e', '2025-04-26', '2ffd7ad2-9eae-11f0-a8d1-362b931374cc', 'キャビテーション', 6000, 'cash', 0, 0, '2025-04-26', '2025-04-26');
INSERT INTO payments (payment_id, customer_id, staff_id, payment_date, service_id, service_name, total_amount, payment_method, cash_amount, card_amount, created_at, updated_at) VALUES ('93f2890c-9a28-4c73-b2f8-4a1399567ab5', '75b1fffd-95c9-411a-9215-a4ce2899860a', 'deabe83a-9b97-11f0-b7ae-5a93b150659e', '2025-05-21', '7cfc9898-9d10-11f0-8e8d-b2353c7546ec', '美骨小顔コルギ(60分)', 15000, 'cash', 0, 0, '2025-05-21', '2025-05-21');
INSERT INTO customer_tickets (customer_ticket_id, customer_id, plan_id, purchase_date, expiry_date, sessions_remaining, purchase_price) VALUES ('7bc21c84-952b-4941-9fd2-25c26b46eefb', '0900e455-b4c5-426e-bbb6-9ff852d7cac3', '6d51a07c-9eae-11f0-a8d1-362b931374cc', '2025-12-02', '2026-12-02', 2, 16500);
INSERT INTO payments (payment_id, customer_id, staff_id, payment_date, service_name, total_amount, payment_method, cash_amount, card_amount, created_at, updated_at) VALUES ('6497d4ca-96e7-4376-9fc7-f1dacabdf77d', '0900e455-b4c5-426e-bbb6-9ff852d7cac3', 'cc69b300-9b97-11f0-b7ae-5a93b150659e', '2025-12-02', 'キャビテーション3回券', 16500, 'card', 0, 16500, '2025-12-02', '2025-12-02');
INSERT INTO ticket_payments (payment_id, customer_ticket_id, payment_date, amount_paid, payment_method) VALUES ('6497d4ca-96e7-4376-9fc7-f1dacabdf77d', '7bc21c84-952b-4941-9fd2-25c26b46eefb', '2025-12-02', 16500, 'card');
INSERT INTO payments (payment_id, customer_id, staff_id, payment_date, service_id, service_name, total_amount, payment_method, cash_amount, card_amount, created_at, updated_at) VALUES ('f0a6715e-70de-4d8e-9919-f7f276c5e696', 'caa08af1-50e4-4672-b0d3-0b89d1a7ac08', 'f5b5eecc-9b97-11f0-b7ae-5a93b150659e', '2025-09-25', '2ffd7ad2-9eae-11f0-a8d1-362b931374cc', 'キャビテーション', 6000, 'cash', 0, 0, '2025-09-25', '2025-09-25');
INSERT INTO payments (payment_id, customer_id, staff_id, payment_date, service_id, service_name, total_amount, payment_method, cash_amount, card_amount, created_at, updated_at) VALUES ('c58bf8e3-3458-4e92-819e-69c9ee976f13', '7ba9a7d9-9c01-4678-8a90-e518fa02d1db', 'cc69b300-9b97-11f0-b7ae-5a93b150659e', '2024-03-21', '7cfc9898-9d10-11f0-8e8d-b2353c7546ec', '美骨小顔コルギ(60分)', 15000, 'cash', 15000, 0, '2024-03-21', '2024-03-21');
INSERT INTO payments (payment_id, customer_id, staff_id, payment_date, service_id, service_name, total_amount, payment_method, cash_amount, card_amount, created_at, updated_at) VALUES ('29746522-9bd1-48e8-8a3c-e4a4304e4148', 'cd411240-8ea8-4736-aa09-b6cdf32d0514', 'deabe83a-9b97-11f0-b7ae-5a93b150659e', '2025-11-17', '2ffd7ad2-9eae-11f0-a8d1-362b931374cc', 'キャビテーション', 6000, 'cash', 6000, 0, '2025-11-17', '2025-11-17');
INSERT INTO payments (payment_id, customer_id, staff_id, payment_date, service_id, service_name, total_amount, payment_method, cash_amount, card_amount, created_at, updated_at) VALUES ('98cfd521-353a-4b7b-912e-8a1598bfca7f', '826b8617-2232-4afd-9eb7-01be72c12eb0', 'cc69b300-9b97-11f0-b7ae-5a93b150659e', '2024-02-20', '937a225d-9d10-11f0-8e8d-b2353c7546ec', '美骨小顔コルギ(90分)', 19000, 'cash', 19000, 0, '2024-02-20', '2024-02-20');
INSERT INTO payments (payment_id, customer_id, staff_id, payment_date, service_id, service_name, total_amount, payment_method, cash_amount, card_amount, created_at, updated_at) VALUES ('17f12f91-5994-4658-a4a8-597f2f1e25b0', '4169014a-5d22-4799-bfc5-fe992533d060', 'f5b5eecc-9b97-11f0-b7ae-5a93b150659e', '2024-05-17', '937a225d-9d10-11f0-8e8d-b2353c7546ec', '美骨小顔コルギ(90分)', 19000, 'card', 0, 19000, '2024-05-17', '2024-05-17');
INSERT INTO payments (payment_id, customer_id, staff_id, payment_date, service_id, service_name, total_amount, payment_method, cash_amount, card_amount, created_at, updated_at) VALUES ('cd4cec9c-3bf3-4844-9ae2-2116f8d8912e', '08bf46c8-8166-4991-9f6b-82c399998b74', 'f5b5eecc-9b97-11f0-b7ae-5a93b150659e', '2025-12-28', '7cfc9898-9d10-11f0-8e8d-b2353c7546ec', '美骨小顔コルギ(60分)', 15000, 'cash', 0, 0, '2025-12-28', '2025-12-28');
INSERT INTO payments (payment_id, customer_id, staff_id, payment_date, service_id, service_name, total_amount, payment_method, cash_amount, card_amount, created_at, updated_at) VALUES ('a9a83283-fba7-4ebd-8bbd-291fe0e08bbd', '637a914e-4a16-4861-9b8b-8cf1e848b2bb', 'cc69b300-9b97-11f0-b7ae-5a93b150659e', '2025-09-27', '937a225d-9d10-11f0-8e8d-b2353c7546ec', '美骨小顔コルギ(90分)', 19000, 'cash', 0, 0, '2025-09-27', '2025-09-27');
INSERT INTO payments (payment_id, customer_id, staff_id, payment_date, service_id, service_name, total_amount, payment_method, cash_amount, card_amount, created_at, updated_at) VALUES ('33daad7d-92ac-4f79-a4c5-5f5d15ecad5a', '60ed4116-1a7d-485d-8350-2b55364734ca', 'f5b5eecc-9b97-11f0-b7ae-5a93b150659e', '2025-05-05', '937a225d-9d10-11f0-8e8d-b2353c7546ec', '美骨小顔コルギ(90分)', 19000, 'cash', 0, 0, '2025-05-05', '2025-05-05');
INSERT INTO payments (payment_id, customer_id, staff_id, payment_date, service_id, service_name, total_amount, payment_method, cash_amount, card_amount, created_at, updated_at) VALUES ('0cfc50a5-b741-4484-97bf-0ec70289ea99', '75b1fffd-95c9-411a-9215-a4ce2899860a', 'f5b5eecc-9b97-11f0-b7ae-5a93b150659e', '2024-02-26', '937a225d-9d10-11f0-8e8d-b2353c7546ec', '美骨小顔コルギ(90分)', 19000, 'cash', 0, 0, '2024-02-26', '2024-02-26');
INSERT INTO customer_tickets (customer_ticket_id, customer_id, plan_id, purchase_date, expiry_date, sessions_remaining, purchase_price) VALUES ('519435e0-f0bf-429e-a7fd-5caa9c8d02cc', '5bb5c3e0-cff0-4bd3-8127-10f7bb396cb9', '7d0b8322-9eae-11f0-a8d1-362b931374cc', '2025-04-15', '2026-04-15', 7, 25000);
INSERT INTO payments (payment_id, customer_id, staff_id, payment_date, service_name, total_amount, payment_method, cash_amount, card_amount, created_at, updated_at) VALUES ('d8e47327-f4e5-4a58-9f92-051c7b61c7fe', '5bb5c3e0-cff0-4bd3-8127-10f7bb396cb9', 'deabe83a-9b97-11f0-b7ae-5a93b150659e', '2025-04-15', 'キャビテーション5回券', 25000, 'cash', 25000, 0, '2025-04-15', '2025-04-15');
INSERT INTO ticket_payments (payment_id, customer_ticket_id, payment_date, amount_paid, payment_method) VALUES ('d8e47327-f4e5-4a58-9f92-051c7b61c7fe', '519435e0-f0bf-429e-a7fd-5caa9c8d02cc', '2025-04-15', 25000, 'cash');
INSERT INTO payments (payment_id, customer_id, staff_id, payment_date, service_id, service_name, total_amount, payment_method, cash_amount, card_amount, created_at, updated_at) VALUES ('8df174a4-1844-4ab4-b584-7dc71ae5ac08', '1af2249d-ef6e-4f5e-b99c-5844c1bb75e6', 'f5b5eecc-9b97-11f0-b7ae-5a93b150659e', '2024-12-04', '2ffd7ad2-9eae-11f0-a8d1-362b931374cc', 'キャビテーション', 6000, 'card', 0, 6000, '2024-12-04', '2024-12-04');
INSERT INTO customer_tickets (customer_ticket_id, customer_id, plan_id, purchase_date, expiry_date, sessions_remaining, purchase_price) VALUES ('b0ae4141-58d4-4359-b12d-d4f7def0044c', '2799885e-99a8-4753-9764-205789d730e1', '5b17a109-9d29-11f0-8e8d-b2353c7546ec', '2025-12-23', '2026-12-23', 9, 42500);
INSERT INTO payments (payment_id, customer_id, staff_id, payment_date, service_name, total_amount, payment_method, cash_amount, card_amount, created_at, updated_at) VALUES ('9807a869-7876-4333-accf-e868ada57110', '2799885e-99a8-4753-9764-205789d730e1', 'cc69b300-9b97-11f0-b7ae-5a93b150659e', '2025-12-23', '60分5回券(会員男性)', 42500, 'cash', 0, 0, '2025-12-23', '2025-12-23');
INSERT INTO ticket_payments (payment_id, customer_ticket_id, payment_date, amount_paid, payment_method) VALUES ('9807a869-7876-4333-accf-e868ada57110', 'b0ae4141-58d4-4359-b12d-d4f7def0044c', '2025-12-23', 42500, 'cash');
INSERT INTO payments (payment_id, customer_id, staff_id, payment_date, service_id, service_name, total_amount, payment_method, cash_amount, card_amount, created_at, updated_at) VALUES ('1a96a8ce-e788-435e-ba91-4177b98f21c8', '74ed7838-680b-48df-88b0-59997f54b787', 'deabe83a-9b97-11f0-b7ae-5a93b150659e', '2024-05-10', '2ffd7ad2-9eae-11f0-a8d1-362b931374cc', 'キャビテーション', 6000, 'card', 0, 6000, '2024-05-10', '2024-05-10');
INSERT INTO customer_tickets (customer_ticket_id, customer_id, plan_id, purchase_date, expiry_date, sessions_remaining, purchase_price) VALUES ('6bb75593-1a80-46c7-af5d-bcc1268269dd', 'a58158b8-2ac7-4b1e-be53-5d3a2e4378e6', '6d51a07c-9eae-11f0-a8d1-362b931374cc', '2024-02-27', '2025-02-26', 1, 16500);
INSERT INTO payments (payment_id, customer_id, staff_id, payment_date, service_name, total_amount, payment_method, cash_amount, card_amount, created_at, updated_at) VALUES ('f1f2ac82-bf39-4787-b25d-ff1a405fe7f7', 'a58158b8-2ac7-4b1e-be53-5d3a2e4378e6', 'f5b5eecc-9b97-11f0-b7ae-5a93b150659e', '2024-02-27', 'キャビテーション3回券', 16500, 'cash', 16500, 0, '2024-02-27', '2024-02-27');
INSERT INTO ticket_payments (payment_id, customer_ticket_id, payment_date, amount_paid, payment_method) VALUES ('f1f2ac82-bf39-4787-b25d-ff1a405fe7f7', '6bb75593-1a80-46c7-af5d-bcc1268269dd', '2024-02-27', 16500, 'cash');
INSERT INTO payments (payment_id, customer_id, staff_id, payment_date, service_id, service_name, total_amount, payment_method, cash_amount, card_amount, created_at, updated_at) VALUES ('e512b1ae-65a8-4817-b3e1-a20e0c23d5ce', '0707e314-129a-4faf-babd-f8f50f59b655', 'f5b5eecc-9b97-11f0-b7ae-5a93b150659e', '2024-06-30', '2ffd7ad2-9eae-11f0-a8d1-362b931374cc', 'キャビテーション', 6000, 'cash', 0, 0, '2024-06-30', '2024-06-30');
INSERT INTO payments (payment_id, customer_id, staff_id, payment_date, service_id, service_name, total_amount, payment_method, cash_amount, card_amount, created_at, updated_at) VALUES ('eafc22a9-ba6c-4b3c-90dc-b0bd604a71f4', '55f4a889-d991-400b-9715-5cd2aa2143b1', 'cc69b300-9b97-11f0-b7ae-5a93b150659e', '2025-08-24', '2ffd7ad2-9eae-11f0-a8d1-362b931374cc', 'キャビテーション', 6000, 'cash', 6000, 0, '2025-08-24', '2025-08-24');
INSERT INTO payments (payment_id, customer_id, staff_id, payment_date, service_id, service_name, total_amount, payment_method, cash_amount, card_amount, created_at, updated_at) VALUES ('5ed24db5-d3f1-4fa0-8f08-5b2d0608302c', '7f4596ba-f527-4f21-865b-7222bf3971c5', 'cc69b300-9b97-11f0-b7ae-5a93b150659e', '2025-08-15', '7cfc9898-9d10-11f0-8e8d-b2353c7546ec', '美骨小顔コルギ(60分)', 15000, 'card', 0, 15000, '2025-08-15', '2025-08-15');
INSERT INTO payments (payment_id, customer_id, staff_id, payment_date, service_id, service_name, total_amount, payment_method, cash_amount, card_amount, created_at, updated_at) VALUES ('dab33511-895a-416e-9922-327b806a7951', '7a1b6707-2126-48d9-a6b9-e05e367d74c1', 'deabe83a-9b97-11f0-b7ae-5a93b150659e', '2024-12-28', '7cfc9898-9d10-11f0-8e8d-b2353c7546ec', '美骨小顔コルギ(60分)', 15000, 'cash', 15000, 0, '2024-12-28', '2024-12-28');
INSERT INTO payments (payment_id, customer_id, staff_id, payment_date, service_id, service_name, total_amount, payment_method, cash_amount, card_amount, created_at, updated_at) VALUES ('0e03393f-ea73-4c24-88c9-ec1bf32ceceb', 'aaabf464-29f3-4f98-bf83-30eaf713f013', 'deabe83a-9b97-11f0-b7ae-5a93b150659e', '2024-02-19', '2ffd7ad2-9eae-11f0-a8d1-362b931374cc', 'キャビテーション', 6000, 'cash', 6000, 0, '2024-02-19', '2024-02-19');
INSERT INTO payments (payment_id, customer_id, staff_id, payment_date, service_id, service_name, total_amount, payment_method, cash_amount, card_amount, created_at, updated_at) VALUES ('b5834160-4b1d-43d0-b062-96e87942d3c5', 'c479fc7e-4dce-4e3c-ac1d-a1533a2b3416', 'cc69b300-9b97-11f0-b7ae-5a93b150659e', '2025-09-19', '7cfc9898-9d10-11f0-8e8d-b2353c7546ec', '美骨小顔コルギ(60分)', 15000, 'cash', 0, 0, '2025-09-19', '2025-09-19');
INSERT INTO customer_tickets (customer_ticket_id, customer_id, plan_id, purchase_date, expiry_date, sessions_remaining, purchase_price) VALUES ('48005db5-c4a9-47ad-b345-a33471d01dcc', '73d21f4f-3563-4ef8-868a-6cc44445d29d', '5b17a109-9d29-11f0-8e8d-b2353c7546ec', '2025-08-06', '2026-08-06', 10, 42500);
INSERT INTO payments (payment_id, customer_id, staff_id, payment_date, service_name, total_amount, payment_method, cash_amount, card_amount, created_at, updated_at) VALUES ('f6d8f766-f11d-4df7-978b-ec43886f198a', '73d21f4f-3563-4ef8-868a-6cc44445d29d', 'cc69b300-9b97-11f0-b7ae-5a93b150659e', '2025-08-06', '60分5回券(会員男性)', 42500, 'cash', 42500, 0, '2025-08-06', '2025-08-06');
INSERT INTO ticket_payments (payment_id, customer_ticket_id, payment_date, amount_paid, payment_method) VALUES ('f6d8f766-f11d-4df7-978b-ec43886f198a', '48005db5-c4a9-47ad-b345-a33471d01dcc', '2025-08-06', 42500, 'cash');
INSERT INTO customer_tickets (customer_ticket_id, customer_id, plan_id, purchase_date, expiry_date, sessions_remaining, purchase_price) VALUES ('1afa0416-f5c4-45ac-bcbc-913da1e93996', '11bef297-d857-4c94-84b7-58c107b708f3', '6d51a07c-9eae-11f0-a8d1-362b931374cc', '2025-08-28', '2026-08-28', 1, 16500);
INSERT INTO payments (payment_id, customer_id, staff_id, payment_date, service_name, total_amount, payment_method, cash_amount, card_amount, created_at, updated_at) VALUES ('c299dae0-c5aa-4cd0-afc3-a35adf10f7ae', '11bef297-d857-4c94-84b7-58c107b708f3', 'cc69b300-9b97-11f0-b7ae-5a93b150659e', '2025-08-28', 'キャビテーション3回券', 16500, 'cash', 0, 0, '2025-08-28', '2025-08-28');
INSERT INTO ticket_payments (payment_id, customer_ticket_id, payment_date, amount_paid, payment_method) VALUES ('c299dae0-c5aa-4cd0-afc3-a35adf10f7ae', '1afa0416-f5c4-45ac-bcbc-913da1e93996', '2025-08-28', 16500, 'cash');
INSERT INTO payments (payment_id, customer_id, staff_id, payment_date, service_id, service_name, total_amount, payment_method, cash_amount, card_amount, created_at, updated_at) VALUES ('4d3e3889-621d-4a2d-ab82-faa6278a3664', '74ed7838-680b-48df-88b0-59997f54b787', 'cc69b300-9b97-11f0-b7ae-5a93b150659e', '2024-02-23', '2ffd7ad2-9eae-11f0-a8d1-362b931374cc', 'キャビテーション', 6000, 'card', 0, 6000, '2024-02-23', '2024-02-23');
INSERT INTO payments (payment_id, customer_id, staff_id, payment_date, service_id, service_name, total_amount, payment_method, cash_amount, card_amount, created_at, updated_at) VALUES ('45806dea-e4f9-48a6-a20a-11c2388f8ad2', 'afd83f8e-58db-40eb-90d5-e700766e50a7', 'deabe83a-9b97-11f0-b7ae-5a93b150659e', '2025-12-23', '7cfc9898-9d10-11f0-8e8d-b2353c7546ec', '美骨小顔コルギ(60分)', 15000, 'card', 0, 15000, '2025-12-23', '2025-12-23');
INSERT INTO payments (payment_id, customer_id, staff_id, payment_date, service_id, service_name, total_amount, payment_method, cash_amount, card_amount, created_at, updated_at) VALUES ('00f2a858-d984-4d9d-8229-921b200d3cff', 'f9f283ca-006f-4b53-838e-c54d32c26275', 'deabe83a-9b97-11f0-b7ae-5a93b150659e', '2025-11-08', '7cfc9898-9d10-11f0-8e8d-b2353c7546ec', '美骨小顔コルギ(60分)', 15000, 'cash', 15000, 0, '2025-11-08', '2025-11-08');
INSERT INTO customer_tickets (customer_ticket_id, customer_id, plan_id, purchase_date, expiry_date, sessions_remaining, purchase_price) VALUES ('ba098b52-ab93-4588-ac30-b34dc39d2a09', '2799885e-99a8-4753-9764-205789d730e1', '5b17a109-9d29-11f0-8e8d-b2353c7546ec', '2025-06-07', '2026-06-07', 6, 42500);
INSERT INTO payments (payment_id, customer_id, staff_id, payment_date, service_name, total_amount, payment_method, cash_amount, card_amount, created_at, updated_at) VALUES ('de704d81-27ad-4bda-9b3b-31dc5914a1ab', '2799885e-99a8-4753-9764-205789d730e1', 'cc69b300-9b97-11f0-b7ae-5a93b150659e', '2025-06-07', '60分5回券(会員男性)', 42500, 'cash', 0, 0, '2025-06-07', '2025-06-07');
INSERT INTO ticket_payments (payment_id, customer_ticket_id, payment_date, amount_paid, payment_method) VALUES ('de704d81-27ad-4bda-9b3b-31dc5914a1ab', 'ba098b52-ab93-4588-ac30-b34dc39d2a09', '2025-06-07', 42500, 'cash');
INSERT INTO payments (payment_id, customer_id, staff_id, payment_date, service_id, service_name, total_amount, payment_method, cash_amount, card_amount, created_at, updated_at) VALUES ('eb6e1573-48d8-4d94-a709-c6249d1d77a8', '7f4596ba-f527-4f21-865b-7222bf3971c5', 'f5b5eecc-9b97-11f0-b7ae-5a93b150659e', '2025-02-10', '937a225d-9d10-11f0-8e8d-b2353c7546ec', '美骨小顔コルギ(90分)', 19000, 'cash', 19000, 0, '2025-02-10', '2025-02-10');
INSERT INTO payments (payment_id, customer_id, staff_id, payment_date, service_id, service_name, total_amount, payment_method, cash_amount, card_amount, created_at, updated_at) VALUES ('fe6ae379-7d33-4280-b0d1-19930e2ff65e', '7ed1f4bb-3b94-4cdc-a12f-1c9baeabb2b3', 'cc69b300-9b97-11f0-b7ae-5a93b150659e', '2024-09-20', '2ffd7ad2-9eae-11f0-a8d1-362b931374cc', 'キャビテーション', 6000, 'cash', 6000, 0, '2024-09-20', '2024-09-20');
INSERT INTO customer_tickets (customer_ticket_id, customer_id, plan_id, purchase_date, expiry_date, sessions_remaining, purchase_price) VALUES ('9dc7790c-d2f2-4d83-acb2-3ac3890ba949', '146ccc11-e354-4b0b-93be-0134c2bd67a4', '7d0b8322-9eae-11f0-a8d1-362b931374cc', '2024-09-25', '2025-09-25', 6, 25000);
INSERT INTO payments (payment_id, customer_id, staff_id, payment_date, service_name, total_amount, payment_method, cash_amount, card_amount, created_at, updated_at) VALUES ('337571a7-1de2-4787-8217-3616e8f582d7', '146ccc11-e354-4b0b-93be-0134c2bd67a4', 'cc69b300-9b97-11f0-b7ae-5a93b150659e', '2024-09-25', 'キャビテーション5回券', 25000, 'cash', 25000, 0, '2024-09-25', '2024-09-25');
INSERT INTO ticket_payments (payment_id, customer_ticket_id, payment_date, amount_paid, payment_method) VALUES ('337571a7-1de2-4787-8217-3616e8f582d7', '9dc7790c-d2f2-4d83-acb2-3ac3890ba949', '2024-09-25', 25000, 'cash');
INSERT INTO customer_tickets (customer_ticket_id, customer_id, plan_id, purchase_date, expiry_date, sessions_remaining, purchase_price) VALUES ('3c75db81-7e94-4680-a78d-de4eafd751b7', '80227226-45e9-416f-8e87-1c73aebecd9f', '7d0b8322-9eae-11f0-a8d1-362b931374cc', '2024-03-18', '2025-03-18', 6, 25000);
INSERT INTO payments (payment_id, customer_id, staff_id, payment_date, service_name, total_amount, payment_method, cash_amount, card_amount, created_at, updated_at) VALUES ('f6c352a9-e405-40ac-aec9-3fc057ba76bc', '80227226-45e9-416f-8e87-1c73aebecd9f', 'f5b5eecc-9b97-11f0-b7ae-5a93b150659e', '2024-03-18', 'キャビテーション5回券', 25000, 'cash', 0, 0, '2024-03-18', '2024-03-18');
INSERT INTO ticket_payments (payment_id, customer_ticket_id, payment_date, amount_paid, payment_method) VALUES ('f6c352a9-e405-40ac-aec9-3fc057ba76bc', '3c75db81-7e94-4680-a78d-de4eafd751b7', '2024-03-18', 25000, 'cash');
INSERT INTO payments (payment_id, customer_id, staff_id, payment_date, service_id, service_name, total_amount, payment_method, cash_amount, card_amount, created_at, updated_at) VALUES ('38fc6d54-8468-485d-ac35-4ab510a24f5d', '6e66e052-01ff-4de3-8921-da711cb188f9', 'deabe83a-9b97-11f0-b7ae-5a93b150659e', '2024-04-29', '2ffd7ad2-9eae-11f0-a8d1-362b931374cc', 'キャビテーション', 6000, 'card', 0, 6000, '2024-04-29', '2024-04-29');
INSERT INTO customer_tickets (customer_ticket_id, customer_id, plan_id, purchase_date, expiry_date, sessions_remaining, purchase_price) VALUES ('ca0e4a53-71a6-40f4-9c8b-1a587c539bfb', '324796c0-febd-4139-bb9e-0fd095b6f323', '6d51a07c-9eae-11f0-a8d1-362b931374cc', '2025-04-13', '2026-04-13', 8, 16500);
INSERT INTO payments (payment_id, customer_id, staff_id, payment_date, service_name, total_amount, payment_method, cash_amount, card_amount, created_at, updated_at) VALUES ('dc4eace2-6f12-494b-b222-d326bd488ecc', '324796c0-febd-4139-bb9e-0fd095b6f323', 'f5b5eecc-9b97-11f0-b7ae-5a93b150659e', '2025-04-13', 'キャビテーション3回券', 16500, 'card', 0, 16500, '2025-04-13', '2025-04-13');
INSERT INTO ticket_payments (payment_id, customer_ticket_id, payment_date, amount_paid, payment_method) VALUES ('dc4eace2-6f12-494b-b222-d326bd488ecc', 'ca0e4a53-71a6-40f4-9c8b-1a587c539bfb', '2025-04-13', 16500, 'card');
INSERT INTO payments (payment_id, customer_id, staff_id, payment_date, service_id, service_name, total_amount, payment_method, cash_amount, card_amount, created_at, updated_at) VALUES ('ca91eb37-6e69-41d7-8383-bc052f4ac574', '5174cbfb-c8bb-4db5-883c-34fafd00ee9c', 'deabe83a-9b97-11f0-b7ae-5a93b150659e', '2024-12-30', '937a225d-9d10-11f0-8e8d-b2353c7546ec', '美骨小顔コルギ(90分)', 19000, 'card', 0, 19000, '2024-12-30', '2024-12-30');
INSERT INTO payments (payment_id, customer_id, staff_id, payment_date, service_id, service_name, total_amount, payment_method, cash_amount, card_amount, created_at, updated_at) VALUES ('0c4bd87a-2c09-4b17-bda1-de2c9154cd13', '5430c417-abaa-46b3-bfb0-3fde199ae5db', 'deabe83a-9b97-11f0-b7ae-5a93b150659e', '2025-12-19', '2ffd7ad2-9eae-11f0-a8d1-362b931374cc', 'キャビテーション', 6000, 'cash', 6000, 0, '2025-12-19', '2025-12-19');
INSERT INTO payments (payment_id, customer_id, staff_id, payment_date, service_id, service_name, total_amount, payment_method, cash_amount, card_amount, created_at, updated_at) VALUES ('e8008008-c3d6-4726-aa2b-0b343c1aca74', 'a18b6cd3-0dfe-4231-9a91-4948cdfad1b5', 'f5b5eecc-9b97-11f0-b7ae-5a93b150659e', '2024-01-27', '7cfc9898-9d10-11f0-8e8d-b2353c7546ec', '美骨小顔コルギ(60分)', 15000, 'cash', 15000, 0, '2024-01-27', '2024-01-27');
INSERT INTO payments (payment_id, customer_id, staff_id, payment_date, service_id, service_name, total_amount, payment_method, cash_amount, card_amount, created_at, updated_at) VALUES ('252e065c-b2c0-4891-b9e5-405a7a0a14b6', 'cb4eb827-433f-4678-be90-624fab269afa', 'f5b5eecc-9b97-11f0-b7ae-5a93b150659e', '2024-07-20', '937a225d-9d10-11f0-8e8d-b2353c7546ec', '美骨小顔コルギ(90分)', 19000, 'card', 0, 19000, '2024-07-20', '2024-07-20');
INSERT INTO payments (payment_id, customer_id, staff_id, payment_date, service_id, service_name, total_amount, payment_method, cash_amount, card_amount, created_at, updated_at) VALUES ('b11c4b38-f5b3-4593-bafb-9e944ef92bb1', '2055e1f1-cc53-4dba-8fc9-de537471fb6e', 'cc69b300-9b97-11f0-b7ae-5a93b150659e', '2024-07-22', '937a225d-9d10-11f0-8e8d-b2353c7546ec', '美骨小顔コルギ(90分)', 19000, 'cash', 0, 0, '2024-07-22', '2024-07-22');
INSERT INTO payments (payment_id, customer_id, staff_id, payment_date, service_id, service_name, total_amount, payment_method, cash_amount, card_amount, created_at, updated_at) VALUES ('51c246a7-ddf8-41f9-8b7c-9feccb0a410a', '20d62638-c5be-46cd-94e4-250acfa17405', 'cc69b300-9b97-11f0-b7ae-5a93b150659e', '2025-12-17', '7cfc9898-9d10-11f0-8e8d-b2353c7546ec', '美骨小顔コルギ(60分)', 15000, 'cash', 0, 0, '2025-12-17', '2025-12-17');
INSERT INTO payments (payment_id, customer_id, staff_id, payment_date, service_id, service_name, total_amount, payment_method, cash_amount, card_amount, created_at, updated_at) VALUES ('717370b1-7682-4c64-9ce5-f0672d8ba370', 'fe218f93-e43a-4315-b987-8e968a22eb6f', 'f5b5eecc-9b97-11f0-b7ae-5a93b150659e', '2024-10-13', '7cfc9898-9d10-11f0-8e8d-b2353c7546ec', '美骨小顔コルギ(60分)', 15000, 'card', 0, 15000, '2024-10-13', '2024-10-13');
INSERT INTO customer_tickets (customer_ticket_id, customer_id, plan_id, purchase_date, expiry_date, sessions_remaining, purchase_price) VALUES ('aecfc79e-915a-4a8d-a686-805d64b1efdf', 'f88eec2e-c74c-4298-8e5f-3f3377909b34', '6d51a07c-9eae-11f0-a8d1-362b931374cc', '2025-08-10', '2026-08-10', 6, 16500);
INSERT INTO payments (payment_id, customer_id, staff_id, payment_date, service_name, total_amount, payment_method, cash_amount, card_amount, created_at, updated_at) VALUES ('5c455d38-d091-4ba9-abdb-b7d83bfbde74', 'f88eec2e-c74c-4298-8e5f-3f3377909b34', 'cc69b300-9b97-11f0-b7ae-5a93b150659e', '2025-08-10', 'キャビテーション3回券', 16500, 'cash', 0, 0, '2025-08-10', '2025-08-10');
INSERT INTO ticket_payments (payment_id, customer_ticket_id, payment_date, amount_paid, payment_method) VALUES ('5c455d38-d091-4ba9-abdb-b7d83bfbde74', 'aecfc79e-915a-4a8d-a686-805d64b1efdf', '2025-08-10', 16500, 'cash');
INSERT INTO payments (payment_id, customer_id, staff_id, payment_date, service_id, service_name, total_amount, payment_method, cash_amount, card_amount, created_at, updated_at) VALUES ('97041de4-df2f-4f81-9e1d-bc24a29b0aa2', '637a914e-4a16-4861-9b8b-8cf1e848b2bb', 'deabe83a-9b97-11f0-b7ae-5a93b150659e', '2024-10-14', '7cfc9898-9d10-11f0-8e8d-b2353c7546ec', '美骨小顔コルギ(60分)', 15000, 'cash', 0, 0, '2024-10-14', '2024-10-14');
INSERT INTO payments (payment_id, customer_id, staff_id, payment_date, service_id, service_name, total_amount, payment_method, cash_amount, card_amount, created_at, updated_at) VALUES ('e8264a9c-2d16-4409-a754-ad1d0f143e2b', '15f6527b-0dd8-4b1c-ab53-c9c50d90f1dc', 'deabe83a-9b97-11f0-b7ae-5a93b150659e', '2025-04-03', '937a225d-9d10-11f0-8e8d-b2353c7546ec', '美骨小顔コルギ(90分)', 19000, 'cash', 19000, 0, '2025-04-03', '2025-04-03');
INSERT INTO payments (payment_id, customer_id, staff_id, payment_date, service_id, service_name, total_amount, payment_method, cash_amount, card_amount, created_at, updated_at) VALUES ('c6f76909-7687-4870-aae6-7cc585b1b965', '7106e06b-5336-4284-81a0-0adaab02ffde', 'deabe83a-9b97-11f0-b7ae-5a93b150659e', '2025-10-09', '7cfc9898-9d10-11f0-8e8d-b2353c7546ec', '美骨小顔コルギ(60分)', 15000, 'cash', 15000, 0, '2025-10-09', '2025-10-09');
INSERT INTO payments (payment_id, customer_id, staff_id, payment_date, service_id, service_name, total_amount, payment_method, cash_amount, card_amount, created_at, updated_at) VALUES ('2b3f9906-47c9-413d-a2e1-ece6e81c6871', 'e0c664d9-c274-4f40-af3d-9c5f220c6027', 'deabe83a-9b97-11f0-b7ae-5a93b150659e', '2024-05-09', '2ffd7ad2-9eae-11f0-a8d1-362b931374cc', 'キャビテーション', 6000, 'cash', 6000, 0, '2024-05-09', '2024-05-09');
INSERT INTO payments (payment_id, customer_id, staff_id, payment_date, service_id, service_name, total_amount, payment_method, cash_amount, card_amount, created_at, updated_at) VALUES ('b7917b03-cf33-4125-aa7a-271d22aec0cc', 'b491b638-88e9-42c9-92be-78a715a8017f', 'f5b5eecc-9b97-11f0-b7ae-5a93b150659e', '2024-12-08', '7cfc9898-9d10-11f0-8e8d-b2353c7546ec', '美骨小顔コルギ(60分)', 15000, 'cash', 0, 0, '2024-12-08', '2024-12-08');
INSERT INTO payments (payment_id, customer_id, staff_id, payment_date, service_id, service_name, total_amount, payment_method, cash_amount, card_amount, created_at, updated_at) VALUES ('7e1acc38-ddc4-4a12-9172-42d7f80dfba7', '9c3302bf-9f9d-4063-aefc-17cc6a68c30f', 'cc69b300-9b97-11f0-b7ae-5a93b150659e', '2025-10-13', '2ffd7ad2-9eae-11f0-a8d1-362b931374cc', 'キャビテーション', 6000, 'card', 0, 6000, '2025-10-13', '2025-10-13');
INSERT INTO payments (payment_id, customer_id, staff_id, payment_date, service_id, service_name, total_amount, payment_method, cash_amount, card_amount, created_at, updated_at) VALUES ('ab8d04b7-7880-4f48-8ecb-420573d928eb', 'e8f615bb-837c-4e0f-ba43-04feb135967e', 'f5b5eecc-9b97-11f0-b7ae-5a93b150659e', '2025-03-07', '937a225d-9d10-11f0-8e8d-b2353c7546ec', '美骨小顔コルギ(90分)', 19000, 'cash', 19000, 0, '2025-03-07', '2025-03-07');
INSERT INTO payments (payment_id, customer_id, staff_id, payment_date, service_id, service_name, total_amount, payment_method, cash_amount, card_amount, created_at, updated_at) VALUES ('98188fba-bc3d-41eb-b89b-5ae4d24edbd0', 'afe196af-21ff-464d-bfee-b9bb9d72922d', 'cc69b300-9b97-11f0-b7ae-5a93b150659e', '2024-03-29', '2ffd7ad2-9eae-11f0-a8d1-362b931374cc', 'キャビテーション', 6000, 'cash', 0, 0, '2024-03-29', '2024-03-29');
INSERT INTO payments (payment_id, customer_id, staff_id, payment_date, service_id, service_name, total_amount, payment_method, cash_amount, card_amount, created_at, updated_at) VALUES ('22f4c786-9214-4e94-933d-b41b17d6557e', '7f9957e8-ff02-49c6-9b20-3ae310abb9c9', 'cc69b300-9b97-11f0-b7ae-5a93b150659e', '2024-02-28', '7cfc9898-9d10-11f0-8e8d-b2353c7546ec', '美骨小顔コルギ(60分)', 15000, 'cash', 15000, 0, '2024-02-28', '2024-02-28');
INSERT INTO customer_tickets (customer_ticket_id, customer_id, plan_id, purchase_date, expiry_date, sessions_remaining, purchase_price) VALUES ('802ece36-df04-4ff3-9c66-ffe1fdd91bc5', '1ae82d69-ee8c-424b-a5a4-da87feda4e09', '6d51a07c-9eae-11f0-a8d1-362b931374cc', '2025-01-23', '2026-01-23', 6, 16500);
INSERT INTO payments (payment_id, customer_id, staff_id, payment_date, service_name, total_amount, payment_method, cash_amount, card_amount, created_at, updated_at) VALUES ('d8b75231-17ab-4696-8e15-96a9789c8c5f', '1ae82d69-ee8c-424b-a5a4-da87feda4e09', 'cc69b300-9b97-11f0-b7ae-5a93b150659e', '2025-01-23', 'キャビテーション3回券', 16500, 'cash', 16500, 0, '2025-01-23', '2025-01-23');
INSERT INTO ticket_payments (payment_id, customer_ticket_id, payment_date, amount_paid, payment_method) VALUES ('d8b75231-17ab-4696-8e15-96a9789c8c5f', '802ece36-df04-4ff3-9c66-ffe1fdd91bc5', '2025-01-23', 16500, 'cash');
INSERT INTO payments (payment_id, customer_id, staff_id, payment_date, service_id, service_name, total_amount, payment_method, cash_amount, card_amount, created_at, updated_at) VALUES ('ef66b986-518f-4882-9e14-ba547c07aa39', '39a62f68-c8cc-4b80-ad7d-f1aff2bf1cdd', 'f5b5eecc-9b97-11f0-b7ae-5a93b150659e', '2024-09-10', '2ffd7ad2-9eae-11f0-a8d1-362b931374cc', 'キャビテーション', 6000, 'cash', 0, 0, '2024-09-10', '2024-09-10');
INSERT INTO payments (payment_id, customer_id, staff_id, payment_date, service_id, service_name, total_amount, payment_method, cash_amount, card_amount, created_at, updated_at) VALUES ('53b6d752-e185-4f9c-9e78-82202ba6f14e', 'c4bd394c-3e30-44fe-9606-3fb4bfbe6fd4', 'deabe83a-9b97-11f0-b7ae-5a93b150659e', '2025-07-08', '2ffd7ad2-9eae-11f0-a8d1-362b931374cc', 'キャビテーション', 6000, 'cash', 6000, 0, '2025-07-08', '2025-07-08');
INSERT INTO payments (payment_id, customer_id, staff_id, payment_date, service_id, service_name, total_amount, payment_method, cash_amount, card_amount, created_at, updated_at) VALUES ('156941cf-a188-4ff8-b492-0c26c88d94c1', '8ac1a81f-0caf-4a80-bd54-7026f9e54bdd', 'f5b5eecc-9b97-11f0-b7ae-5a93b150659e', '2024-05-19', '7cfc9898-9d10-11f0-8e8d-b2353c7546ec', '美骨小顔コルギ(60分)', 15000, 'cash', 15000, 0, '2024-05-19', '2024-05-19');
INSERT INTO customer_tickets (customer_ticket_id, customer_id, plan_id, purchase_date, expiry_date, sessions_remaining, purchase_price) VALUES ('1a52dec4-7142-4da9-9a5e-f404567a3def', '224e0fed-0685-4d66-9b52-1c71021bda0a', '7d0b8322-9eae-11f0-a8d1-362b931374cc', '2024-01-12', '2025-01-11', 4, 25000);
INSERT INTO payments (payment_id, customer_id, staff_id, payment_date, service_name, total_amount, payment_method, cash_amount, card_amount, created_at, updated_at) VALUES ('718633e8-7d1c-4a2d-962e-246b230b03f9', '224e0fed-0685-4d66-9b52-1c71021bda0a', 'f5b5eecc-9b97-11f0-b7ae-5a93b150659e', '2024-01-12', 'キャビテーション5回券', 25000, 'cash', 25000, 0, '2024-01-12', '2024-01-12');
INSERT INTO ticket_payments (payment_id, customer_ticket_id, payment_date, amount_paid, payment_method) VALUES ('718633e8-7d1c-4a2d-962e-246b230b03f9', '1a52dec4-7142-4da9-9a5e-f404567a3def', '2024-01-12', 25000, 'cash');
INSERT INTO payments (payment_id, customer_id, staff_id, payment_date, service_id, service_name, total_amount, payment_method, cash_amount, card_amount, created_at, updated_at) VALUES ('f16b2fff-1bbe-410e-ac84-806ef6fa37a8', '55d1552d-28e1-412c-969e-992f0058110c', 'cc69b300-9b97-11f0-b7ae-5a93b150659e', '2025-04-02', '2ffd7ad2-9eae-11f0-a8d1-362b931374cc', 'キャビテーション', 6000, 'cash', 0, 0, '2025-04-02', '2025-04-02');
INSERT INTO payments (payment_id, customer_id, staff_id, payment_date, service_id, service_name, total_amount, payment_method, cash_amount, card_amount, created_at, updated_at) VALUES ('6783af54-26f0-40dd-9c69-184c4db8b0d2', '04c5e0ce-b5c1-4cfa-8713-c68e377b0b92', 'deabe83a-9b97-11f0-b7ae-5a93b150659e', '2024-01-20', '7cfc9898-9d10-11f0-8e8d-b2353c7546ec', '美骨小顔コルギ(60分)', 15000, 'card', 0, 15000, '2024-01-20', '2024-01-20');
INSERT INTO payments (payment_id, customer_id, staff_id, payment_date, service_id, service_name, total_amount, payment_method, cash_amount, card_amount, created_at, updated_at) VALUES ('610055c8-f1f9-4e89-b19a-5b93d0818141', '0fd875e9-1349-454c-a62e-031e84cad6da', 'cc69b300-9b97-11f0-b7ae-5a93b150659e', '2025-12-23', '7cfc9898-9d10-11f0-8e8d-b2353c7546ec', '美骨小顔コルギ(60分)', 15000, 'cash', 0, 0, '2025-12-23', '2025-12-23');
INSERT INTO payments (payment_id, customer_id, staff_id, payment_date, service_id, service_name, total_amount, payment_method, cash_amount, card_amount, created_at, updated_at) VALUES ('97b2572a-b9f4-47b9-afa8-47dcf93e4f16', '9691cb96-6932-42dc-889b-2b2a390b08fd', 'cc69b300-9b97-11f0-b7ae-5a93b150659e', '2024-01-02', '937a225d-9d10-11f0-8e8d-b2353c7546ec', '美骨小顔コルギ(90分)', 19000, 'cash', 0, 0, '2024-01-02', '2024-01-02');
INSERT INTO customer_tickets (customer_ticket_id, customer_id, plan_id, purchase_date, expiry_date, sessions_remaining, purchase_price) VALUES ('def44163-02ab-4159-97c3-cd38c19ca05f', 'aaabf464-29f3-4f98-bf83-30eaf713f013', '7d0b8322-9eae-11f0-a8d1-362b931374cc', '2024-02-29', '2025-02-28', 3, 25000);
INSERT INTO payments (payment_id, customer_id, staff_id, payment_date, service_name, total_amount, payment_method, cash_amount, card_amount, created_at, updated_at) VALUES ('ac9ede44-13b5-453d-acbf-3df9c38818fe', 'aaabf464-29f3-4f98-bf83-30eaf713f013', 'deabe83a-9b97-11f0-b7ae-5a93b150659e', '2024-02-29', 'キャビテーション5回券', 25000, 'cash', 25000, 0, '2024-02-29', '2024-02-29');
INSERT INTO ticket_payments (payment_id, customer_ticket_id, payment_date, amount_paid, payment_method) VALUES ('ac9ede44-13b5-453d-acbf-3df9c38818fe', 'def44163-02ab-4159-97c3-cd38c19ca05f', '2024-02-29', 25000, 'cash');
INSERT INTO customer_tickets (customer_ticket_id, customer_id, plan_id, purchase_date, expiry_date, sessions_remaining, purchase_price) VALUES ('934d331b-f851-48ee-907b-66be56162ea3', '08bf46c8-8166-4991-9f6b-82c399998b74', '7d0b8322-9eae-11f0-a8d1-362b931374cc', '2024-11-23', '2025-11-23', 3, 25000);
INSERT INTO payments (payment_id, customer_id, staff_id, payment_date, service_name, total_amount, payment_method, cash_amount, card_amount, created_at, updated_at) VALUES ('19e4acc6-7ca0-45b9-930f-a1665c002572', '08bf46c8-8166-4991-9f6b-82c399998b74', 'cc69b300-9b97-11f0-b7ae-5a93b150659e', '2024-11-23', 'キャビテーション5回券', 25000, 'card', 0, 25000, '2024-11-23', '2024-11-23');
INSERT INTO ticket_payments (payment_id, customer_ticket_id, payment_date, amount_paid, payment_method) VALUES ('19e4acc6-7ca0-45b9-930f-a1665c002572', '934d331b-f851-48ee-907b-66be56162ea3', '2024-11-23', 25000, 'card');
INSERT INTO payments (payment_id, customer_id, staff_id, payment_date, service_id, service_name, total_amount, payment_method, cash_amount, card_amount, created_at, updated_at) VALUES ('473d665e-6429-45fa-8fea-913c5d2c8361', '5174cbfb-c8bb-4db5-883c-34fafd00ee9c', 'f5b5eecc-9b97-11f0-b7ae-5a93b150659e', '2025-03-24', '937a225d-9d10-11f0-8e8d-b2353c7546ec', '美骨小顔コルギ(90分)', 19000, 'card', 0, 19000, '2025-03-24', '2025-03-24');
INSERT INTO payments (payment_id, customer_id, staff_id, payment_date, service_id, service_name, total_amount, payment_method, cash_amount, card_amount, created_at, updated_at) VALUES ('66020cd2-9862-43a0-9c3c-42a543409047', 'a0202f7e-4806-4f0a-95e6-cdf0d000029e', 'f5b5eecc-9b97-11f0-b7ae-5a93b150659e', '2024-05-28', '7cfc9898-9d10-11f0-8e8d-b2353c7546ec', '美骨小顔コルギ(60分)', 15000, 'cash', 15000, 0, '2024-05-28', '2024-05-28');
INSERT INTO payments (payment_id, customer_id, staff_id, payment_date, service_id, service_name, total_amount, payment_method, cash_amount, card_amount, created_at, updated_at) VALUES ('9210d6ed-181c-4b66-9076-3abd07d50bff', '7106e06b-5336-4284-81a0-0adaab02ffde', 'deabe83a-9b97-11f0-b7ae-5a93b150659e', '2024-08-22', '2ffd7ad2-9eae-11f0-a8d1-362b931374cc', 'キャビテーション', 6000, 'cash', 0, 0, '2024-08-22', '2024-08-22');
INSERT INTO payments (payment_id, customer_id, staff_id, payment_date, service_id, service_name, total_amount, payment_method, cash_amount, card_amount, created_at, updated_at) VALUES ('6565b9cd-f1e1-4d63-8704-7143691d2004', 'ca863843-78d3-4655-bc6b-91741d36074c', 'deabe83a-9b97-11f0-b7ae-5a93b150659e', '2025-11-09', '937a225d-9d10-11f0-8e8d-b2353c7546ec', '美骨小顔コルギ(90分)', 19000, 'card', 0, 19000, '2025-11-09', '2025-11-09');
INSERT INTO payments (payment_id, customer_id, staff_id, payment_date, service_id, service_name, total_amount, payment_method, cash_amount, card_amount, created_at, updated_at) VALUES ('de37ee4a-0113-4ca2-94a8-b8f8643f3033', '19a3cdef-745f-4e16-bbe3-3ea9229544d2', 'f5b5eecc-9b97-11f0-b7ae-5a93b150659e', '2025-11-04', '937a225d-9d10-11f0-8e8d-b2353c7546ec', '美骨小顔コルギ(90分)', 19000, 'cash', 19000, 0, '2025-11-04', '2025-11-04');
INSERT INTO payments (payment_id, customer_id, staff_id, payment_date, service_id, service_name, total_amount, payment_method, cash_amount, card_amount, created_at, updated_at) VALUES ('165b7700-5bd4-423d-87fd-f3e8fb3544de', 'e0908974-12e9-44df-ab0d-4613f7368112', 'f5b5eecc-9b97-11f0-b7ae-5a93b150659e', '2025-04-10', '2ffd7ad2-9eae-11f0-a8d1-362b931374cc', 'キャビテーション', 6000, 'cash', 6000, 0, '2025-04-10', '2025-04-10');
INSERT INTO customer_tickets (customer_ticket_id, customer_id, plan_id, purchase_date, expiry_date, sessions_remaining, purchase_price) VALUES ('1ab31926-b9a5-4a5a-92e5-90496be0c685', '2576372a-b4d7-470d-a65a-a8e6326c73a0', '5b17a109-9d29-11f0-8e8d-b2353c7546ec', '2025-05-12', '2026-05-12', 9, 42500);
INSERT INTO payments (payment_id, customer_id, staff_id, payment_date, service_name, total_amount, payment_method, cash_amount, card_amount, created_at, updated_at) VALUES ('5dfe1fc5-3eee-4e1e-9459-47075cc42768', '2576372a-b4d7-470d-a65a-a8e6326c73a0', 'deabe83a-9b97-11f0-b7ae-5a93b150659e', '2025-05-12', '60分5回券(会員男性)', 42500, 'card', 0, 42500, '2025-05-12', '2025-05-12');
INSERT INTO ticket_payments (payment_id, customer_ticket_id, payment_date, amount_paid, payment_method) VALUES ('5dfe1fc5-3eee-4e1e-9459-47075cc42768', '1ab31926-b9a5-4a5a-92e5-90496be0c685', '2025-05-12', 42500, 'card');
INSERT INTO customer_tickets (customer_ticket_id, customer_id, plan_id, purchase_date, expiry_date, sessions_remaining, purchase_price) VALUES ('32678f08-ea0f-4979-8d2c-35ed7e0b9527', 'aaabf464-29f3-4f98-bf83-30eaf713f013', '7d0b8322-9eae-11f0-a8d1-362b931374cc', '2024-11-19', '2025-11-19', 1, 25000);
INSERT INTO payments (payment_id, customer_id, staff_id, payment_date, service_name, total_amount, payment_method, cash_amount, card_amount, created_at, updated_at) VALUES ('2bf3059f-7dbe-4411-ace3-a183e03a226c', 'aaabf464-29f3-4f98-bf83-30eaf713f013', 'f5b5eecc-9b97-11f0-b7ae-5a93b150659e', '2024-11-19', 'キャビテーション5回券', 25000, 'card', 0, 25000, '2024-11-19', '2024-11-19');
INSERT INTO ticket_payments (payment_id, customer_ticket_id, payment_date, amount_paid, payment_method) VALUES ('2bf3059f-7dbe-4411-ace3-a183e03a226c', '32678f08-ea0f-4979-8d2c-35ed7e0b9527', '2024-11-19', 25000, 'card');
INSERT INTO customer_tickets (customer_ticket_id, customer_id, plan_id, purchase_date, expiry_date, sessions_remaining, purchase_price) VALUES ('d4edc17c-a7b0-4eb5-b39d-ef33b3e835c0', 'cd411240-8ea8-4736-aa09-b6cdf32d0514', '6d51a07c-9eae-11f0-a8d1-362b931374cc', '2025-05-14', '2026-05-14', 2, 16500);
INSERT INTO payments (payment_id, customer_id, staff_id, payment_date, service_name, total_amount, payment_method, cash_amount, card_amount, created_at, updated_at) VALUES ('67248f22-f73d-4f0a-b1f8-364a4b9de6ac', 'cd411240-8ea8-4736-aa09-b6cdf32d0514', 'deabe83a-9b97-11f0-b7ae-5a93b150659e', '2025-05-14', 'キャビテーション3回券', 16500, 'cash', 0, 0, '2025-05-14', '2025-05-14');
INSERT INTO ticket_payments (payment_id, customer_ticket_id, payment_date, amount_paid, payment_method) VALUES ('67248f22-f73d-4f0a-b1f8-364a4b9de6ac', 'd4edc17c-a7b0-4eb5-b39d-ef33b3e835c0', '2025-05-14', 16500, 'cash');
INSERT INTO payments (payment_id, customer_id, staff_id, payment_date, service_id, service_name, total_amount, payment_method, cash_amount, card_amount, created_at, updated_at) VALUES ('672e5275-38a7-4024-970b-3216954cb697', 'bda602e1-c69a-496c-a58a-c5677c605d49', 'deabe83a-9b97-11f0-b7ae-5a93b150659e', '2025-08-08', '937a225d-9d10-11f0-8e8d-b2353c7546ec', '美骨小顔コルギ(90分)', 19000, 'card', 0, 19000, '2025-08-08', '2025-08-08');
INSERT INTO payments (payment_id, customer_id, staff_id, payment_date, service_id, service_name, total_amount, payment_method, cash_amount, card_amount, created_at, updated_at) VALUES ('6dac60ff-2b25-48b2-bafc-6bd1bf3daa73', '7135a175-242f-48f1-a14b-efcea189c637', 'cc69b300-9b97-11f0-b7ae-5a93b150659e', '2024-08-27', '937a225d-9d10-11f0-8e8d-b2353c7546ec', '美骨小顔コルギ(90分)', 19000, 'cash', 19000, 0, '2024-08-27', '2024-08-27');
INSERT INTO customer_tickets (customer_ticket_id, customer_id, plan_id, purchase_date, expiry_date, sessions_remaining, purchase_price) VALUES ('e0cb4aa4-80f3-410b-80ac-7eee4787dc8f', '794ed345-59a9-49af-a6a5-79d3bc86fae1', '5b17a109-9d29-11f0-8e8d-b2353c7546ec', '2024-01-13', '2025-01-12', 10, 42500);
INSERT INTO payments (payment_id, customer_id, staff_id, payment_date, service_name, total_amount, payment_method, cash_amount, card_amount, created_at, updated_at) VALUES ('96977b3a-4b59-47ac-a2e7-61295a74ace1', '794ed345-59a9-49af-a6a5-79d3bc86fae1', 'f5b5eecc-9b97-11f0-b7ae-5a93b150659e', '2024-01-13', '60分5回券(会員男性)', 42500, 'cash', 0, 0, '2024-01-13', '2024-01-13');
INSERT INTO ticket_payments (payment_id, customer_ticket_id, payment_date, amount_paid, payment_method) VALUES ('96977b3a-4b59-47ac-a2e7-61295a74ace1', 'e0cb4aa4-80f3-410b-80ac-7eee4787dc8f', '2024-01-13', 42500, 'cash');
INSERT INTO payments (payment_id, customer_id, staff_id, payment_date, service_id, service_name, total_amount, payment_method, cash_amount, card_amount, created_at, updated_at) VALUES ('fccdecd4-1fad-454e-ab4e-64d9c7341753', 'f40a31db-628e-490a-99dd-c7cade26c0cf', 'f5b5eecc-9b97-11f0-b7ae-5a93b150659e', '2025-06-09', '2ffd7ad2-9eae-11f0-a8d1-362b931374cc', 'キャビテーション', 6000, 'card', 0, 6000, '2025-06-09', '2025-06-09');
INSERT INTO customer_tickets (customer_ticket_id, customer_id, plan_id, purchase_date, expiry_date, sessions_remaining, purchase_price) VALUES ('d228f3b5-2cde-42f5-9656-248e1ef27cf0', '63ad9ef2-13c5-4d05-833c-c7885d9c35cd', '6d51a07c-9eae-11f0-a8d1-362b931374cc', '2025-04-10', '2026-04-10', 2, 16500);
INSERT INTO payments (payment_id, customer_id, staff_id, payment_date, service_name, total_amount, payment_method, cash_amount, card_amount, created_at, updated_at) VALUES ('2d431ebf-9542-4cee-b098-7d86649caef3', '63ad9ef2-13c5-4d05-833c-c7885d9c35cd', 'deabe83a-9b97-11f0-b7ae-5a93b150659e', '2025-04-10', 'キャビテーション3回券', 16500, 'cash', 16500, 0, '2025-04-10', '2025-04-10');
INSERT INTO ticket_payments (payment_id, customer_ticket_id, payment_date, amount_paid, payment_method) VALUES ('2d431ebf-9542-4cee-b098-7d86649caef3', 'd228f3b5-2cde-42f5-9656-248e1ef27cf0', '2025-04-10', 16500, 'cash');
INSERT INTO payments (payment_id, customer_id, staff_id, payment_date, service_id, service_name, total_amount, payment_method, cash_amount, card_amount, created_at, updated_at) VALUES ('57d839c4-4e30-4161-becd-349e3e3b853d', 'd2ec3b95-1326-4beb-9183-2275954d8b98', 'f5b5eecc-9b97-11f0-b7ae-5a93b150659e', '2024-05-07', '7cfc9898-9d10-11f0-8e8d-b2353c7546ec', '美骨小顔コルギ(60分)', 15000, 'cash', 15000, 0, '2024-05-07', '2024-05-07');
INSERT INTO payments (payment_id, customer_id, staff_id, payment_date, service_id, service_name, total_amount, payment_method, cash_amount, card_amount, created_at, updated_at) VALUES ('43d4bef7-b2a1-4c00-8a06-979f2898f43c', '54064ae2-11ed-4604-8cc7-81990723ac1c', 'deabe83a-9b97-11f0-b7ae-5a93b150659e', '2025-01-31', '7cfc9898-9d10-11f0-8e8d-b2353c7546ec', '美骨小顔コルギ(60分)', 15000, 'cash', 15000, 0, '2025-01-31', '2025-01-31');
INSERT INTO payments (payment_id, customer_id, staff_id, payment_date, service_id, service_name, total_amount, payment_method, cash_amount, card_amount, created_at, updated_at) VALUES ('26a18ced-bd8b-4621-b719-b329d96f0fa1', '17e3a71b-2642-4370-9490-dfb09edab564', 'cc69b300-9b97-11f0-b7ae-5a93b150659e', '2024-12-16', '7cfc9898-9d10-11f0-8e8d-b2353c7546ec', '美骨小顔コルギ(60分)', 15000, 'cash', 0, 0, '2024-12-16', '2024-12-16');
INSERT INTO customer_tickets (customer_ticket_id, customer_id, plan_id, purchase_date, expiry_date, sessions_remaining, purchase_price) VALUES ('d17512eb-4bb0-4799-a813-1f3730c679b6', 'f3c3d835-948f-4039-b01e-f9858addbfd2', '6d51a07c-9eae-11f0-a8d1-362b931374cc', '2024-10-29', '2025-10-29', 9, 16500);
INSERT INTO payments (payment_id, customer_id, staff_id, payment_date, service_name, total_amount, payment_method, cash_amount, card_amount, created_at, updated_at) VALUES ('ea5e95f0-03e9-44a0-8cc4-247ae36e4eef', 'f3c3d835-948f-4039-b01e-f9858addbfd2', 'f5b5eecc-9b97-11f0-b7ae-5a93b150659e', '2024-10-29', 'キャビテーション3回券', 16500, 'cash', 0, 0, '2024-10-29', '2024-10-29');
INSERT INTO ticket_payments (payment_id, customer_ticket_id, payment_date, amount_paid, payment_method) VALUES ('ea5e95f0-03e9-44a0-8cc4-247ae36e4eef', 'd17512eb-4bb0-4799-a813-1f3730c679b6', '2024-10-29', 16500, 'cash');
INSERT INTO customer_tickets (customer_ticket_id, customer_id, plan_id, purchase_date, expiry_date, sessions_remaining, purchase_price) VALUES ('42155c88-2048-427a-9130-7da9fd6ff307', 'd6aa386d-6c7d-4927-88d9-11bd31fff2e0', '7d0b8322-9eae-11f0-a8d1-362b931374cc', '2024-07-14', '2025-07-14', 3, 25000);
INSERT INTO payments (payment_id, customer_id, staff_id, payment_date, service_name, total_amount, payment_method, cash_amount, card_amount, created_at, updated_at) VALUES ('4e947bfe-5b64-4fab-a7e4-56957be50fd6', 'd6aa386d-6c7d-4927-88d9-11bd31fff2e0', 'deabe83a-9b97-11f0-b7ae-5a93b150659e', '2024-07-14', 'キャビテーション5回券', 25000, 'cash', 25000, 0, '2024-07-14', '2024-07-14');
INSERT INTO ticket_payments (payment_id, customer_ticket_id, payment_date, amount_paid, payment_method) VALUES ('4e947bfe-5b64-4fab-a7e4-56957be50fd6', '42155c88-2048-427a-9130-7da9fd6ff307', '2024-07-14', 25000, 'cash');
INSERT INTO payments (payment_id, customer_id, staff_id, payment_date, service_id, service_name, total_amount, payment_method, cash_amount, card_amount, created_at, updated_at) VALUES ('503a5c6d-99fd-453a-825f-5dd877f9f322', 'af9f8277-950a-4de7-a9b4-54143c5fbc75', 'f5b5eecc-9b97-11f0-b7ae-5a93b150659e', '2025-02-17', '937a225d-9d10-11f0-8e8d-b2353c7546ec', '美骨小顔コルギ(90分)', 19000, 'cash', 19000, 0, '2025-02-17', '2025-02-17');
INSERT INTO customer_tickets (customer_ticket_id, customer_id, plan_id, purchase_date, expiry_date, sessions_remaining, purchase_price) VALUES ('3263f01f-0813-4a78-9d7c-0141c72a8560', '0fd875e9-1349-454c-a62e-031e84cad6da', '7d0b8322-9eae-11f0-a8d1-362b931374cc', '2024-11-19', '2025-11-19', 9, 25000);
INSERT INTO payments (payment_id, customer_id, staff_id, payment_date, service_name, total_amount, payment_method, cash_amount, card_amount, created_at, updated_at) VALUES ('d31c75a5-5c33-4744-bb0d-5ccc1aadceb1', '0fd875e9-1349-454c-a62e-031e84cad6da', 'deabe83a-9b97-11f0-b7ae-5a93b150659e', '2024-11-19', 'キャビテーション5回券', 25000, 'card', 0, 25000, '2024-11-19', '2024-11-19');
INSERT INTO ticket_payments (payment_id, customer_ticket_id, payment_date, amount_paid, payment_method) VALUES ('d31c75a5-5c33-4744-bb0d-5ccc1aadceb1', '3263f01f-0813-4a78-9d7c-0141c72a8560', '2024-11-19', 25000, 'card');
INSERT INTO customer_tickets (customer_ticket_id, customer_id, plan_id, purchase_date, expiry_date, sessions_remaining, purchase_price) VALUES ('ac1d54d0-290c-4ee2-ad0e-11166efeb0be', '7ed1f4bb-3b94-4cdc-a12f-1c9baeabb2b3', '6d51a07c-9eae-11f0-a8d1-362b931374cc', '2024-05-12', '2025-05-12', 7, 16500);
INSERT INTO payments (payment_id, customer_id, staff_id, payment_date, service_name, total_amount, payment_method, cash_amount, card_amount, created_at, updated_at) VALUES ('34d880f6-d5d2-4fa1-9ec6-3509b6aefae4', '7ed1f4bb-3b94-4cdc-a12f-1c9baeabb2b3', 'f5b5eecc-9b97-11f0-b7ae-5a93b150659e', '2024-05-12', 'キャビテーション3回券', 16500, 'card', 0, 16500, '2024-05-12', '2024-05-12');
INSERT INTO ticket_payments (payment_id, customer_ticket_id, payment_date, amount_paid, payment_method) VALUES ('34d880f6-d5d2-4fa1-9ec6-3509b6aefae4', 'ac1d54d0-290c-4ee2-ad0e-11166efeb0be', '2024-05-12', 16500, 'card');
INSERT INTO payments (payment_id, customer_id, staff_id, payment_date, service_id, service_name, total_amount, payment_method, cash_amount, card_amount, created_at, updated_at) VALUES ('c93d004d-a19b-415a-853d-0fecf7a634cd', '8ac1a81f-0caf-4a80-bd54-7026f9e54bdd', 'f5b5eecc-9b97-11f0-b7ae-5a93b150659e', '2024-12-25', '937a225d-9d10-11f0-8e8d-b2353c7546ec', '美骨小顔コルギ(90分)', 19000, 'cash', 19000, 0, '2024-12-25', '2024-12-25');
INSERT INTO payments (payment_id, customer_id, staff_id, payment_date, service_id, service_name, total_amount, payment_method, cash_amount, card_amount, created_at, updated_at) VALUES ('258aab47-587c-4a15-a4c2-e8f46647cc05', '1a5f7c16-ef58-4b34-a104-d78921ccc575', 'deabe83a-9b97-11f0-b7ae-5a93b150659e', '2024-11-12', '7cfc9898-9d10-11f0-8e8d-b2353c7546ec', '美骨小顔コルギ(60分)', 15000, 'cash', 0, 0, '2024-11-12', '2024-11-12');
INSERT INTO payments (payment_id, customer_id, staff_id, payment_date, service_id, service_name, total_amount, payment_method, cash_amount, card_amount, created_at, updated_at) VALUES ('4191d1ce-dc0a-492e-a63b-303d894696e0', '224e0fed-0685-4d66-9b52-1c71021bda0a', 'f5b5eecc-9b97-11f0-b7ae-5a93b150659e', '2025-10-01', '937a225d-9d10-11f0-8e8d-b2353c7546ec', '美骨小顔コルギ(90分)', 19000, 'card', 0, 19000, '2025-10-01', '2025-10-01');
INSERT INTO payments (payment_id, customer_id, staff_id, payment_date, service_id, service_name, total_amount, payment_method, cash_amount, card_amount, created_at, updated_at) VALUES ('d8e07a67-ee07-4d66-af62-660611b2848f', '5f521a0f-74a7-4284-be41-7d9b68f32477', 'deabe83a-9b97-11f0-b7ae-5a93b150659e', '2024-11-06', '7cfc9898-9d10-11f0-8e8d-b2353c7546ec', '美骨小顔コルギ(60分)', 15000, 'cash', 15000, 0, '2024-11-06', '2024-11-06');
INSERT INTO payments (payment_id, customer_id, staff_id, payment_date, service_id, service_name, total_amount, payment_method, cash_amount, card_amount, created_at, updated_at) VALUES ('ef83241b-232c-4bac-945d-7ad55c0e1ce1', '75b1fffd-95c9-411a-9215-a4ce2899860a', 'f5b5eecc-9b97-11f0-b7ae-5a93b150659e', '2025-02-02', '2ffd7ad2-9eae-11f0-a8d1-362b931374cc', 'キャビテーション', 6000, 'cash', 6000, 0, '2025-02-02', '2025-02-02');
INSERT INTO customer_tickets (customer_ticket_id, customer_id, plan_id, purchase_date, expiry_date, sessions_remaining, purchase_price) VALUES ('d63f5957-71dc-4156-a2ee-c7788777409f', '5174cbfb-c8bb-4db5-883c-34fafd00ee9c', '6d51a07c-9eae-11f0-a8d1-362b931374cc', '2024-04-18', '2025-04-18', 4, 16500);
INSERT INTO payments (payment_id, customer_id, staff_id, payment_date, service_name, total_amount, payment_method, cash_amount, card_amount, created_at, updated_at) VALUES ('0d5cd61c-82af-4b03-9afe-184ac4ac81fe', '5174cbfb-c8bb-4db5-883c-34fafd00ee9c', 'cc69b300-9b97-11f0-b7ae-5a93b150659e', '2024-04-18', 'キャビテーション3回券', 16500, 'cash', 0, 0, '2024-04-18', '2024-04-18');
INSERT INTO ticket_payments (payment_id, customer_ticket_id, payment_date, amount_paid, payment_method) VALUES ('0d5cd61c-82af-4b03-9afe-184ac4ac81fe', 'd63f5957-71dc-4156-a2ee-c7788777409f', '2024-04-18', 16500, 'cash');
INSERT INTO payments (payment_id, customer_id, staff_id, payment_date, service_id, service_name, total_amount, payment_method, cash_amount, card_amount, created_at, updated_at) VALUES ('6e522182-4709-4140-9cf3-fa976879646f', '55d1552d-28e1-412c-969e-992f0058110c', 'f5b5eecc-9b97-11f0-b7ae-5a93b150659e', '2024-04-28', '937a225d-9d10-11f0-8e8d-b2353c7546ec', '美骨小顔コルギ(90分)', 19000, 'card', 0, 19000, '2024-04-28', '2024-04-28');
INSERT INTO payments (payment_id, customer_id, staff_id, payment_date, service_id, service_name, total_amount, payment_method, cash_amount, card_amount, created_at, updated_at) VALUES ('d7da132e-d263-486d-b218-973cbef2ae4f', '4169014a-5d22-4799-bfc5-fe992533d060', 'deabe83a-9b97-11f0-b7ae-5a93b150659e', '2024-06-18', '2ffd7ad2-9eae-11f0-a8d1-362b931374cc', 'キャビテーション', 6000, 'card', 0, 6000, '2024-06-18', '2024-06-18');
INSERT INTO payments (payment_id, customer_id, staff_id, payment_date, service_id, service_name, total_amount, payment_method, cash_amount, card_amount, created_at, updated_at) VALUES ('bc3020a7-2e6d-4fc7-b4dc-db85fc33ad67', '11080935-b01c-4485-a600-027012c1429f', 'deabe83a-9b97-11f0-b7ae-5a93b150659e', '2025-08-20', '2ffd7ad2-9eae-11f0-a8d1-362b931374cc', 'キャビテーション', 6000, 'cash', 0, 0, '2025-08-20', '2025-08-20');
INSERT INTO payments (payment_id, customer_id, staff_id, payment_date, service_id, service_name, total_amount, payment_method, cash_amount, card_amount, created_at, updated_at) VALUES ('7214900a-fe83-4aba-8863-e5a4ff9bf3ac', '5422a3b9-3738-4ef7-916d-09743d962cd0', 'cc69b300-9b97-11f0-b7ae-5a93b150659e', '2025-11-25', '7cfc9898-9d10-11f0-8e8d-b2353c7546ec', '美骨小顔コルギ(60分)', 15000, 'cash', 15000, 0, '2025-11-25', '2025-11-25');
INSERT INTO customer_tickets (customer_ticket_id, customer_id, plan_id, purchase_date, expiry_date, sessions_remaining, purchase_price) VALUES ('5a98b11f-1259-4437-bd81-727ae72a8b09', '55f4a889-d991-400b-9715-5cd2aa2143b1', '6d51a07c-9eae-11f0-a8d1-362b931374cc', '2024-04-07', '2025-04-07', 5, 16500);
INSERT INTO payments (payment_id, customer_id, staff_id, payment_date, service_name, total_amount, payment_method, cash_amount, card_amount, created_at, updated_at) VALUES ('c9cf343f-42e2-4eba-9a8f-9350ac185ab0', '55f4a889-d991-400b-9715-5cd2aa2143b1', 'deabe83a-9b97-11f0-b7ae-5a93b150659e', '2024-04-07', 'キャビテーション3回券', 16500, 'cash', 16500, 0, '2024-04-07', '2024-04-07');
INSERT INTO ticket_payments (payment_id, customer_ticket_id, payment_date, amount_paid, payment_method) VALUES ('c9cf343f-42e2-4eba-9a8f-9350ac185ab0', '5a98b11f-1259-4437-bd81-727ae72a8b09', '2024-04-07', 16500, 'cash');
INSERT INTO payments (payment_id, customer_id, staff_id, payment_date, service_id, service_name, total_amount, payment_method, cash_amount, card_amount, created_at, updated_at) VALUES ('9ba4b15f-4808-47b0-ad18-ad3c13a374f6', '94a93d15-a12b-4cbb-87be-76c2c6c88d60', 'f5b5eecc-9b97-11f0-b7ae-5a93b150659e', '2024-10-15', '7cfc9898-9d10-11f0-8e8d-b2353c7546ec', '美骨小顔コルギ(60分)', 15000, 'cash', 0, 0, '2024-10-15', '2024-10-15');
INSERT INTO payments (payment_id, customer_id, staff_id, payment_date, service_id, service_name, total_amount, payment_method, cash_amount, card_amount, created_at, updated_at) VALUES ('ad33decb-e5a5-438e-b655-2040e516a435', '1ae82d69-ee8c-424b-a5a4-da87feda4e09', 'deabe83a-9b97-11f0-b7ae-5a93b150659e', '2025-04-14', '2ffd7ad2-9eae-11f0-a8d1-362b931374cc', 'キャビテーション', 6000, 'cash', 0, 0, '2025-04-14', '2025-04-14');
INSERT INTO payments (payment_id, customer_id, staff_id, payment_date, service_id, service_name, total_amount, payment_method, cash_amount, card_amount, created_at, updated_at) VALUES ('b6a18be4-9244-4c48-88f6-427068abbac2', 'cb9bc4b9-210c-41df-a0c7-228d66dd0b3a', 'f5b5eecc-9b97-11f0-b7ae-5a93b150659e', '2025-01-01', '2ffd7ad2-9eae-11f0-a8d1-362b931374cc', 'キャビテーション', 6000, 'card', 0, 6000, '2025-01-01', '2025-01-01');
INSERT INTO payments (payment_id, customer_id, staff_id, payment_date, service_id, service_name, total_amount, payment_method, cash_amount, card_amount, created_at, updated_at) VALUES ('f9b7be82-4727-4c9b-8e78-4d7671793264', '2f42f714-14ab-4fb4-acf7-e0d216553834', 'deabe83a-9b97-11f0-b7ae-5a93b150659e', '2025-11-20', '7cfc9898-9d10-11f0-8e8d-b2353c7546ec', '美骨小顔コルギ(60分)', 15000, 'cash', 15000, 0, '2025-11-20', '2025-11-20');
INSERT INTO payments (payment_id, customer_id, staff_id, payment_date, service_id, service_name, total_amount, payment_method, cash_amount, card_amount, created_at, updated_at) VALUES ('8032cc84-df2a-4a4d-a57a-48402ce130cc', '7f90cd11-5a26-4966-a11d-b208a0785d5c', 'deabe83a-9b97-11f0-b7ae-5a93b150659e', '2025-07-08', '7cfc9898-9d10-11f0-8e8d-b2353c7546ec', '美骨小顔コルギ(60分)', 15000, 'card', 0, 15000, '2025-07-08', '2025-07-08');
INSERT INTO payments (payment_id, customer_id, staff_id, payment_date, service_id, service_name, total_amount, payment_method, cash_amount, card_amount, created_at, updated_at) VALUES ('23a53195-746e-4fd1-be3f-39759cb2b208', '6ca60158-c46e-4f19-9bdb-7fbe780faa6f', 'cc69b300-9b97-11f0-b7ae-5a93b150659e', '2024-08-12', '7cfc9898-9d10-11f0-8e8d-b2353c7546ec', '美骨小顔コルギ(60分)', 15000, 'cash', 0, 0, '2024-08-12', '2024-08-12');
INSERT INTO payments (payment_id, customer_id, staff_id, payment_date, service_id, service_name, total_amount, payment_method, cash_amount, card_amount, created_at, updated_at) VALUES ('023bbe17-d5bc-4983-afbd-44885008ca77', 'e0c664d9-c274-4f40-af3d-9c5f220c6027', 'cc69b300-9b97-11f0-b7ae-5a93b150659e', '2025-01-06', '7cfc9898-9d10-11f0-8e8d-b2353c7546ec', '美骨小顔コルギ(60分)', 15000, 'cash', 15000, 0, '2025-01-06', '2025-01-06');
INSERT INTO payments (payment_id, customer_id, staff_id, payment_date, service_id, service_name, total_amount, payment_method, cash_amount, card_amount, created_at, updated_at) VALUES ('33f21a02-7365-4886-bef9-db6ca6fb6222', '39a62f68-c8cc-4b80-ad7d-f1aff2bf1cdd', 'cc69b300-9b97-11f0-b7ae-5a93b150659e', '2025-02-26', '937a225d-9d10-11f0-8e8d-b2353c7546ec', '美骨小顔コルギ(90分)', 19000, 'card', 0, 19000, '2025-02-26', '2025-02-26');
INSERT INTO customer_tickets (customer_ticket_id, customer_id, plan_id, purchase_date, expiry_date, sessions_remaining, purchase_price) VALUES ('e42a0cb6-5079-4d76-8282-50e942a3ca4e', 'f2d5c138-db8b-4146-b18e-2bc04f741321', '5b17a109-9d29-11f0-8e8d-b2353c7546ec', '2024-05-26', '2025-05-26', 6, 42500);
INSERT INTO payments (payment_id, customer_id, staff_id, payment_date, service_name, total_amount, payment_method, cash_amount, card_amount, created_at, updated_at) VALUES ('584ab9b5-d87c-42b2-bd14-2b170a0dc570', 'f2d5c138-db8b-4146-b18e-2bc04f741321', 'deabe83a-9b97-11f0-b7ae-5a93b150659e', '2024-05-26', '60分5回券(会員男性)', 42500, 'cash', 42500, 0, '2024-05-26', '2024-05-26');
INSERT INTO ticket_payments (payment_id, customer_ticket_id, payment_date, amount_paid, payment_method) VALUES ('584ab9b5-d87c-42b2-bd14-2b170a0dc570', 'e42a0cb6-5079-4d76-8282-50e942a3ca4e', '2024-05-26', 42500, 'cash');
INSERT INTO payments (payment_id, customer_id, staff_id, payment_date, service_id, service_name, total_amount, payment_method, cash_amount, card_amount, created_at, updated_at) VALUES ('cf8f9166-a864-498d-b15e-654f0e20c74f', 'ad1fb91b-92f3-42a7-9a86-edaeea16e034', 'cc69b300-9b97-11f0-b7ae-5a93b150659e', '2024-11-24', '2ffd7ad2-9eae-11f0-a8d1-362b931374cc', 'キャビテーション', 6000, 'cash', 6000, 0, '2024-11-24', '2024-11-24');
INSERT INTO customer_tickets (customer_ticket_id, customer_id, plan_id, purchase_date, expiry_date, sessions_remaining, purchase_price) VALUES ('cc12a55b-4c94-4390-93ba-b1f4776e9d13', '3f953f36-be5f-47bb-93aa-a465a7f44dd3', '6d51a07c-9eae-11f0-a8d1-362b931374cc', '2025-07-15', '2026-07-15', 8, 16500);
INSERT INTO payments (payment_id, customer_id, staff_id, payment_date, service_name, total_amount, payment_method, cash_amount, card_amount, created_at, updated_at) VALUES ('82303a9b-dbbf-4740-bab9-3f49c7ad0af0', '3f953f36-be5f-47bb-93aa-a465a7f44dd3', 'cc69b300-9b97-11f0-b7ae-5a93b150659e', '2025-07-15', 'キャビテーション3回券', 16500, 'cash', 16500, 0, '2025-07-15', '2025-07-15');
INSERT INTO ticket_payments (payment_id, customer_ticket_id, payment_date, amount_paid, payment_method) VALUES ('82303a9b-dbbf-4740-bab9-3f49c7ad0af0', 'cc12a55b-4c94-4390-93ba-b1f4776e9d13', '2025-07-15', 16500, 'cash');
INSERT INTO payments (payment_id, customer_id, staff_id, payment_date, service_id, service_name, total_amount, payment_method, cash_amount, card_amount, created_at, updated_at) VALUES ('8eb15cbe-9c5c-4f58-91f5-ba018629a2c5', '2a0bf9d4-d324-46ec-a95a-df109bc94c54', 'cc69b300-9b97-11f0-b7ae-5a93b150659e', '2024-11-15', '7cfc9898-9d10-11f0-8e8d-b2353c7546ec', '美骨小顔コルギ(60分)', 15000, 'card', 0, 15000, '2024-11-15', '2024-11-15');
INSERT INTO payments (payment_id, customer_id, staff_id, payment_date, service_id, service_name, total_amount, payment_method, cash_amount, card_amount, created_at, updated_at) VALUES ('6fdf2518-4100-455e-9504-7eccfcc2d093', '78a76b0c-0d20-4e35-957e-5dc19f92f381', 'f5b5eecc-9b97-11f0-b7ae-5a93b150659e', '2025-03-25', '937a225d-9d10-11f0-8e8d-b2353c7546ec', '美骨小顔コルギ(90分)', 19000, 'cash', 19000, 0, '2025-03-25', '2025-03-25');
INSERT INTO payments (payment_id, customer_id, staff_id, payment_date, service_id, service_name, total_amount, payment_method, cash_amount, card_amount, created_at, updated_at) VALUES ('ee0fe633-ef9f-4555-920a-9e0999d90c9d', '72f05fc8-5c75-47a6-8ab8-488ed2c17565', 'cc69b300-9b97-11f0-b7ae-5a93b150659e', '2024-09-17', '2ffd7ad2-9eae-11f0-a8d1-362b931374cc', 'キャビテーション', 6000, 'cash', 6000, 0, '2024-09-17', '2024-09-17');
INSERT INTO payments (payment_id, customer_id, staff_id, payment_date, service_id, service_name, total_amount, payment_method, cash_amount, card_amount, created_at, updated_at) VALUES ('2de4cc5b-36c8-43e3-b1b9-b9ee11573d9e', '60ed4116-1a7d-485d-8350-2b55364734ca', 'deabe83a-9b97-11f0-b7ae-5a93b150659e', '2025-04-25', '2ffd7ad2-9eae-11f0-a8d1-362b931374cc', 'キャビテーション', 6000, 'card', 0, 6000, '2025-04-25', '2025-04-25');
INSERT INTO payments (payment_id, customer_id, staff_id, payment_date, service_id, service_name, total_amount, payment_method, cash_amount, card_amount, created_at, updated_at) VALUES ('05e78b9a-4e44-46f5-9449-1ceca9849776', '1e1e4ee7-98ee-4d65-b596-998ccea70860', 'f5b5eecc-9b97-11f0-b7ae-5a93b150659e', '2025-12-09', '7cfc9898-9d10-11f0-8e8d-b2353c7546ec', '美骨小顔コルギ(60分)', 15000, 'card', 0, 15000, '2025-12-09', '2025-12-09');
INSERT INTO payments (payment_id, customer_id, staff_id, payment_date, service_id, service_name, total_amount, payment_method, cash_amount, card_amount, created_at, updated_at) VALUES ('4a6375d4-a7c9-446b-b35d-89af435c177e', 'c8f25991-3289-43d7-8c17-5682cdd75890', 'f5b5eecc-9b97-11f0-b7ae-5a93b150659e', '2024-03-10', '2ffd7ad2-9eae-11f0-a8d1-362b931374cc', 'キャビテーション', 6000, 'cash', 0, 0, '2024-03-10', '2024-03-10');
INSERT INTO payments (payment_id, customer_id, staff_id, payment_date, service_id, service_name, total_amount, payment_method, cash_amount, card_amount, created_at, updated_at) VALUES ('976cd7c1-891d-4fdc-ab61-283537b04a7a', '38096f24-20d5-4955-8030-6600a6e2c559', 'f5b5eecc-9b97-11f0-b7ae-5a93b150659e', '2025-05-18', '937a225d-9d10-11f0-8e8d-b2353c7546ec', '美骨小顔コルギ(90分)', 19000, 'cash', 0, 0, '2025-05-18', '2025-05-18');
INSERT INTO payments (payment_id, customer_id, staff_id, payment_date, service_id, service_name, total_amount, payment_method, cash_amount, card_amount, created_at, updated_at) VALUES ('56c7d38a-6ee0-475f-9cd2-668ddfb43b24', 'ad1fb91b-92f3-42a7-9a86-edaeea16e034', 'cc69b300-9b97-11f0-b7ae-5a93b150659e', '2025-08-01', '7cfc9898-9d10-11f0-8e8d-b2353c7546ec', '美骨小顔コルギ(60分)', 15000, 'cash', 0, 0, '2025-08-01', '2025-08-01');
INSERT INTO payments (payment_id, customer_id, staff_id, payment_date, service_id, service_name, total_amount, payment_method, cash_amount, card_amount, created_at, updated_at) VALUES ('f7e5a2bb-ee09-49d1-baa3-d34da8f4d592', 'c8f25991-3289-43d7-8c17-5682cdd75890', 'f5b5eecc-9b97-11f0-b7ae-5a93b150659e', '2025-01-06', '7cfc9898-9d10-11f0-8e8d-b2353c7546ec', '美骨小顔コルギ(60分)', 15000, 'cash', 15000, 0, '2025-01-06', '2025-01-06');
INSERT INTO payments (payment_id, customer_id, staff_id, payment_date, service_id, service_name, total_amount, payment_method, cash_amount, card_amount, created_at, updated_at) VALUES ('ba5ef693-d1e7-4fb2-8778-1cf6fd32b57e', '08bf46c8-8166-4991-9f6b-82c399998b74', 'f5b5eecc-9b97-11f0-b7ae-5a93b150659e', '2025-08-25', '7cfc9898-9d10-11f0-8e8d-b2353c7546ec', '美骨小顔コルギ(60分)', 15000, 'cash', 0, 0, '2025-08-25', '2025-08-25');
INSERT INTO payments (payment_id, customer_id, staff_id, payment_date, service_id, service_name, total_amount, payment_method, cash_amount, card_amount, created_at, updated_at) VALUES ('d3b73a8d-4935-4ef9-ba74-c2a4b996a3eb', 'e8f615bb-837c-4e0f-ba43-04feb135967e', 'deabe83a-9b97-11f0-b7ae-5a93b150659e', '2024-09-30', '937a225d-9d10-11f0-8e8d-b2353c7546ec', '美骨小顔コルギ(90分)', 19000, 'cash', 0, 0, '2024-09-30', '2024-09-30');
INSERT INTO payments (payment_id, customer_id, staff_id, payment_date, service_id, service_name, total_amount, payment_method, cash_amount, card_amount, created_at, updated_at) VALUES ('f1ea1769-bb99-4a04-b060-066ac45906dd', '39a62f68-c8cc-4b80-ad7d-f1aff2bf1cdd', 'f5b5eecc-9b97-11f0-b7ae-5a93b150659e', '2025-07-05', '2ffd7ad2-9eae-11f0-a8d1-362b931374cc', 'キャビテーション', 6000, 'card', 0, 6000, '2025-07-05', '2025-07-05');
INSERT INTO payments (payment_id, customer_id, staff_id, payment_date, service_id, service_name, total_amount, payment_method, cash_amount, card_amount, created_at, updated_at) VALUES ('3a7e5fe1-1586-428f-bde9-b7b28cc83230', '6ca60158-c46e-4f19-9bdb-7fbe780faa6f', 'cc69b300-9b97-11f0-b7ae-5a93b150659e', '2024-05-19', '7cfc9898-9d10-11f0-8e8d-b2353c7546ec', '美骨小顔コルギ(60分)', 15000, 'cash', 0, 0, '2024-05-19', '2024-05-19');
INSERT INTO payments (payment_id, customer_id, staff_id, payment_date, service_id, service_name, total_amount, payment_method, cash_amount, card_amount, created_at, updated_at) VALUES ('ea0a28dc-90eb-48ba-aef0-734a9b5fea80', '5c599f78-33ec-4063-aa16-39d5612cd773', 'deabe83a-9b97-11f0-b7ae-5a93b150659e', '2024-06-26', '7cfc9898-9d10-11f0-8e8d-b2353c7546ec', '美骨小顔コルギ(60分)', 15000, 'card', 0, 15000, '2024-06-26', '2024-06-26');
INSERT INTO payments (payment_id, customer_id, staff_id, payment_date, service_id, service_name, total_amount, payment_method, cash_amount, card_amount, created_at, updated_at) VALUES ('863899b3-1dfd-492a-be64-56f9af6af086', 'caa08af1-50e4-4672-b0d3-0b89d1a7ac08', 'deabe83a-9b97-11f0-b7ae-5a93b150659e', '2025-03-20', '2ffd7ad2-9eae-11f0-a8d1-362b931374cc', 'キャビテーション', 6000, 'card', 0, 6000, '2025-03-20', '2025-03-20');
INSERT INTO payments (payment_id, customer_id, staff_id, payment_date, service_id, service_name, total_amount, payment_method, cash_amount, card_amount, created_at, updated_at) VALUES ('0cee6d2e-e567-45d8-b51e-c1518b2f7285', '78a76b0c-0d20-4e35-957e-5dc19f92f381', 'deabe83a-9b97-11f0-b7ae-5a93b150659e', '2024-07-17', '937a225d-9d10-11f0-8e8d-b2353c7546ec', '美骨小顔コルギ(90分)', 19000, 'card', 0, 19000, '2024-07-17', '2024-07-17');
INSERT INTO payments (payment_id, customer_id, staff_id, payment_date, service_id, service_name, total_amount, payment_method, cash_amount, card_amount, created_at, updated_at) VALUES ('631fecd1-2459-47fb-aa58-1e2d52d6ff7c', 'b491b638-88e9-42c9-92be-78a715a8017f', 'deabe83a-9b97-11f0-b7ae-5a93b150659e', '2025-04-26', '937a225d-9d10-11f0-8e8d-b2353c7546ec', '美骨小顔コルギ(90分)', 19000, 'card', 0, 19000, '2025-04-26', '2025-04-26');
INSERT INTO customer_tickets (customer_ticket_id, customer_id, plan_id, purchase_date, expiry_date, sessions_remaining, purchase_price) VALUES ('10650112-7dae-43ce-8603-8a884534143f', '2c131dbc-f5d9-46d1-b9c1-b549f5ee49c0', '6d51a07c-9eae-11f0-a8d1-362b931374cc', '2024-03-30', '2025-03-30', 7, 16500);
INSERT INTO payments (payment_id, customer_id, staff_id, payment_date, service_name, total_amount, payment_method, cash_amount, card_amount, created_at, updated_at) VALUES ('f5db79d7-f78a-43b3-aee5-68607bb42328', '2c131dbc-f5d9-46d1-b9c1-b549f5ee49c0', 'cc69b300-9b97-11f0-b7ae-5a93b150659e', '2024-03-30', 'キャビテーション3回券', 16500, 'card', 0, 16500, '2024-03-30', '2024-03-30');
INSERT INTO ticket_payments (payment_id, customer_ticket_id, payment_date, amount_paid, payment_method) VALUES ('f5db79d7-f78a-43b3-aee5-68607bb42328', '10650112-7dae-43ce-8603-8a884534143f', '2024-03-30', 16500, 'card');
INSERT INTO payments (payment_id, customer_id, staff_id, payment_date, service_id, service_name, total_amount, payment_method, cash_amount, card_amount, created_at, updated_at) VALUES ('703b100c-f139-4ca5-8721-6d45acafc2fc', '180a8d94-b378-4faf-9b91-bcaa90a776ea', 'f5b5eecc-9b97-11f0-b7ae-5a93b150659e', '2025-11-07', '2ffd7ad2-9eae-11f0-a8d1-362b931374cc', 'キャビテーション', 6000, 'cash', 6000, 0, '2025-11-07', '2025-11-07');
INSERT INTO payments (payment_id, customer_id, staff_id, payment_date, service_id, service_name, total_amount, payment_method, cash_amount, card_amount, created_at, updated_at) VALUES ('f76a0769-a985-49ef-b5e3-6be9c2881f2a', '60c4ceab-a1a3-4c4f-850b-192c82779008', 'f5b5eecc-9b97-11f0-b7ae-5a93b150659e', '2024-09-27', '2ffd7ad2-9eae-11f0-a8d1-362b931374cc', 'キャビテーション', 6000, 'cash', 0, 0, '2024-09-27', '2024-09-27');
INSERT INTO payments (payment_id, customer_id, staff_id, payment_date, service_id, service_name, total_amount, payment_method, cash_amount, card_amount, created_at, updated_at) VALUES ('88dec104-6548-410f-acba-5fb1a58d9852', '9fd0f5bd-c4dd-4898-b405-1171ae99b017', 'cc69b300-9b97-11f0-b7ae-5a93b150659e', '2024-02-18', '7cfc9898-9d10-11f0-8e8d-b2353c7546ec', '美骨小顔コルギ(60分)', 15000, 'card', 0, 15000, '2024-02-18', '2024-02-18');
INSERT INTO payments (payment_id, customer_id, staff_id, payment_date, service_id, service_name, total_amount, payment_method, cash_amount, card_amount, created_at, updated_at) VALUES ('ec0be49c-ca25-4973-9b9b-e434a4850e52', '0afe0d0a-dacd-4e62-90a9-3fde0f0d54d1', 'cc69b300-9b97-11f0-b7ae-5a93b150659e', '2024-03-25', '2ffd7ad2-9eae-11f0-a8d1-362b931374cc', 'キャビテーション', 6000, 'cash', 6000, 0, '2024-03-25', '2024-03-25');
INSERT INTO payments (payment_id, customer_id, staff_id, payment_date, service_id, service_name, total_amount, payment_method, cash_amount, card_amount, created_at, updated_at) VALUES ('3ed0d4d1-3508-4ffc-aeb9-67a749352961', '2799885e-99a8-4753-9764-205789d730e1', 'deabe83a-9b97-11f0-b7ae-5a93b150659e', '2025-09-12', '937a225d-9d10-11f0-8e8d-b2353c7546ec', '美骨小顔コルギ(90分)', 19000, 'cash', 0, 0, '2025-09-12', '2025-09-12');
INSERT INTO customer_tickets (customer_ticket_id, customer_id, plan_id, purchase_date, expiry_date, sessions_remaining, purchase_price) VALUES ('429265c8-577c-4fae-a50d-bdd9209a54d6', '7ba9a7d9-9c01-4678-8a90-e518fa02d1db', '7d0b8322-9eae-11f0-a8d1-362b931374cc', '2024-06-07', '2025-06-07', 8, 25000);
INSERT INTO payments (payment_id, customer_id, staff_id, payment_date, service_name, total_amount, payment_method, cash_amount, card_amount, created_at, updated_at) VALUES ('fbdb31c4-42c2-4656-aa38-8edf3b097171', '7ba9a7d9-9c01-4678-8a90-e518fa02d1db', 'cc69b300-9b97-11f0-b7ae-5a93b150659e', '2024-06-07', 'キャビテーション5回券', 25000, 'cash', 0, 0, '2024-06-07', '2024-06-07');
INSERT INTO ticket_payments (payment_id, customer_ticket_id, payment_date, amount_paid, payment_method) VALUES ('fbdb31c4-42c2-4656-aa38-8edf3b097171', '429265c8-577c-4fae-a50d-bdd9209a54d6', '2024-06-07', 25000, 'cash');
INSERT INTO payments (payment_id, customer_id, staff_id, payment_date, service_id, service_name, total_amount, payment_method, cash_amount, card_amount, created_at, updated_at) VALUES ('c4cdc8e6-2eca-4618-8e4e-900e3ccdf1bd', '7ba9a7d9-9c01-4678-8a90-e518fa02d1db', 'deabe83a-9b97-11f0-b7ae-5a93b150659e', '2024-02-21', '7cfc9898-9d10-11f0-8e8d-b2353c7546ec', '美骨小顔コルギ(60分)', 15000, 'cash', 15000, 0, '2024-02-21', '2024-02-21');
INSERT INTO customer_tickets (customer_ticket_id, customer_id, plan_id, purchase_date, expiry_date, sessions_remaining, purchase_price) VALUES ('cfa4d3c9-cfad-49ab-8f00-f87149ebf002', '11bef297-d857-4c94-84b7-58c107b708f3', '7d0b8322-9eae-11f0-a8d1-362b931374cc', '2024-05-18', '2025-05-18', 3, 25000);
INSERT INTO payments (payment_id, customer_id, staff_id, payment_date, service_name, total_amount, payment_method, cash_amount, card_amount, created_at, updated_at) VALUES ('22770e95-5199-447a-96dc-a448b73bb709', '11bef297-d857-4c94-84b7-58c107b708f3', 'f5b5eecc-9b97-11f0-b7ae-5a93b150659e', '2024-05-18', 'キャビテーション5回券', 25000, 'card', 0, 25000, '2024-05-18', '2024-05-18');
INSERT INTO ticket_payments (payment_id, customer_ticket_id, payment_date, amount_paid, payment_method) VALUES ('22770e95-5199-447a-96dc-a448b73bb709', 'cfa4d3c9-cfad-49ab-8f00-f87149ebf002', '2024-05-18', 25000, 'card');
INSERT INTO customer_tickets (customer_ticket_id, customer_id, plan_id, purchase_date, expiry_date, sessions_remaining, purchase_price) VALUES ('ad50f49c-7c85-4d89-927e-bf8e6c5d6e73', '74ed7838-680b-48df-88b0-59997f54b787', '7d0b8322-9eae-11f0-a8d1-362b931374cc', '2024-10-30', '2025-10-30', 5, 25000);
INSERT INTO payments (payment_id, customer_id, staff_id, payment_date, service_name, total_amount, payment_method, cash_amount, card_amount, created_at, updated_at) VALUES ('43dfc3d6-d3de-425e-8705-9562c7d96175', '74ed7838-680b-48df-88b0-59997f54b787', 'cc69b300-9b97-11f0-b7ae-5a93b150659e', '2024-10-30', 'キャビテーション5回券', 25000, 'cash', 25000, 0, '2024-10-30', '2024-10-30');
INSERT INTO ticket_payments (payment_id, customer_ticket_id, payment_date, amount_paid, payment_method) VALUES ('43dfc3d6-d3de-425e-8705-9562c7d96175', 'ad50f49c-7c85-4d89-927e-bf8e6c5d6e73', '2024-10-30', 25000, 'cash');
INSERT INTO customer_tickets (customer_ticket_id, customer_id, plan_id, purchase_date, expiry_date, sessions_remaining, purchase_price) VALUES ('46d0807c-8f20-4cdc-ad71-af576f64001a', 'e32fe5a8-d923-4c3b-a6ea-3f4e03ad4979', '7d0b8322-9eae-11f0-a8d1-362b931374cc', '2024-11-30', '2025-11-30', 9, 25000);
INSERT INTO payments (payment_id, customer_id, staff_id, payment_date, service_name, total_amount, payment_method, cash_amount, card_amount, created_at, updated_at) VALUES ('ee6e64ed-159e-4a33-9a66-db9ef608a723', 'e32fe5a8-d923-4c3b-a6ea-3f4e03ad4979', 'cc69b300-9b97-11f0-b7ae-5a93b150659e', '2024-11-30', 'キャビテーション5回券', 25000, 'cash', 25000, 0, '2024-11-30', '2024-11-30');
INSERT INTO ticket_payments (payment_id, customer_ticket_id, payment_date, amount_paid, payment_method) VALUES ('ee6e64ed-159e-4a33-9a66-db9ef608a723', '46d0807c-8f20-4cdc-ad71-af576f64001a', '2024-11-30', 25000, 'cash');
INSERT INTO payments (payment_id, customer_id, staff_id, payment_date, service_id, service_name, total_amount, payment_method, cash_amount, card_amount, created_at, updated_at) VALUES ('25754b9f-3b8a-4ee7-95ca-17fbce9464d4', 'edb3a1cd-40c8-4957-9989-4262a5529c72', 'deabe83a-9b97-11f0-b7ae-5a93b150659e', '2025-02-09', '7cfc9898-9d10-11f0-8e8d-b2353c7546ec', '美骨小顔コルギ(60分)', 15000, 'cash', 15000, 0, '2025-02-09', '2025-02-09');
INSERT INTO customer_tickets (customer_ticket_id, customer_id, plan_id, purchase_date, expiry_date, sessions_remaining, purchase_price) VALUES ('1f320218-fa22-402a-8f5a-5b2bec50242e', 'f9f283ca-006f-4b53-838e-c54d32c26275', '5b17a109-9d29-11f0-8e8d-b2353c7546ec', '2024-03-04', '2025-03-04', 5, 42500);
INSERT INTO payments (payment_id, customer_id, staff_id, payment_date, service_name, total_amount, payment_method, cash_amount, card_amount, created_at, updated_at) VALUES ('ac096813-917e-4a23-a407-2617b4f2a642', 'f9f283ca-006f-4b53-838e-c54d32c26275', 'f5b5eecc-9b97-11f0-b7ae-5a93b150659e', '2024-03-04', '60分5回券(会員男性)', 42500, 'cash', 42500, 0, '2024-03-04', '2024-03-04');
INSERT INTO ticket_payments (payment_id, customer_ticket_id, payment_date, amount_paid, payment_method) VALUES ('ac096813-917e-4a23-a407-2617b4f2a642', '1f320218-fa22-402a-8f5a-5b2bec50242e', '2024-03-04', 42500, 'cash');
INSERT INTO payments (payment_id, customer_id, staff_id, payment_date, service_id, service_name, total_amount, payment_method, cash_amount, card_amount, created_at, updated_at) VALUES ('5e3f7a84-1976-4a85-a335-53618608c9c2', '7f90cd11-5a26-4966-a11d-b208a0785d5c', 'f5b5eecc-9b97-11f0-b7ae-5a93b150659e', '2025-10-26', '7cfc9898-9d10-11f0-8e8d-b2353c7546ec', '美骨小顔コルギ(60分)', 15000, 'cash', 0, 0, '2025-10-26', '2025-10-26');
INSERT INTO customer_tickets (customer_ticket_id, customer_id, plan_id, purchase_date, expiry_date, sessions_remaining, purchase_price) VALUES ('12abc99c-328d-4dba-8c12-f3f129329751', '7ed1f4bb-3b94-4cdc-a12f-1c9baeabb2b3', '7d0b8322-9eae-11f0-a8d1-362b931374cc', '2025-08-06', '2026-08-06', 4, 25000);
INSERT INTO payments (payment_id, customer_id, staff_id, payment_date, service_name, total_amount, payment_method, cash_amount, card_amount, created_at, updated_at) VALUES ('004bb3ea-74f2-4abc-9bae-f18e0578ef84', '7ed1f4bb-3b94-4cdc-a12f-1c9baeabb2b3', 'cc69b300-9b97-11f0-b7ae-5a93b150659e', '2025-08-06', 'キャビテーション5回券', 25000, 'card', 0, 25000, '2025-08-06', '2025-08-06');
INSERT INTO ticket_payments (payment_id, customer_ticket_id, payment_date, amount_paid, payment_method) VALUES ('004bb3ea-74f2-4abc-9bae-f18e0578ef84', '12abc99c-328d-4dba-8c12-f3f129329751', '2025-08-06', 25000, 'card');
INSERT INTO payments (payment_id, customer_id, staff_id, payment_date, service_id, service_name, total_amount, payment_method, cash_amount, card_amount, created_at, updated_at) VALUES ('0dca5a0b-284f-4b8d-90ec-4d13eb17d501', '182da54d-02ab-46fc-90a2-fa61eb5904f7', 'cc69b300-9b97-11f0-b7ae-5a93b150659e', '2025-04-05', '7cfc9898-9d10-11f0-8e8d-b2353c7546ec', '美骨小顔コルギ(60分)', 15000, 'cash', 15000, 0, '2025-04-05', '2025-04-05');
INSERT INTO customer_tickets (customer_ticket_id, customer_id, plan_id, purchase_date, expiry_date, sessions_remaining, purchase_price) VALUES ('493ce140-d39d-44f9-a0fe-c0b3d920e3da', '70efd43e-9cff-4dbb-890f-7ecc502981d2', '5b17a109-9d29-11f0-8e8d-b2353c7546ec', '2025-11-12', '2026-11-12', 3, 42500);
INSERT INTO payments (payment_id, customer_id, staff_id, payment_date, service_name, total_amount, payment_method, cash_amount, card_amount, created_at, updated_at) VALUES ('0fe1399a-9354-4c74-9e9e-5ca0ee2bad31', '70efd43e-9cff-4dbb-890f-7ecc502981d2', 'deabe83a-9b97-11f0-b7ae-5a93b150659e', '2025-11-12', '60分5回券(会員男性)', 42500, 'card', 0, 42500, '2025-11-12', '2025-11-12');
INSERT INTO ticket_payments (payment_id, customer_ticket_id, payment_date, amount_paid, payment_method) VALUES ('0fe1399a-9354-4c74-9e9e-5ca0ee2bad31', '493ce140-d39d-44f9-a0fe-c0b3d920e3da', '2025-11-12', 42500, 'card');
INSERT INTO payments (payment_id, customer_id, staff_id, payment_date, service_id, service_name, total_amount, payment_method, cash_amount, card_amount, created_at, updated_at) VALUES ('f6dd1be9-d47a-4c2e-ac8b-26d049dfd45b', 'f0a006b8-802d-42e0-b7e2-93eddcfb4cb4', 'f5b5eecc-9b97-11f0-b7ae-5a93b150659e', '2024-06-26', '2ffd7ad2-9eae-11f0-a8d1-362b931374cc', 'キャビテーション', 6000, 'card', 0, 6000, '2024-06-26', '2024-06-26');
INSERT INTO payments (payment_id, customer_id, staff_id, payment_date, service_id, service_name, total_amount, payment_method, cash_amount, card_amount, created_at, updated_at) VALUES ('0f4042b4-f2ef-472e-90dd-a3042d6c7ef4', '2f42f714-14ab-4fb4-acf7-e0d216553834', 'cc69b300-9b97-11f0-b7ae-5a93b150659e', '2025-01-12', '937a225d-9d10-11f0-8e8d-b2353c7546ec', '美骨小顔コルギ(90分)', 19000, 'cash', 0, 0, '2025-01-12', '2025-01-12');
INSERT INTO payments (payment_id, customer_id, staff_id, payment_date, service_id, service_name, total_amount, payment_method, cash_amount, card_amount, created_at, updated_at) VALUES ('45951849-faf7-483b-b1b6-d01980b5b12e', '7f9957e8-ff02-49c6-9b20-3ae310abb9c9', 'cc69b300-9b97-11f0-b7ae-5a93b150659e', '2024-08-24', '937a225d-9d10-11f0-8e8d-b2353c7546ec', '美骨小顔コルギ(90分)', 19000, 'cash', 19000, 0, '2024-08-24', '2024-08-24');
INSERT INTO payments (payment_id, customer_id, staff_id, payment_date, service_id, service_name, total_amount, payment_method, cash_amount, card_amount, created_at, updated_at) VALUES ('af0c9a93-64be-47e2-b85b-57387be9f143', '637a914e-4a16-4861-9b8b-8cf1e848b2bb', 'cc69b300-9b97-11f0-b7ae-5a93b150659e', '2024-07-19', '2ffd7ad2-9eae-11f0-a8d1-362b931374cc', 'キャビテーション', 6000, 'card', 0, 6000, '2024-07-19', '2024-07-19');
INSERT INTO payments (payment_id, customer_id, staff_id, payment_date, service_id, service_name, total_amount, payment_method, cash_amount, card_amount, created_at, updated_at) VALUES ('ee511ec7-1b9d-458e-83fa-3f3321de46b4', '317754f8-9bf6-4635-8679-08508e7be0a2', 'deabe83a-9b97-11f0-b7ae-5a93b150659e', '2024-02-21', '937a225d-9d10-11f0-8e8d-b2353c7546ec', '美骨小顔コルギ(90分)', 19000, 'card', 0, 19000, '2024-02-21', '2024-02-21');
INSERT INTO payments (payment_id, customer_id, staff_id, payment_date, service_id, service_name, total_amount, payment_method, cash_amount, card_amount, created_at, updated_at) VALUES ('f76171a6-c332-4dc7-a05d-8df3c0f83b4d', '04c5e0ce-b5c1-4cfa-8713-c68e377b0b92', 'cc69b300-9b97-11f0-b7ae-5a93b150659e', '2024-09-17', '7cfc9898-9d10-11f0-8e8d-b2353c7546ec', '美骨小顔コルギ(60分)', 15000, 'cash', 15000, 0, '2024-09-17', '2024-09-17');
INSERT INTO payments (payment_id, customer_id, staff_id, payment_date, service_id, service_name, total_amount, payment_method, cash_amount, card_amount, created_at, updated_at) VALUES ('2a8d0d04-b084-4bd8-b69a-87b03f429353', '5177c495-b60e-4936-9f33-9492c94311fd', 'f5b5eecc-9b97-11f0-b7ae-5a93b150659e', '2025-07-12', '2ffd7ad2-9eae-11f0-a8d1-362b931374cc', 'キャビテーション', 6000, 'cash', 6000, 0, '2025-07-12', '2025-07-12');
INSERT INTO payments (payment_id, customer_id, staff_id, payment_date, service_id, service_name, total_amount, payment_method, cash_amount, card_amount, created_at, updated_at) VALUES ('924ce8f8-b059-4696-b046-ae8fcd8b5996', '0ff56123-d3d5-4e1f-b1e9-48d1f330a719', 'f5b5eecc-9b97-11f0-b7ae-5a93b150659e', '2025-01-24', '7cfc9898-9d10-11f0-8e8d-b2353c7546ec', '美骨小顔コルギ(60分)', 15000, 'cash', 15000, 0, '2025-01-24', '2025-01-24');
INSERT INTO payments (payment_id, customer_id, staff_id, payment_date, service_id, service_name, total_amount, payment_method, cash_amount, card_amount, created_at, updated_at) VALUES ('000cc5a1-4fa2-4118-8ceb-c52d5d3dc08c', 'fe218f93-e43a-4315-b987-8e968a22eb6f', 'f5b5eecc-9b97-11f0-b7ae-5a93b150659e', '2025-01-14', '2ffd7ad2-9eae-11f0-a8d1-362b931374cc', 'キャビテーション', 6000, 'cash', 0, 0, '2025-01-14', '2025-01-14');
INSERT INTO customer_tickets (customer_ticket_id, customer_id, plan_id, purchase_date, expiry_date, sessions_remaining, purchase_price) VALUES ('bdd96fac-492c-442e-a531-08599e9bd6b7', '94a93d15-a12b-4cbb-87be-76c2c6c88d60', '5b17a109-9d29-11f0-8e8d-b2353c7546ec', '2025-03-26', '2026-03-26', 6, 42500);
INSERT INTO payments (payment_id, customer_id, staff_id, payment_date, service_name, total_amount, payment_method, cash_amount, card_amount, created_at, updated_at) VALUES ('e2025a30-af3c-4f39-960c-b01ad0641c62', '94a93d15-a12b-4cbb-87be-76c2c6c88d60', 'cc69b300-9b97-11f0-b7ae-5a93b150659e', '2025-03-26', '60分5回券(会員男性)', 42500, 'cash', 0, 0, '2025-03-26', '2025-03-26');
INSERT INTO ticket_payments (payment_id, customer_ticket_id, payment_date, amount_paid, payment_method) VALUES ('e2025a30-af3c-4f39-960c-b01ad0641c62', 'bdd96fac-492c-442e-a531-08599e9bd6b7', '2025-03-26', 42500, 'cash');
INSERT INTO customer_tickets (customer_ticket_id, customer_id, plan_id, purchase_date, expiry_date, sessions_remaining, purchase_price) VALUES ('91dc27e8-5648-4790-adab-8a213b1b62b1', '9fd0f5bd-c4dd-4898-b405-1171ae99b017', '7d0b8322-9eae-11f0-a8d1-362b931374cc', '2024-03-28', '2025-03-28', 8, 25000);
INSERT INTO payments (payment_id, customer_id, staff_id, payment_date, service_name, total_amount, payment_method, cash_amount, card_amount, created_at, updated_at) VALUES ('55234346-872b-440f-b623-1545ce655032', '9fd0f5bd-c4dd-4898-b405-1171ae99b017', 'cc69b300-9b97-11f0-b7ae-5a93b150659e', '2024-03-28', 'キャビテーション5回券', 25000, 'cash', 25000, 0, '2024-03-28', '2024-03-28');
INSERT INTO ticket_payments (payment_id, customer_ticket_id, payment_date, amount_paid, payment_method) VALUES ('55234346-872b-440f-b623-1545ce655032', '91dc27e8-5648-4790-adab-8a213b1b62b1', '2024-03-28', 25000, 'cash');
INSERT INTO payments (payment_id, customer_id, staff_id, payment_date, service_id, service_name, total_amount, payment_method, cash_amount, card_amount, created_at, updated_at) VALUES ('7a7a80de-9c59-45a3-9fe7-85b20974e392', 'd2ec3b95-1326-4beb-9183-2275954d8b98', 'deabe83a-9b97-11f0-b7ae-5a93b150659e', '2024-10-14', '7cfc9898-9d10-11f0-8e8d-b2353c7546ec', '美骨小顔コルギ(60分)', 15000, 'card', 0, 15000, '2024-10-14', '2024-10-14');
INSERT INTO customer_tickets (customer_ticket_id, customer_id, plan_id, purchase_date, expiry_date, sessions_remaining, purchase_price) VALUES ('c1d3b432-459f-4317-8c51-54a0e67a1209', '31ec8bdf-3ff1-4dbd-8d3c-f684398b6139', '5b17a109-9d29-11f0-8e8d-b2353c7546ec', '2025-11-11', '2026-11-11', 2, 42500);
INSERT INTO payments (payment_id, customer_id, staff_id, payment_date, service_name, total_amount, payment_method, cash_amount, card_amount, created_at, updated_at) VALUES ('e38d643a-d033-4646-80e5-371a2ecf5c9a', '31ec8bdf-3ff1-4dbd-8d3c-f684398b6139', 'f5b5eecc-9b97-11f0-b7ae-5a93b150659e', '2025-11-11', '60分5回券(会員男性)', 42500, 'cash', 0, 0, '2025-11-11', '2025-11-11');
INSERT INTO ticket_payments (payment_id, customer_ticket_id, payment_date, amount_paid, payment_method) VALUES ('e38d643a-d033-4646-80e5-371a2ecf5c9a', 'c1d3b432-459f-4317-8c51-54a0e67a1209', '2025-11-11', 42500, 'cash');
INSERT INTO payments (payment_id, customer_id, staff_id, payment_date, service_id, service_name, total_amount, payment_method, cash_amount, card_amount, created_at, updated_at) VALUES ('06ef69a8-6ec3-4ccd-bdb9-d5744125055b', '5174cbfb-c8bb-4db5-883c-34fafd00ee9c', 'cc69b300-9b97-11f0-b7ae-5a93b150659e', '2024-02-22', '937a225d-9d10-11f0-8e8d-b2353c7546ec', '美骨小顔コルギ(90分)', 19000, 'cash', 0, 0, '2024-02-22', '2024-02-22');
INSERT INTO payments (payment_id, customer_id, staff_id, payment_date, service_id, service_name, total_amount, payment_method, cash_amount, card_amount, created_at, updated_at) VALUES ('1557b957-fa2f-4a46-b697-8c3a0b730e92', '5bb5c3e0-cff0-4bd3-8127-10f7bb396cb9', 'deabe83a-9b97-11f0-b7ae-5a93b150659e', '2025-03-05', '7cfc9898-9d10-11f0-8e8d-b2353c7546ec', '美骨小顔コルギ(60分)', 15000, 'cash', 0, 0, '2025-03-05', '2025-03-05');
INSERT INTO payments (payment_id, customer_id, staff_id, payment_date, service_id, service_name, total_amount, payment_method, cash_amount, card_amount, created_at, updated_at) VALUES ('73b1e76c-a622-4ab1-8d62-87445a2f25b6', 'd41d540a-b1f3-4888-a11e-b8ed75ebf93d', 'deabe83a-9b97-11f0-b7ae-5a93b150659e', '2024-07-04', '2ffd7ad2-9eae-11f0-a8d1-362b931374cc', 'キャビテーション', 6000, 'card', 0, 6000, '2024-07-04', '2024-07-04');
INSERT INTO payments (payment_id, customer_id, staff_id, payment_date, service_id, service_name, total_amount, payment_method, cash_amount, card_amount, created_at, updated_at) VALUES ('03cbb3c5-682e-4976-bd28-1b0984e663b1', '826b8617-2232-4afd-9eb7-01be72c12eb0', 'cc69b300-9b97-11f0-b7ae-5a93b150659e', '2024-10-18', '2ffd7ad2-9eae-11f0-a8d1-362b931374cc', 'キャビテーション', 6000, 'cash', 0, 0, '2024-10-18', '2024-10-18');
INSERT INTO payments (payment_id, customer_id, staff_id, payment_date, service_id, service_name, total_amount, payment_method, cash_amount, card_amount, created_at, updated_at) VALUES ('0f4b6bc4-b932-4cae-b3b1-27bfbfd947ed', '55f4a889-d991-400b-9715-5cd2aa2143b1', 'f5b5eecc-9b97-11f0-b7ae-5a93b150659e', '2024-12-17', '937a225d-9d10-11f0-8e8d-b2353c7546ec', '美骨小顔コルギ(90分)', 19000, 'card', 0, 19000, '2024-12-17', '2024-12-17');
INSERT INTO customer_tickets (customer_ticket_id, customer_id, plan_id, purchase_date, expiry_date, sessions_remaining, purchase_price) VALUES ('367c6ce1-e0f9-436c-9992-981c19e4e8f2', '68fef161-4178-41d3-bed4-d7e5bc6beb2d', '7d0b8322-9eae-11f0-a8d1-362b931374cc', '2025-03-14', '2026-03-14', 1, 25000);
INSERT INTO payments (payment_id, customer_id, staff_id, payment_date, service_name, total_amount, payment_method, cash_amount, card_amount, created_at, updated_at) VALUES ('f98ec79a-1eae-43c0-bb84-16f03302b34a', '68fef161-4178-41d3-bed4-d7e5bc6beb2d', 'cc69b300-9b97-11f0-b7ae-5a93b150659e', '2025-03-14', 'キャビテーション5回券', 25000, 'card', 0, 25000, '2025-03-14', '2025-03-14');
INSERT INTO ticket_payments (payment_id, customer_ticket_id, payment_date, amount_paid, payment_method) VALUES ('f98ec79a-1eae-43c0-bb84-16f03302b34a', '367c6ce1-e0f9-436c-9992-981c19e4e8f2', '2025-03-14', 25000, 'card');
INSERT INTO payments (payment_id, customer_id, staff_id, payment_date, service_id, service_name, total_amount, payment_method, cash_amount, card_amount, created_at, updated_at) VALUES ('5f40bae8-fe62-47e7-9287-2386a3cb1c39', '70efd43e-9cff-4dbb-890f-7ecc502981d2', 'f5b5eecc-9b97-11f0-b7ae-5a93b150659e', '2024-08-16', '7cfc9898-9d10-11f0-8e8d-b2353c7546ec', '美骨小顔コルギ(60分)', 15000, 'cash', 15000, 0, '2024-08-16', '2024-08-16');
INSERT INTO payments (payment_id, customer_id, staff_id, payment_date, service_id, service_name, total_amount, payment_method, cash_amount, card_amount, created_at, updated_at) VALUES ('4c49e2b3-5e76-4600-8822-755e8469f77c', '7106e06b-5336-4284-81a0-0adaab02ffde', 'deabe83a-9b97-11f0-b7ae-5a93b150659e', '2025-10-19', '937a225d-9d10-11f0-8e8d-b2353c7546ec', '美骨小顔コルギ(90分)', 19000, 'cash', 0, 0, '2025-10-19', '2025-10-19');
INSERT INTO customer_tickets (customer_ticket_id, customer_id, plan_id, purchase_date, expiry_date, sessions_remaining, purchase_price) VALUES ('8a543989-b51b-4ed7-9081-50a495e9edfc', '7ed1f4bb-3b94-4cdc-a12f-1c9baeabb2b3', '6d51a07c-9eae-11f0-a8d1-362b931374cc', '2024-12-06', '2025-12-06', 2, 16500);
INSERT INTO payments (payment_id, customer_id, staff_id, payment_date, service_name, total_amount, payment_method, cash_amount, card_amount, created_at, updated_at) VALUES ('5548ee47-c22f-4997-902a-2fc40ce22cfe', '7ed1f4bb-3b94-4cdc-a12f-1c9baeabb2b3', 'deabe83a-9b97-11f0-b7ae-5a93b150659e', '2024-12-06', 'キャビテーション3回券', 16500, 'card', 0, 16500, '2024-12-06', '2024-12-06');
INSERT INTO ticket_payments (payment_id, customer_ticket_id, payment_date, amount_paid, payment_method) VALUES ('5548ee47-c22f-4997-902a-2fc40ce22cfe', '8a543989-b51b-4ed7-9081-50a495e9edfc', '2024-12-06', 16500, 'card');
INSERT INTO payments (payment_id, customer_id, staff_id, payment_date, service_id, service_name, total_amount, payment_method, cash_amount, card_amount, created_at, updated_at) VALUES ('6c1bae23-6bd7-43e6-8c61-b21b5a4a32b7', '477b6bb9-f17a-4878-9408-655f7b18ffaf', 'f5b5eecc-9b97-11f0-b7ae-5a93b150659e', '2024-09-21', '7cfc9898-9d10-11f0-8e8d-b2353c7546ec', '美骨小顔コルギ(60分)', 15000, 'cash', 15000, 0, '2024-09-21', '2024-09-21');
INSERT INTO payments (payment_id, customer_id, staff_id, payment_date, service_id, service_name, total_amount, payment_method, cash_amount, card_amount, created_at, updated_at) VALUES ('13ad908d-e341-48d7-8413-816618c463fa', '2a0bf9d4-d324-46ec-a95a-df109bc94c54', 'deabe83a-9b97-11f0-b7ae-5a93b150659e', '2024-04-17', '7cfc9898-9d10-11f0-8e8d-b2353c7546ec', '美骨小顔コルギ(60分)', 15000, 'card', 0, 15000, '2024-04-17', '2024-04-17');
INSERT INTO payments (payment_id, customer_id, staff_id, payment_date, service_id, service_name, total_amount, payment_method, cash_amount, card_amount, created_at, updated_at) VALUES ('924ba44a-0360-412b-928e-65cde8ce62be', '5f521a0f-74a7-4284-be41-7d9b68f32477', 'cc69b300-9b97-11f0-b7ae-5a93b150659e', '2025-02-09', '7cfc9898-9d10-11f0-8e8d-b2353c7546ec', '美骨小顔コルギ(60分)', 15000, 'card', 0, 15000, '2025-02-09', '2025-02-09');
INSERT INTO customer_tickets (customer_ticket_id, customer_id, plan_id, purchase_date, expiry_date, sessions_remaining, purchase_price) VALUES ('83d82f54-d491-4005-8f58-7152afdf4265', '18a4209e-e90b-40f9-be24-c34c95209da4', '7d0b8322-9eae-11f0-a8d1-362b931374cc', '2024-06-01', '2025-06-01', 8, 25000);
INSERT INTO payments (payment_id, customer_id, staff_id, payment_date, service_name, total_amount, payment_method, cash_amount, card_amount, created_at, updated_at) VALUES ('ec0d904b-9014-444d-8563-e9ce36e68fe7', '18a4209e-e90b-40f9-be24-c34c95209da4', 'f5b5eecc-9b97-11f0-b7ae-5a93b150659e', '2024-06-01', 'キャビテーション5回券', 25000, 'card', 0, 25000, '2024-06-01', '2024-06-01');
INSERT INTO ticket_payments (payment_id, customer_ticket_id, payment_date, amount_paid, payment_method) VALUES ('ec0d904b-9014-444d-8563-e9ce36e68fe7', '83d82f54-d491-4005-8f58-7152afdf4265', '2024-06-01', 25000, 'card');
INSERT INTO customer_tickets (customer_ticket_id, customer_id, plan_id, purchase_date, expiry_date, sessions_remaining, purchase_price) VALUES ('a02e3709-e868-4f37-beea-12a10102543e', '1efe902c-1489-41c4-b8b6-4dc6087ee93d', '5b17a109-9d29-11f0-8e8d-b2353c7546ec', '2025-12-08', '2026-12-08', 7, 42500);
INSERT INTO payments (payment_id, customer_id, staff_id, payment_date, service_name, total_amount, payment_method, cash_amount, card_amount, created_at, updated_at) VALUES ('35058fb2-07fa-474b-b3bb-9081301795c7', '1efe902c-1489-41c4-b8b6-4dc6087ee93d', 'cc69b300-9b97-11f0-b7ae-5a93b150659e', '2025-12-08', '60分5回券(会員男性)', 42500, 'cash', 42500, 0, '2025-12-08', '2025-12-08');
INSERT INTO ticket_payments (payment_id, customer_ticket_id, payment_date, amount_paid, payment_method) VALUES ('35058fb2-07fa-474b-b3bb-9081301795c7', 'a02e3709-e868-4f37-beea-12a10102543e', '2025-12-08', 42500, 'cash');
INSERT INTO payments (payment_id, customer_id, staff_id, payment_date, service_id, service_name, total_amount, payment_method, cash_amount, card_amount, created_at, updated_at) VALUES ('35eb71cd-940d-4163-ac86-cc915ba71d4a', 'c8f25991-3289-43d7-8c17-5682cdd75890', 'deabe83a-9b97-11f0-b7ae-5a93b150659e', '2024-10-27', '7cfc9898-9d10-11f0-8e8d-b2353c7546ec', '美骨小顔コルギ(60分)', 15000, 'cash', 0, 0, '2024-10-27', '2024-10-27');
INSERT INTO payments (payment_id, customer_id, staff_id, payment_date, service_id, service_name, total_amount, payment_method, cash_amount, card_amount, created_at, updated_at) VALUES ('aa33680c-7f8d-4127-971a-7b99a054d5e2', 'e32fe5a8-d923-4c3b-a6ea-3f4e03ad4979', 'f5b5eecc-9b97-11f0-b7ae-5a93b150659e', '2024-10-11', '7cfc9898-9d10-11f0-8e8d-b2353c7546ec', '美骨小顔コルギ(60分)', 15000, 'cash', 15000, 0, '2024-10-11', '2024-10-11');
INSERT INTO payments (payment_id, customer_id, staff_id, payment_date, service_id, service_name, total_amount, payment_method, cash_amount, card_amount, created_at, updated_at) VALUES ('ab256cea-383c-4072-ae57-2504122b7810', '20d62638-c5be-46cd-94e4-250acfa17405', 'f5b5eecc-9b97-11f0-b7ae-5a93b150659e', '2025-10-22', '937a225d-9d10-11f0-8e8d-b2353c7546ec', '美骨小顔コルギ(90分)', 19000, 'card', 0, 19000, '2025-10-22', '2025-10-22');
INSERT INTO payments (payment_id, customer_id, staff_id, payment_date, service_id, service_name, total_amount, payment_method, cash_amount, card_amount, created_at, updated_at) VALUES ('a5173f45-a47e-470c-8a2b-f025955a7f17', '324796c0-febd-4139-bb9e-0fd095b6f323', 'cc69b300-9b97-11f0-b7ae-5a93b150659e', '2025-09-24', '7cfc9898-9d10-11f0-8e8d-b2353c7546ec', '美骨小顔コルギ(60分)', 15000, 'card', 0, 15000, '2025-09-24', '2025-09-24');
INSERT INTO payments (payment_id, customer_id, staff_id, payment_date, service_id, service_name, total_amount, payment_method, cash_amount, card_amount, created_at, updated_at) VALUES ('8b13eb5c-4d40-4ab2-9f3e-fcbdee9e2a53', '4169014a-5d22-4799-bfc5-fe992533d060', 'cc69b300-9b97-11f0-b7ae-5a93b150659e', '2024-10-20', '7cfc9898-9d10-11f0-8e8d-b2353c7546ec', '美骨小顔コルギ(60分)', 15000, 'card', 0, 15000, '2024-10-20', '2024-10-20');
INSERT INTO payments (payment_id, customer_id, staff_id, payment_date, service_id, service_name, total_amount, payment_method, cash_amount, card_amount, created_at, updated_at) VALUES ('f16110d1-8901-4653-9ab5-67e1dc231ce5', 'd0fb0a65-ed17-4945-8e2e-12e524a94cc4', 'cc69b300-9b97-11f0-b7ae-5a93b150659e', '2024-04-08', '937a225d-9d10-11f0-8e8d-b2353c7546ec', '美骨小顔コルギ(90分)', 19000, 'cash', 0, 0, '2024-04-08', '2024-04-08');
INSERT INTO payments (payment_id, customer_id, staff_id, payment_date, service_id, service_name, total_amount, payment_method, cash_amount, card_amount, created_at, updated_at) VALUES ('6a885ee9-e713-4b01-90b7-df2aa131eae6', 'cd411240-8ea8-4736-aa09-b6cdf32d0514', 'cc69b300-9b97-11f0-b7ae-5a93b150659e', '2024-07-08', '7cfc9898-9d10-11f0-8e8d-b2353c7546ec', '美骨小顔コルギ(60分)', 15000, 'cash', 15000, 0, '2024-07-08', '2024-07-08');
INSERT INTO payments (payment_id, customer_id, staff_id, payment_date, service_id, service_name, total_amount, payment_method, cash_amount, card_amount, created_at, updated_at) VALUES ('6389f812-ee5a-4c08-84cd-36fc18f6b21c', 'd48499d8-03ff-4d00-814b-a43b5ef1f9cb', 'f5b5eecc-9b97-11f0-b7ae-5a93b150659e', '2025-12-24', '937a225d-9d10-11f0-8e8d-b2353c7546ec', '美骨小顔コルギ(90分)', 19000, 'cash', 19000, 0, '2025-12-24', '2025-12-24');
INSERT INTO payments (payment_id, customer_id, staff_id, payment_date, service_id, service_name, total_amount, payment_method, cash_amount, card_amount, created_at, updated_at) VALUES ('aaa50a99-db0e-45d2-b830-a962803fe0cf', 'd2ec3b95-1326-4beb-9183-2275954d8b98', 'cc69b300-9b97-11f0-b7ae-5a93b150659e', '2024-08-04', '937a225d-9d10-11f0-8e8d-b2353c7546ec', '美骨小顔コルギ(90分)', 19000, 'cash', 0, 0, '2024-08-04', '2024-08-04');
INSERT INTO payments (payment_id, customer_id, staff_id, payment_date, service_id, service_name, total_amount, payment_method, cash_amount, card_amount, created_at, updated_at) VALUES ('9c6c618b-0a3d-4708-9274-c1c0af011d6d', 'ddd79fd0-bd34-4ede-9edd-5c2e5e1e2a6b', 'cc69b300-9b97-11f0-b7ae-5a93b150659e', '2024-09-28', '7cfc9898-9d10-11f0-8e8d-b2353c7546ec', '美骨小顔コルギ(60分)', 15000, 'card', 0, 15000, '2024-09-28', '2024-09-28');
INSERT INTO customer_tickets (customer_ticket_id, customer_id, plan_id, purchase_date, expiry_date, sessions_remaining, purchase_price) VALUES ('4d504ecc-6c5a-480b-bcec-8df255b5e58c', 'ca863843-78d3-4655-bc6b-91741d36074c', '6d51a07c-9eae-11f0-a8d1-362b931374cc', '2024-04-24', '2025-04-24', 3, 16500);
INSERT INTO payments (payment_id, customer_id, staff_id, payment_date, service_name, total_amount, payment_method, cash_amount, card_amount, created_at, updated_at) VALUES ('83a33cc2-6375-47e8-b386-ad671bd5be80', 'ca863843-78d3-4655-bc6b-91741d36074c', 'deabe83a-9b97-11f0-b7ae-5a93b150659e', '2024-04-24', 'キャビテーション3回券', 16500, 'cash', 16500, 0, '2024-04-24', '2024-04-24');
INSERT INTO ticket_payments (payment_id, customer_ticket_id, payment_date, amount_paid, payment_method) VALUES ('83a33cc2-6375-47e8-b386-ad671bd5be80', '4d504ecc-6c5a-480b-bcec-8df255b5e58c', '2024-04-24', 16500, 'cash');
INSERT INTO payments (payment_id, customer_id, staff_id, payment_date, service_id, service_name, total_amount, payment_method, cash_amount, card_amount, created_at, updated_at) VALUES ('3f88fdab-e5b0-441a-91fe-fa79793cdd34', '4a5b665e-52ed-4d88-a90f-23825be339c3', 'f5b5eecc-9b97-11f0-b7ae-5a93b150659e', '2025-11-10', '7cfc9898-9d10-11f0-8e8d-b2353c7546ec', '美骨小顔コルギ(60分)', 15000, 'card', 0, 15000, '2025-11-10', '2025-11-10');
INSERT INTO payments (payment_id, customer_id, staff_id, payment_date, service_id, service_name, total_amount, payment_method, cash_amount, card_amount, created_at, updated_at) VALUES ('2dd4231b-9b01-4380-ae70-6f0865528425', '0f03b429-c47a-482e-ab36-4523424fa6e9', 'cc69b300-9b97-11f0-b7ae-5a93b150659e', '2025-10-03', '937a225d-9d10-11f0-8e8d-b2353c7546ec', '美骨小顔コルギ(90分)', 19000, 'cash', 0, 0, '2025-10-03', '2025-10-03');
INSERT INTO payments (payment_id, customer_id, staff_id, payment_date, service_id, service_name, total_amount, payment_method, cash_amount, card_amount, created_at, updated_at) VALUES ('46647c32-23da-4b89-ac9a-142157e6da77', 'a5896fb8-0354-46a8-bac1-fa6d0be6d540', 'cc69b300-9b97-11f0-b7ae-5a93b150659e', '2025-08-23', '2ffd7ad2-9eae-11f0-a8d1-362b931374cc', 'キャビテーション', 6000, 'cash', 0, 0, '2025-08-23', '2025-08-23');
INSERT INTO customer_tickets (customer_ticket_id, customer_id, plan_id, purchase_date, expiry_date, sessions_remaining, purchase_price) VALUES ('0b4d7e36-3e25-4bab-a6fe-61b37177f5c3', '3c07358a-6321-45a0-8610-bb9b934e813f', '7d0b8322-9eae-11f0-a8d1-362b931374cc', '2024-03-03', '2025-03-03', 2, 25000);
INSERT INTO payments (payment_id, customer_id, staff_id, payment_date, service_name, total_amount, payment_method, cash_amount, card_amount, created_at, updated_at) VALUES ('b0f2aab2-fb0e-4f98-9ef9-61d0d00db1f2', '3c07358a-6321-45a0-8610-bb9b934e813f', 'f5b5eecc-9b97-11f0-b7ae-5a93b150659e', '2024-03-03', 'キャビテーション5回券', 25000, 'cash', 25000, 0, '2024-03-03', '2024-03-03');
INSERT INTO ticket_payments (payment_id, customer_ticket_id, payment_date, amount_paid, payment_method) VALUES ('b0f2aab2-fb0e-4f98-9ef9-61d0d00db1f2', '0b4d7e36-3e25-4bab-a6fe-61b37177f5c3', '2024-03-03', 25000, 'cash');
INSERT INTO payments (payment_id, customer_id, staff_id, payment_date, service_id, service_name, total_amount, payment_method, cash_amount, card_amount, created_at, updated_at) VALUES ('e4ba651a-d599-4a98-971c-df3a249f68d6', '34698cf9-002e-498a-bbc0-cd9c7bf8e071', 'cc69b300-9b97-11f0-b7ae-5a93b150659e', '2024-10-18', '937a225d-9d10-11f0-8e8d-b2353c7546ec', '美骨小顔コルギ(90分)', 19000, 'cash', 0, 0, '2024-10-18', '2024-10-18');
INSERT INTO payments (payment_id, customer_id, staff_id, payment_date, service_id, service_name, total_amount, payment_method, cash_amount, card_amount, created_at, updated_at) VALUES ('56a96e30-d45a-4e9b-89bf-5b6d2bce89ea', 'e0c664d9-c274-4f40-af3d-9c5f220c6027', 'cc69b300-9b97-11f0-b7ae-5a93b150659e', '2024-01-04', '2ffd7ad2-9eae-11f0-a8d1-362b931374cc', 'キャビテーション', 6000, 'cash', 6000, 0, '2024-01-04', '2024-01-04');
INSERT INTO customer_tickets (customer_ticket_id, customer_id, plan_id, purchase_date, expiry_date, sessions_remaining, purchase_price) VALUES ('b68e4929-d45b-43da-987f-db1133eb1853', '68fef161-4178-41d3-bed4-d7e5bc6beb2d', '7d0b8322-9eae-11f0-a8d1-362b931374cc', '2025-11-05', '2026-11-05', 6, 25000);
INSERT INTO payments (payment_id, customer_id, staff_id, payment_date, service_name, total_amount, payment_method, cash_amount, card_amount, created_at, updated_at) VALUES ('1efb2196-9459-48f6-b058-03042a6b6b74', '68fef161-4178-41d3-bed4-d7e5bc6beb2d', 'cc69b300-9b97-11f0-b7ae-5a93b150659e', '2025-11-05', 'キャビテーション5回券', 25000, 'card', 0, 25000, '2025-11-05', '2025-11-05');
INSERT INTO ticket_payments (payment_id, customer_ticket_id, payment_date, amount_paid, payment_method) VALUES ('1efb2196-9459-48f6-b058-03042a6b6b74', 'b68e4929-d45b-43da-987f-db1133eb1853', '2025-11-05', 25000, 'card');
INSERT INTO payments (payment_id, customer_id, staff_id, payment_date, service_id, service_name, total_amount, payment_method, cash_amount, card_amount, created_at, updated_at) VALUES ('ec92be2c-7b40-4f78-91bc-94b2889fe30f', '8ebea2bc-3a58-4fb8-89ae-1fd58ed770f7', 'cc69b300-9b97-11f0-b7ae-5a93b150659e', '2024-11-19', '7cfc9898-9d10-11f0-8e8d-b2353c7546ec', '美骨小顔コルギ(60分)', 15000, 'card', 0, 15000, '2024-11-19', '2024-11-19');
INSERT INTO payments (payment_id, customer_id, staff_id, payment_date, service_id, service_name, total_amount, payment_method, cash_amount, card_amount, created_at, updated_at) VALUES ('eb5edc7e-4cea-4f94-a67f-6aeaed4bea9d', 'c708f4d3-da8c-4b84-b8c8-94e7cea58dc7', 'f5b5eecc-9b97-11f0-b7ae-5a93b150659e', '2025-06-19', '2ffd7ad2-9eae-11f0-a8d1-362b931374cc', 'キャビテーション', 6000, 'cash', 6000, 0, '2025-06-19', '2025-06-19');
INSERT INTO payments (payment_id, customer_id, staff_id, payment_date, service_id, service_name, total_amount, payment_method, cash_amount, card_amount, created_at, updated_at) VALUES ('2e77f66b-fe41-4e86-8595-79161c7928ec', '794ed345-59a9-49af-a6a5-79d3bc86fae1', 'deabe83a-9b97-11f0-b7ae-5a93b150659e', '2025-09-10', '2ffd7ad2-9eae-11f0-a8d1-362b931374cc', 'キャビテーション', 6000, 'card', 0, 6000, '2025-09-10', '2025-09-10');
INSERT INTO customer_tickets (customer_ticket_id, customer_id, plan_id, purchase_date, expiry_date, sessions_remaining, purchase_price) VALUES ('9c382dcf-68be-4168-bfcb-7af28f6fec97', '4169014a-5d22-4799-bfc5-fe992533d060', '7d0b8322-9eae-11f0-a8d1-362b931374cc', '2024-03-10', '2025-03-10', 1, 25000);
INSERT INTO payments (payment_id, customer_id, staff_id, payment_date, service_name, total_amount, payment_method, cash_amount, card_amount, created_at, updated_at) VALUES ('9af149e5-ee81-4d17-8f96-ae515afb30ce', '4169014a-5d22-4799-bfc5-fe992533d060', 'cc69b300-9b97-11f0-b7ae-5a93b150659e', '2024-03-10', 'キャビテーション5回券', 25000, 'card', 0, 25000, '2024-03-10', '2024-03-10');
INSERT INTO ticket_payments (payment_id, customer_ticket_id, payment_date, amount_paid, payment_method) VALUES ('9af149e5-ee81-4d17-8f96-ae515afb30ce', '9c382dcf-68be-4168-bfcb-7af28f6fec97', '2024-03-10', 25000, 'card');
INSERT INTO payments (payment_id, customer_id, staff_id, payment_date, service_id, service_name, total_amount, payment_method, cash_amount, card_amount, created_at, updated_at) VALUES ('7459dd90-62da-4cd6-9d06-42e9cd8dcdf4', '826b8617-2232-4afd-9eb7-01be72c12eb0', 'deabe83a-9b97-11f0-b7ae-5a93b150659e', '2024-08-27', '937a225d-9d10-11f0-8e8d-b2353c7546ec', '美骨小顔コルギ(90分)', 19000, 'card', 0, 19000, '2024-08-27', '2024-08-27');
INSERT INTO payments (payment_id, customer_id, staff_id, payment_date, service_id, service_name, total_amount, payment_method, cash_amount, card_amount, created_at, updated_at) VALUES ('88db4852-aad3-4fe0-8b45-de8d6783dce8', '5f521a0f-74a7-4284-be41-7d9b68f32477', 'deabe83a-9b97-11f0-b7ae-5a93b150659e', '2024-09-02', '937a225d-9d10-11f0-8e8d-b2353c7546ec', '美骨小顔コルギ(90分)', 19000, 'cash', 0, 0, '2024-09-02', '2024-09-02');
INSERT INTO payments (payment_id, customer_id, staff_id, payment_date, service_id, service_name, total_amount, payment_method, cash_amount, card_amount, created_at, updated_at) VALUES ('a3a1400e-8322-44fd-aa97-15dd0eef2d05', '804eca98-3699-4ad7-b932-844762cdf6da', 'deabe83a-9b97-11f0-b7ae-5a93b150659e', '2024-06-26', '7cfc9898-9d10-11f0-8e8d-b2353c7546ec', '美骨小顔コルギ(60分)', 15000, 'cash', 15000, 0, '2024-06-26', '2024-06-26');
INSERT INTO customer_tickets (customer_ticket_id, customer_id, plan_id, purchase_date, expiry_date, sessions_remaining, purchase_price) VALUES ('911f7c21-ef79-4748-87f2-0ba76d218a98', '6e055a24-65a2-4664-91ab-cea27708d3d2', '6d51a07c-9eae-11f0-a8d1-362b931374cc', '2025-04-05', '2026-04-05', 8, 16500);
INSERT INTO payments (payment_id, customer_id, staff_id, payment_date, service_name, total_amount, payment_method, cash_amount, card_amount, created_at, updated_at) VALUES ('244ffecd-c182-40b7-925c-50bab5767903', '6e055a24-65a2-4664-91ab-cea27708d3d2', 'cc69b300-9b97-11f0-b7ae-5a93b150659e', '2025-04-05', 'キャビテーション3回券', 16500, 'card', 0, 16500, '2025-04-05', '2025-04-05');
INSERT INTO ticket_payments (payment_id, customer_ticket_id, payment_date, amount_paid, payment_method) VALUES ('244ffecd-c182-40b7-925c-50bab5767903', '911f7c21-ef79-4748-87f2-0ba76d218a98', '2025-04-05', 16500, 'card');
INSERT INTO payments (payment_id, customer_id, staff_id, payment_date, service_id, service_name, total_amount, payment_method, cash_amount, card_amount, created_at, updated_at) VALUES ('0e36a4ae-6f43-412d-ad23-1e8f0419a452', 'a6b07c79-fb94-44b9-9693-2b109daa6bd3', 'cc69b300-9b97-11f0-b7ae-5a93b150659e', '2025-10-06', '7cfc9898-9d10-11f0-8e8d-b2353c7546ec', '美骨小顔コルギ(60分)', 15000, 'cash', 15000, 0, '2025-10-06', '2025-10-06');
INSERT INTO payments (payment_id, customer_id, staff_id, payment_date, service_id, service_name, total_amount, payment_method, cash_amount, card_amount, created_at, updated_at) VALUES ('893e73b2-020e-420a-a1dd-681600602746', 'fa6a69d1-61f3-41d8-9c50-197b00480dda', 'cc69b300-9b97-11f0-b7ae-5a93b150659e', '2025-03-16', '7cfc9898-9d10-11f0-8e8d-b2353c7546ec', '美骨小顔コルギ(60分)', 15000, 'cash', 15000, 0, '2025-03-16', '2025-03-16');
INSERT INTO payments (payment_id, customer_id, staff_id, payment_date, service_id, service_name, total_amount, payment_method, cash_amount, card_amount, created_at, updated_at) VALUES ('5911e7bf-4756-43eb-8051-2f80d619e359', '24c74f4a-0498-4d54-beaa-2442acecdd6e', 'f5b5eecc-9b97-11f0-b7ae-5a93b150659e', '2024-06-10', '937a225d-9d10-11f0-8e8d-b2353c7546ec', '美骨小顔コルギ(90分)', 19000, 'cash', 0, 0, '2024-06-10', '2024-06-10');
INSERT INTO customer_tickets (customer_ticket_id, customer_id, plan_id, purchase_date, expiry_date, sessions_remaining, purchase_price) VALUES ('a677f943-3802-4ea0-99b9-bbf8f02360b4', '55d1552d-28e1-412c-969e-992f0058110c', '6d51a07c-9eae-11f0-a8d1-362b931374cc', '2025-10-20', '2026-10-20', 4, 16500);
INSERT INTO payments (payment_id, customer_id, staff_id, payment_date, service_name, total_amount, payment_method, cash_amount, card_amount, created_at, updated_at) VALUES ('6a36c02b-87c5-4b93-a75c-bc87c20bf261', '55d1552d-28e1-412c-969e-992f0058110c', 'deabe83a-9b97-11f0-b7ae-5a93b150659e', '2025-10-20', 'キャビテーション3回券', 16500, 'card', 0, 16500, '2025-10-20', '2025-10-20');
INSERT INTO ticket_payments (payment_id, customer_ticket_id, payment_date, amount_paid, payment_method) VALUES ('6a36c02b-87c5-4b93-a75c-bc87c20bf261', 'a677f943-3802-4ea0-99b9-bbf8f02360b4', '2025-10-20', 16500, 'card');
INSERT INTO payments (payment_id, customer_id, staff_id, payment_date, service_id, service_name, total_amount, payment_method, cash_amount, card_amount, created_at, updated_at) VALUES ('e8b9817d-ec28-4a0f-85f6-0d075d30e1c0', '7e3cfb36-e1a3-4209-a2dc-93e6ecc9c3de', 'deabe83a-9b97-11f0-b7ae-5a93b150659e', '2025-12-10', '2ffd7ad2-9eae-11f0-a8d1-362b931374cc', 'キャビテーション', 6000, 'cash', 6000, 0, '2025-12-10', '2025-12-10');
INSERT INTO payments (payment_id, customer_id, staff_id, payment_date, service_id, service_name, total_amount, payment_method, cash_amount, card_amount, created_at, updated_at) VALUES ('ee8662be-0634-4f52-9657-1ce9ccbff8ba', '75b1fffd-95c9-411a-9215-a4ce2899860a', 'deabe83a-9b97-11f0-b7ae-5a93b150659e', '2024-06-26', '7cfc9898-9d10-11f0-8e8d-b2353c7546ec', '美骨小顔コルギ(60分)', 15000, 'cash', 0, 0, '2024-06-26', '2024-06-26');
INSERT INTO customer_tickets (customer_ticket_id, customer_id, plan_id, purchase_date, expiry_date, sessions_remaining, purchase_price) VALUES ('c031cc72-e9a4-4de8-86f4-2da37a18f542', '5f521a0f-74a7-4284-be41-7d9b68f32477', '7d0b8322-9eae-11f0-a8d1-362b931374cc', '2024-12-24', '2025-12-24', 10, 25000);
INSERT INTO payments (payment_id, customer_id, staff_id, payment_date, service_name, total_amount, payment_method, cash_amount, card_amount, created_at, updated_at) VALUES ('dbe79d8b-5f90-4145-84c4-3956df307402', '5f521a0f-74a7-4284-be41-7d9b68f32477', 'f5b5eecc-9b97-11f0-b7ae-5a93b150659e', '2024-12-24', 'キャビテーション5回券', 25000, 'cash', 0, 0, '2024-12-24', '2024-12-24');
INSERT INTO ticket_payments (payment_id, customer_ticket_id, payment_date, amount_paid, payment_method) VALUES ('dbe79d8b-5f90-4145-84c4-3956df307402', 'c031cc72-e9a4-4de8-86f4-2da37a18f542', '2024-12-24', 25000, 'cash');
INSERT INTO payments (payment_id, customer_id, staff_id, payment_date, service_id, service_name, total_amount, payment_method, cash_amount, card_amount, created_at, updated_at) VALUES ('d332cda6-1e59-4836-a079-37f3bef8be35', 'a81978a1-cda1-4f10-9dfc-81d37f0c5e8d', 'deabe83a-9b97-11f0-b7ae-5a93b150659e', '2025-12-05', '937a225d-9d10-11f0-8e8d-b2353c7546ec', '美骨小顔コルギ(90分)', 19000, 'cash', 19000, 0, '2025-12-05', '2025-12-05');
INSERT INTO payments (payment_id, customer_id, staff_id, payment_date, service_id, service_name, total_amount, payment_method, cash_amount, card_amount, created_at, updated_at) VALUES ('df2e96a6-5e30-4fe5-8f58-8165b953a293', 'ab19345d-dcdd-44ee-be38-5420bc4bf673', 'f5b5eecc-9b97-11f0-b7ae-5a93b150659e', '2024-02-02', '2ffd7ad2-9eae-11f0-a8d1-362b931374cc', 'キャビテーション', 6000, 'cash', 0, 0, '2024-02-02', '2024-02-02');
INSERT INTO payments (payment_id, customer_id, staff_id, payment_date, service_id, service_name, total_amount, payment_method, cash_amount, card_amount, created_at, updated_at) VALUES ('07f7716a-b17c-4e30-a1cd-096271ca40ec', '7f9957e8-ff02-49c6-9b20-3ae310abb9c9', 'f5b5eecc-9b97-11f0-b7ae-5a93b150659e', '2025-06-26', '937a225d-9d10-11f0-8e8d-b2353c7546ec', '美骨小顔コルギ(90分)', 19000, 'card', 0, 19000, '2025-06-26', '2025-06-26');
INSERT INTO customer_tickets (customer_ticket_id, customer_id, plan_id, purchase_date, expiry_date, sessions_remaining, purchase_price) VALUES ('e9a4e42a-6617-49c9-888c-67f8d6b7cb10', 'edb3a1cd-40c8-4957-9989-4262a5529c72', '7d0b8322-9eae-11f0-a8d1-362b931374cc', '2025-09-05', '2026-09-05', 10, 25000);
INSERT INTO payments (payment_id, customer_id, staff_id, payment_date, service_name, total_amount, payment_method, cash_amount, card_amount, created_at, updated_at) VALUES ('64f8f18f-4308-49b3-96fc-dadb76a6837c', 'edb3a1cd-40c8-4957-9989-4262a5529c72', 'cc69b300-9b97-11f0-b7ae-5a93b150659e', '2025-09-05', 'キャビテーション5回券', 25000, 'card', 0, 25000, '2025-09-05', '2025-09-05');
INSERT INTO ticket_payments (payment_id, customer_ticket_id, payment_date, amount_paid, payment_method) VALUES ('64f8f18f-4308-49b3-96fc-dadb76a6837c', 'e9a4e42a-6617-49c9-888c-67f8d6b7cb10', '2025-09-05', 25000, 'card');
INSERT INTO payments (payment_id, customer_id, staff_id, payment_date, service_id, service_name, total_amount, payment_method, cash_amount, card_amount, created_at, updated_at) VALUES ('2814135f-af6d-4ba9-9f9d-5d0d9d75b57f', '224e0fed-0685-4d66-9b52-1c71021bda0a', 'cc69b300-9b97-11f0-b7ae-5a93b150659e', '2025-08-08', '2ffd7ad2-9eae-11f0-a8d1-362b931374cc', 'キャビテーション', 6000, 'cash', 6000, 0, '2025-08-08', '2025-08-08');
INSERT INTO payments (payment_id, customer_id, staff_id, payment_date, service_id, service_name, total_amount, payment_method, cash_amount, card_amount, created_at, updated_at) VALUES ('c7722a5f-4122-4460-92de-d15b7cffb532', 'cb4eb827-433f-4678-be90-624fab269afa', 'deabe83a-9b97-11f0-b7ae-5a93b150659e', '2024-08-09', '937a225d-9d10-11f0-8e8d-b2353c7546ec', '美骨小顔コルギ(90分)', 19000, 'cash', 0, 0, '2024-08-09', '2024-08-09');
INSERT INTO payments (payment_id, customer_id, staff_id, payment_date, service_id, service_name, total_amount, payment_method, cash_amount, card_amount, created_at, updated_at) VALUES ('c7d14477-6567-4931-90ac-6b58b3b5c448', '0104443a-eeef-4265-845e-fc70dad3b4fa', 'cc69b300-9b97-11f0-b7ae-5a93b150659e', '2024-08-07', '937a225d-9d10-11f0-8e8d-b2353c7546ec', '美骨小顔コルギ(90分)', 19000, 'cash', 19000, 0, '2024-08-07', '2024-08-07');
INSERT INTO payments (payment_id, customer_id, staff_id, payment_date, service_id, service_name, total_amount, payment_method, cash_amount, card_amount, created_at, updated_at) VALUES ('7f39e270-d9b9-4738-bf03-a10fbe152c0d', '5c599f78-33ec-4063-aa16-39d5612cd773', 'cc69b300-9b97-11f0-b7ae-5a93b150659e', '2024-03-16', '937a225d-9d10-11f0-8e8d-b2353c7546ec', '美骨小顔コルギ(90分)', 19000, 'cash', 19000, 0, '2024-03-16', '2024-03-16');
INSERT INTO customer_tickets (customer_ticket_id, customer_id, plan_id, purchase_date, expiry_date, sessions_remaining, purchase_price) VALUES ('8a5faadf-6ec8-4763-bedb-702eb61846bb', 'afd83f8e-58db-40eb-90d5-e700766e50a7', '6d51a07c-9eae-11f0-a8d1-362b931374cc', '2024-03-28', '2025-03-28', 6, 16500);
INSERT INTO payments (payment_id, customer_id, staff_id, payment_date, service_name, total_amount, payment_method, cash_amount, card_amount, created_at, updated_at) VALUES ('e1a36a0b-9277-4ed2-8abc-5fa49eda94de', 'afd83f8e-58db-40eb-90d5-e700766e50a7', 'f5b5eecc-9b97-11f0-b7ae-5a93b150659e', '2024-03-28', 'キャビテーション3回券', 16500, 'cash', 0, 0, '2024-03-28', '2024-03-28');
INSERT INTO ticket_payments (payment_id, customer_ticket_id, payment_date, amount_paid, payment_method) VALUES ('e1a36a0b-9277-4ed2-8abc-5fa49eda94de', '8a5faadf-6ec8-4763-bedb-702eb61846bb', '2024-03-28', 16500, 'cash');
INSERT INTO customer_tickets (customer_ticket_id, customer_id, plan_id, purchase_date, expiry_date, sessions_remaining, purchase_price) VALUES ('4a8ad362-be09-4fc5-9af5-4c1153a2f705', '18558043-0b3c-450e-bf03-cfddb0370091', '5b17a109-9d29-11f0-8e8d-b2353c7546ec', '2025-04-22', '2026-04-22', 6, 42500);
INSERT INTO payments (payment_id, customer_id, staff_id, payment_date, service_name, total_amount, payment_method, cash_amount, card_amount, created_at, updated_at) VALUES ('7c8bf621-6102-441c-a0c6-7a7154c5f620', '18558043-0b3c-450e-bf03-cfddb0370091', 'deabe83a-9b97-11f0-b7ae-5a93b150659e', '2025-04-22', '60分5回券(会員男性)', 42500, 'cash', 0, 0, '2025-04-22', '2025-04-22');
INSERT INTO ticket_payments (payment_id, customer_ticket_id, payment_date, amount_paid, payment_method) VALUES ('7c8bf621-6102-441c-a0c6-7a7154c5f620', '4a8ad362-be09-4fc5-9af5-4c1153a2f705', '2025-04-22', 42500, 'cash');
INSERT INTO customer_tickets (customer_ticket_id, customer_id, plan_id, purchase_date, expiry_date, sessions_remaining, purchase_price) VALUES ('5cdfc943-00ff-409d-b502-fe3be67a36e2', '1d4c376d-3a93-42f7-9862-cd169b58f2c8', '7d0b8322-9eae-11f0-a8d1-362b931374cc', '2024-04-25', '2025-04-25', 1, 25000);
INSERT INTO payments (payment_id, customer_id, staff_id, payment_date, service_name, total_amount, payment_method, cash_amount, card_amount, created_at, updated_at) VALUES ('67a24c6a-ec82-4938-9636-48424810b8e7', '1d4c376d-3a93-42f7-9862-cd169b58f2c8', 'deabe83a-9b97-11f0-b7ae-5a93b150659e', '2024-04-25', 'キャビテーション5回券', 25000, 'cash', 0, 0, '2024-04-25', '2024-04-25');
INSERT INTO ticket_payments (payment_id, customer_ticket_id, payment_date, amount_paid, payment_method) VALUES ('67a24c6a-ec82-4938-9636-48424810b8e7', '5cdfc943-00ff-409d-b502-fe3be67a36e2', '2024-04-25', 25000, 'cash');
INSERT INTO payments (payment_id, customer_id, staff_id, payment_date, service_id, service_name, total_amount, payment_method, cash_amount, card_amount, created_at, updated_at) VALUES ('0585ae11-ab3d-4ac7-a6e4-5c958da0540f', 'caa08af1-50e4-4672-b0d3-0b89d1a7ac08', 'deabe83a-9b97-11f0-b7ae-5a93b150659e', '2024-08-26', '937a225d-9d10-11f0-8e8d-b2353c7546ec', '美骨小顔コルギ(90分)', 19000, 'card', 0, 19000, '2024-08-26', '2024-08-26');
INSERT INTO payments (payment_id, customer_id, staff_id, payment_date, service_id, service_name, total_amount, payment_method, cash_amount, card_amount, created_at, updated_at) VALUES ('073b5dce-923c-4d30-a61f-d59a00dac24d', 'c4bd394c-3e30-44fe-9606-3fb4bfbe6fd4', 'deabe83a-9b97-11f0-b7ae-5a93b150659e', '2024-03-30', '2ffd7ad2-9eae-11f0-a8d1-362b931374cc', 'キャビテーション', 6000, 'cash', 0, 0, '2024-03-30', '2024-03-30');
INSERT INTO payments (payment_id, customer_id, staff_id, payment_date, service_id, service_name, total_amount, payment_method, cash_amount, card_amount, created_at, updated_at) VALUES ('62cc10dc-44df-40f9-93ec-c32863821ed6', 'e0c664d9-c274-4f40-af3d-9c5f220c6027', 'f5b5eecc-9b97-11f0-b7ae-5a93b150659e', '2024-11-25', '2ffd7ad2-9eae-11f0-a8d1-362b931374cc', 'キャビテーション', 6000, 'cash', 0, 0, '2024-11-25', '2024-11-25');
INSERT INTO customer_tickets (customer_ticket_id, customer_id, plan_id, purchase_date, expiry_date, sessions_remaining, purchase_price) VALUES ('21a6159b-32b1-4166-af77-ff0c23daa96a', 'af9f8277-950a-4de7-a9b4-54143c5fbc75', '7d0b8322-9eae-11f0-a8d1-362b931374cc', '2025-06-17', '2026-06-17', 10, 25000);
INSERT INTO payments (payment_id, customer_id, staff_id, payment_date, service_name, total_amount, payment_method, cash_amount, card_amount, created_at, updated_at) VALUES ('d069e2de-2e64-44b4-8a7a-959f3227995e', 'af9f8277-950a-4de7-a9b4-54143c5fbc75', 'deabe83a-9b97-11f0-b7ae-5a93b150659e', '2025-06-17', 'キャビテーション5回券', 25000, 'card', 0, 25000, '2025-06-17', '2025-06-17');
INSERT INTO ticket_payments (payment_id, customer_ticket_id, payment_date, amount_paid, payment_method) VALUES ('d069e2de-2e64-44b4-8a7a-959f3227995e', '21a6159b-32b1-4166-af77-ff0c23daa96a', '2025-06-17', 25000, 'card');
INSERT INTO payments (payment_id, customer_id, staff_id, payment_date, service_id, service_name, total_amount, payment_method, cash_amount, card_amount, created_at, updated_at) VALUES ('c89e454c-94e9-4a8f-882b-fd133eaa5822', '3adfe149-1345-4139-aede-e14e68ae95fa', 'cc69b300-9b97-11f0-b7ae-5a93b150659e', '2025-02-25', '2ffd7ad2-9eae-11f0-a8d1-362b931374cc', 'キャビテーション', 6000, 'card', 0, 6000, '2025-02-25', '2025-02-25');
INSERT INTO payments (payment_id, customer_id, staff_id, payment_date, service_id, service_name, total_amount, payment_method, cash_amount, card_amount, created_at, updated_at) VALUES ('da15feea-2835-4db3-bc77-416b06e2babb', '18c666a0-0112-4f51-97ed-c9543b895757', 'f5b5eecc-9b97-11f0-b7ae-5a93b150659e', '2024-02-08', '937a225d-9d10-11f0-8e8d-b2353c7546ec', '美骨小顔コルギ(90分)', 19000, 'cash', 19000, 0, '2024-02-08', '2024-02-08');
INSERT INTO customer_tickets (customer_ticket_id, customer_id, plan_id, purchase_date, expiry_date, sessions_remaining, purchase_price) VALUES ('c228d96e-588e-44da-bb11-78e4c98426f3', '80227226-45e9-416f-8e87-1c73aebecd9f', '5b17a109-9d29-11f0-8e8d-b2353c7546ec', '2024-12-14', '2025-12-14', 2, 42500);
INSERT INTO payments (payment_id, customer_id, staff_id, payment_date, service_name, total_amount, payment_method, cash_amount, card_amount, created_at, updated_at) VALUES ('ffb4b075-778d-40ca-bd1c-e3ff6e7b6151', '80227226-45e9-416f-8e87-1c73aebecd9f', 'f5b5eecc-9b97-11f0-b7ae-5a93b150659e', '2024-12-14', '60分5回券(会員男性)', 42500, 'card', 0, 42500, '2024-12-14', '2024-12-14');
INSERT INTO ticket_payments (payment_id, customer_ticket_id, payment_date, amount_paid, payment_method) VALUES ('ffb4b075-778d-40ca-bd1c-e3ff6e7b6151', 'c228d96e-588e-44da-bb11-78e4c98426f3', '2024-12-14', 42500, 'card');
INSERT INTO customer_tickets (customer_ticket_id, customer_id, plan_id, purchase_date, expiry_date, sessions_remaining, purchase_price) VALUES ('bed9e206-49ed-409a-ac83-5548df78c7d7', '60c4ceab-a1a3-4c4f-850b-192c82779008', '7d0b8322-9eae-11f0-a8d1-362b931374cc', '2024-08-15', '2025-08-15', 10, 25000);
INSERT INTO payments (payment_id, customer_id, staff_id, payment_date, service_name, total_amount, payment_method, cash_amount, card_amount, created_at, updated_at) VALUES ('5a24fe32-2072-4785-a5fb-ea0107eb6926', '60c4ceab-a1a3-4c4f-850b-192c82779008', 'deabe83a-9b97-11f0-b7ae-5a93b150659e', '2024-08-15', 'キャビテーション5回券', 25000, 'cash', 25000, 0, '2024-08-15', '2024-08-15');
INSERT INTO ticket_payments (payment_id, customer_ticket_id, payment_date, amount_paid, payment_method) VALUES ('5a24fe32-2072-4785-a5fb-ea0107eb6926', 'bed9e206-49ed-409a-ac83-5548df78c7d7', '2024-08-15', 25000, 'cash');
INSERT INTO payments (payment_id, customer_id, staff_id, payment_date, service_id, service_name, total_amount, payment_method, cash_amount, card_amount, created_at, updated_at) VALUES ('5a157726-c98b-42a6-8c01-575c01594833', 'f88eec2e-c74c-4298-8e5f-3f3377909b34', 'f5b5eecc-9b97-11f0-b7ae-5a93b150659e', '2025-08-14', '937a225d-9d10-11f0-8e8d-b2353c7546ec', '美骨小顔コルギ(90分)', 19000, 'cash', 0, 0, '2025-08-14', '2025-08-14');
INSERT INTO customer_tickets (customer_ticket_id, customer_id, plan_id, purchase_date, expiry_date, sessions_remaining, purchase_price) VALUES ('4f3e0fff-1b6e-4aac-b665-14b31618c615', 'd6e97e9c-3b16-437b-86f8-8bd2e1b95fea', '6d51a07c-9eae-11f0-a8d1-362b931374cc', '2025-04-02', '2026-04-02', 1, 16500);
INSERT INTO payments (payment_id, customer_id, staff_id, payment_date, service_name, total_amount, payment_method, cash_amount, card_amount, created_at, updated_at) VALUES ('3f3e72ce-f097-4e2a-a495-0103b6fdc17f', 'd6e97e9c-3b16-437b-86f8-8bd2e1b95fea', 'deabe83a-9b97-11f0-b7ae-5a93b150659e', '2025-04-02', 'キャビテーション3回券', 16500, 'cash', 16500, 0, '2025-04-02', '2025-04-02');
INSERT INTO ticket_payments (payment_id, customer_ticket_id, payment_date, amount_paid, payment_method) VALUES ('3f3e72ce-f097-4e2a-a495-0103b6fdc17f', '4f3e0fff-1b6e-4aac-b665-14b31618c615', '2025-04-02', 16500, 'cash');
INSERT INTO payments (payment_id, customer_id, staff_id, payment_date, service_id, service_name, total_amount, payment_method, cash_amount, card_amount, created_at, updated_at) VALUES ('c048ba43-a92b-4b57-b1a9-c7161dccfeb3', '7f7c7af1-ea6b-406c-9161-b38481627bcd', 'cc69b300-9b97-11f0-b7ae-5a93b150659e', '2025-12-27', '7cfc9898-9d10-11f0-8e8d-b2353c7546ec', '美骨小顔コルギ(60分)', 15000, 'cash', 0, 0, '2025-12-27', '2025-12-27');
INSERT INTO payments (payment_id, customer_id, staff_id, payment_date, service_id, service_name, total_amount, payment_method, cash_amount, card_amount, created_at, updated_at) VALUES ('c2b4ddbf-9542-4851-8641-a0c4033b9608', 'd6aa386d-6c7d-4927-88d9-11bd31fff2e0', 'f5b5eecc-9b97-11f0-b7ae-5a93b150659e', '2024-05-25', '937a225d-9d10-11f0-8e8d-b2353c7546ec', '美骨小顔コルギ(90分)', 19000, 'cash', 0, 0, '2024-05-25', '2024-05-25');
INSERT INTO payments (payment_id, customer_id, staff_id, payment_date, service_id, service_name, total_amount, payment_method, cash_amount, card_amount, created_at, updated_at) VALUES ('ee3e9f76-0991-4330-ab23-c1f79753d8c3', 'fbe4f5b8-7f93-4b50-b014-d345928c6fb3', 'deabe83a-9b97-11f0-b7ae-5a93b150659e', '2024-03-21', '937a225d-9d10-11f0-8e8d-b2353c7546ec', '美骨小顔コルギ(90分)', 19000, 'cash', 0, 0, '2024-03-21', '2024-03-21');
INSERT INTO payments (payment_id, customer_id, staff_id, payment_date, service_id, service_name, total_amount, payment_method, cash_amount, card_amount, created_at, updated_at) VALUES ('256d5d4d-7376-471c-959a-ce2f63d4893b', 'b65c3b0a-8487-462b-8464-f1abb402a53d', 'cc69b300-9b97-11f0-b7ae-5a93b150659e', '2024-06-05', '7cfc9898-9d10-11f0-8e8d-b2353c7546ec', '美骨小顔コルギ(60分)', 15000, 'card', 0, 15000, '2024-06-05', '2024-06-05');
INSERT INTO customer_tickets (customer_ticket_id, customer_id, plan_id, purchase_date, expiry_date, sessions_remaining, purchase_price) VALUES ('beaf40e7-7e9a-4691-ae9d-b8e3c54b7b3d', '78a76b0c-0d20-4e35-957e-5dc19f92f381', '7d0b8322-9eae-11f0-a8d1-362b931374cc', '2025-05-27', '2026-05-27', 10, 25000);
INSERT INTO payments (payment_id, customer_id, staff_id, payment_date, service_name, total_amount, payment_method, cash_amount, card_amount, created_at, updated_at) VALUES ('bafd163d-5059-44ac-a6c9-c971a0964a9c', '78a76b0c-0d20-4e35-957e-5dc19f92f381', 'f5b5eecc-9b97-11f0-b7ae-5a93b150659e', '2025-05-27', 'キャビテーション5回券', 25000, 'cash', 0, 0, '2025-05-27', '2025-05-27');
INSERT INTO ticket_payments (payment_id, customer_ticket_id, payment_date, amount_paid, payment_method) VALUES ('bafd163d-5059-44ac-a6c9-c971a0964a9c', 'beaf40e7-7e9a-4691-ae9d-b8e3c54b7b3d', '2025-05-27', 25000, 'cash');
INSERT INTO customer_tickets (customer_ticket_id, customer_id, plan_id, purchase_date, expiry_date, sessions_remaining, purchase_price) VALUES ('2bd881c5-062e-4e4f-8cba-8d5b8732afac', '637a914e-4a16-4861-9b8b-8cf1e848b2bb', '5b17a109-9d29-11f0-8e8d-b2353c7546ec', '2025-04-17', '2026-04-17', 6, 42500);
INSERT INTO payments (payment_id, customer_id, staff_id, payment_date, service_name, total_amount, payment_method, cash_amount, card_amount, created_at, updated_at) VALUES ('bd5f5a50-4884-455d-9ddd-35a0a8cf09e3', '637a914e-4a16-4861-9b8b-8cf1e848b2bb', 'cc69b300-9b97-11f0-b7ae-5a93b150659e', '2025-04-17', '60分5回券(会員男性)', 42500, 'cash', 42500, 0, '2025-04-17', '2025-04-17');
INSERT INTO ticket_payments (payment_id, customer_ticket_id, payment_date, amount_paid, payment_method) VALUES ('bd5f5a50-4884-455d-9ddd-35a0a8cf09e3', '2bd881c5-062e-4e4f-8cba-8d5b8732afac', '2025-04-17', 42500, 'cash');
INSERT INTO customer_tickets (customer_ticket_id, customer_id, plan_id, purchase_date, expiry_date, sessions_remaining, purchase_price) VALUES ('2b74a0da-ab61-4a10-8c89-bbd37f2904c0', '1ae82d69-ee8c-424b-a5a4-da87feda4e09', '6d51a07c-9eae-11f0-a8d1-362b931374cc', '2025-06-21', '2026-06-21', 4, 16500);
INSERT INTO payments (payment_id, customer_id, staff_id, payment_date, service_name, total_amount, payment_method, cash_amount, card_amount, created_at, updated_at) VALUES ('7a9c46ab-6e55-4cbc-b651-d670ad591b23', '1ae82d69-ee8c-424b-a5a4-da87feda4e09', 'cc69b300-9b97-11f0-b7ae-5a93b150659e', '2025-06-21', 'キャビテーション3回券', 16500, 'cash', 0, 0, '2025-06-21', '2025-06-21');
INSERT INTO ticket_payments (payment_id, customer_ticket_id, payment_date, amount_paid, payment_method) VALUES ('7a9c46ab-6e55-4cbc-b651-d670ad591b23', '2b74a0da-ab61-4a10-8c89-bbd37f2904c0', '2025-06-21', 16500, 'cash');
INSERT INTO payments (payment_id, customer_id, staff_id, payment_date, service_id, service_name, total_amount, payment_method, cash_amount, card_amount, created_at, updated_at) VALUES ('38ccaeec-d48e-4d38-a2fd-76563123c5c4', 'd6aa386d-6c7d-4927-88d9-11bd31fff2e0', 'f5b5eecc-9b97-11f0-b7ae-5a93b150659e', '2024-08-25', '2ffd7ad2-9eae-11f0-a8d1-362b931374cc', 'キャビテーション', 6000, 'cash', 0, 0, '2024-08-25', '2024-08-25');
INSERT INTO payments (payment_id, customer_id, staff_id, payment_date, service_id, service_name, total_amount, payment_method, cash_amount, card_amount, created_at, updated_at) VALUES ('d4a42a1e-bac2-4afe-85c9-10fdb06dbeb9', '8ac1a81f-0caf-4a80-bd54-7026f9e54bdd', 'cc69b300-9b97-11f0-b7ae-5a93b150659e', '2024-08-07', '7cfc9898-9d10-11f0-8e8d-b2353c7546ec', '美骨小顔コルギ(60分)', 15000, 'card', 0, 15000, '2024-08-07', '2024-08-07');
INSERT INTO payments (payment_id, customer_id, staff_id, payment_date, service_id, service_name, total_amount, payment_method, cash_amount, card_amount, created_at, updated_at) VALUES ('48750b02-9daa-4962-a8ca-f556d46a3cba', '0ff56123-d3d5-4e1f-b1e9-48d1f330a719', 'deabe83a-9b97-11f0-b7ae-5a93b150659e', '2025-02-27', '2ffd7ad2-9eae-11f0-a8d1-362b931374cc', 'キャビテーション', 6000, 'cash', 6000, 0, '2025-02-27', '2025-02-27');
INSERT INTO payments (payment_id, customer_id, staff_id, payment_date, service_id, service_name, total_amount, payment_method, cash_amount, card_amount, created_at, updated_at) VALUES ('2d062a17-1344-4586-ad65-695d15e5ae66', 'ed5a32e3-b73c-4428-91fc-205bf720302d', 'deabe83a-9b97-11f0-b7ae-5a93b150659e', '2025-08-26', '937a225d-9d10-11f0-8e8d-b2353c7546ec', '美骨小顔コルギ(90分)', 19000, 'card', 0, 19000, '2025-08-26', '2025-08-26');
INSERT INTO payments (payment_id, customer_id, staff_id, payment_date, service_id, service_name, total_amount, payment_method, cash_amount, card_amount, created_at, updated_at) VALUES ('439e9eec-c5d5-457e-bd05-aa174722a54e', '80227226-45e9-416f-8e87-1c73aebecd9f', 'f5b5eecc-9b97-11f0-b7ae-5a93b150659e', '2025-06-06', '937a225d-9d10-11f0-8e8d-b2353c7546ec', '美骨小顔コルギ(90分)', 19000, 'card', 0, 19000, '2025-06-06', '2025-06-06');
INSERT INTO customer_tickets (customer_ticket_id, customer_id, plan_id, purchase_date, expiry_date, sessions_remaining, purchase_price) VALUES ('3c2a4ab6-734f-47e5-9f79-65116148f1b2', 'b65c3b0a-8487-462b-8464-f1abb402a53d', '6d51a07c-9eae-11f0-a8d1-362b931374cc', '2025-06-24', '2026-06-24', 5, 16500);
INSERT INTO payments (payment_id, customer_id, staff_id, payment_date, service_name, total_amount, payment_method, cash_amount, card_amount, created_at, updated_at) VALUES ('784121dc-4780-46f5-aac6-a8602c077486', 'b65c3b0a-8487-462b-8464-f1abb402a53d', 'cc69b300-9b97-11f0-b7ae-5a93b150659e', '2025-06-24', 'キャビテーション3回券', 16500, 'cash', 0, 0, '2025-06-24', '2025-06-24');
INSERT INTO ticket_payments (payment_id, customer_ticket_id, payment_date, amount_paid, payment_method) VALUES ('784121dc-4780-46f5-aac6-a8602c077486', '3c2a4ab6-734f-47e5-9f79-65116148f1b2', '2025-06-24', 16500, 'cash');
INSERT INTO payments (payment_id, customer_id, staff_id, payment_date, service_id, service_name, total_amount, payment_method, cash_amount, card_amount, created_at, updated_at) VALUES ('2ec303bd-d21c-44ad-aaf6-1401454c29ce', '355d756d-0a7f-4897-b31b-cea34ca19460', 'deabe83a-9b97-11f0-b7ae-5a93b150659e', '2025-01-30', '2ffd7ad2-9eae-11f0-a8d1-362b931374cc', 'キャビテーション', 6000, 'cash', 0, 0, '2025-01-30', '2025-01-30');
INSERT INTO payments (payment_id, customer_id, staff_id, payment_date, service_id, service_name, total_amount, payment_method, cash_amount, card_amount, created_at, updated_at) VALUES ('ef7c3c4d-7036-4007-955c-25f7db6894a1', 'aab84bc0-4e1c-4170-9e63-987e56ce595a', 'deabe83a-9b97-11f0-b7ae-5a93b150659e', '2025-06-10', '937a225d-9d10-11f0-8e8d-b2353c7546ec', '美骨小顔コルギ(90分)', 19000, 'cash', 19000, 0, '2025-06-10', '2025-06-10');
INSERT INTO payments (payment_id, customer_id, staff_id, payment_date, service_id, service_name, total_amount, payment_method, cash_amount, card_amount, created_at, updated_at) VALUES ('e913bdb3-e6d0-4fda-8642-50241cb3de16', 'd6e97e9c-3b16-437b-86f8-8bd2e1b95fea', 'f5b5eecc-9b97-11f0-b7ae-5a93b150659e', '2025-08-29', '7cfc9898-9d10-11f0-8e8d-b2353c7546ec', '美骨小顔コルギ(60分)', 15000, 'card', 0, 15000, '2025-08-29', '2025-08-29');
INSERT INTO payments (payment_id, customer_id, staff_id, payment_date, service_id, service_name, total_amount, payment_method, cash_amount, card_amount, created_at, updated_at) VALUES ('6554009f-a2e1-4841-9524-098694350a00', '31ec8bdf-3ff1-4dbd-8d3c-f684398b6139', 'deabe83a-9b97-11f0-b7ae-5a93b150659e', '2024-12-15', '937a225d-9d10-11f0-8e8d-b2353c7546ec', '美骨小顔コルギ(90分)', 19000, 'cash', 0, 0, '2024-12-15', '2024-12-15');
INSERT INTO payments (payment_id, customer_id, staff_id, payment_date, service_id, service_name, total_amount, payment_method, cash_amount, card_amount, created_at, updated_at) VALUES ('2f220b5b-89fc-4c44-9ad6-7454236d0a9a', 'a6b07c79-fb94-44b9-9693-2b109daa6bd3', 'deabe83a-9b97-11f0-b7ae-5a93b150659e', '2025-12-22', '2ffd7ad2-9eae-11f0-a8d1-362b931374cc', 'キャビテーション', 6000, 'card', 0, 6000, '2025-12-22', '2025-12-22');
INSERT INTO payments (payment_id, customer_id, staff_id, payment_date, service_id, service_name, total_amount, payment_method, cash_amount, card_amount, created_at, updated_at) VALUES ('17fde9fa-2605-4085-8ea6-de1b4af4a10b', 'f5a4ebef-eb66-456a-bed4-f9b4554b5b09', 'f5b5eecc-9b97-11f0-b7ae-5a93b150659e', '2025-01-16', '2ffd7ad2-9eae-11f0-a8d1-362b931374cc', 'キャビテーション', 6000, 'cash', 6000, 0, '2025-01-16', '2025-01-16');